gsis_id,player_name,player_display_name,position,position_group,headshot_url,season,week,season_type,game_id,team,opponent_team,completions,attempts,passing_yards,passing_tds,passing_interceptions,sacks_suffered,sack_yards_lost,sack_fumbles,sack_fumbles_lost,passing_air_yards,passing_yards_after_catch,passing_first_downs,passing_epa,passing_cpoe,passing_2pt_conversions,pacr,passing_10,passing_16,passing_20,passing_40,carries,rushing_yards,rushing_tds,rushing_fumbles,rushing_fumbles_lost,rushing_first_downs,rushing_epa,rushing_2pt_conversions,rushing_10,rushing_12,rushing_20,rushing_40,receptions,targets,receiving_yards,receiving_tds,receiving_fumbles,receiving_fumbles_lost,receiving_air_yards,receiving_yards_after_catch,receiving_first_downs,receiving_epa,receiving_2pt_conversions,receiving_10,receiving_16,receiving_20,receiving_40,racr,target_share,air_yards_share,wopr,special_teams_tds,def_tackles_solo,def_tackles_with_assist,def_tackle_assists,def_tackles_for_loss,def_tackles_for_loss_yards,def_fumbles_forced,def_sacks,def_sack_yards,def_qb_hits,def_interceptions,def_interception_yards,def_pass_defended,def_tds,def_fumbles,def_safeties,misc_yards,fumble_recovery_own,fumble_recovery_yards_own,fumble_recovery_opp,fumble_recovery_yards_opp,fumble_recovery_tds,penalties,penalty_yards,fumbles_forced_by_opp,fumbles_not_forced,fumbles_out_of_bounds,fumbles_total,fumbles_lost_total,punt_returns,punt_return_yards,kickoff_returns,kickoff_return_yards,fg_made,fg_att,fg_missed,fg_blocked,fg_long,fg_pct,fg_made_0_19,fg_made_20_29,fg_made_30_39,fg_made_40_49,fg_made_50_59,fg_made_60_,fg_missed_0_19,fg_missed_20_29,fg_missed_30_39,fg_missed_40_49,fg_missed_50_59,fg_missed_60_,fg_made_list,fg_missed_list,fg_blocked_list,fg_made_distance,fg_missed_distance,fg_blocked_distance,pat_made,pat_att,pat_missed,pat_blocked,pat_pct,gwfg_made,gwfg_att,gwfg_missed,gwfg_blocked,gwfg_distance,pt_att,pt_blocked,pt_long,pt_yards,pt_inside_20,pt_out_of_bounds,pt_downed,pt_touchback,pt_fair_caught,pt_returned,pt_return_yards,pt_return_tds,pt_net_yards,fantasy_points,fantasy_points_ppr,name,rb_adp_rank
00-0032764,D.Henry,Derrick Henry,RB,RB,"https://static.www.nfl.com/image/upload/f_auto,q_auto/league/jxtikemnvpkw9r0ex2wv",2016,1,REG,2016_01_MIN_TEN,TEN,MIN,0,0,0,0,0,0,0,0,0,0,0,0,,,0,,0,0,0,0,5,3,0,0,0,0,-4.6873253362719,0,0,0,0,0,2,2,41,0,0,0,2,39,2,3.39572053402662,0,2,1,1,0,20.5,0.0487804878048781,0.0063694267515923,0.0776293304334317,0,0,0,0,0,0,0,0.0,0.0,0,0,0,0,0,0,0,0,0,0,0,0,0,0,0,0,0,0,0,0,0,0,0,0,0,0,0,0,,,0,0,0,0,0,0,0,0,0,0,0,0,,,,0,0,0,0,0,0,0,,0,0,0,0,0,0,0,,0,0,0,0,0,0,0,0,0,0,4.4,6.4,Derrick Henry,9
00-0032764,D.Henry,Derrick Henry,RB,RB,"https://static.www.nfl.com/image/upload/f_auto,q_auto/league/jxtikemnvpkw9r0ex2wv",2016,2,REG,2016_02_TEN_DET,TEN,DET,0,0,0,0,0,0,0,0,0,0,0,0,,,0,,0,0,0,0,9,40,0,0,0,3,0.510468654974829,0,0,0,0,0,1,1,9,0,0,0,1,8,0,0.801682739052922,0,0,0,0,0,9.0,0.0303030303030303,0.0041666666666666,0.0483712121212121,0,0,0,0,0,0,0,0.0,0.0,0,0,0,0,0,0,0,0,0,0,0,0,0,0,0,0,0,0,0,0,0,0,0,0,0,0,0,0,,,0,0,0,0,0,0,0,0,0,0,0,0,,,,0,0,0,0,0,0,0,,0,0,0,0,0,0,0,,0,0,0,0,0,0,0,0,0,0,4.9,5.9,Derrick Henry,9
00-0032764,D.Henry,Derrick Henry,RB,RB,"https://static.www.nfl.com/image/upload/f_auto,q_auto/league/jxtikemnvpkw9r0ex2wv",2016,3,REG,2016_03_OAK_TEN,TEN,LV,0,0,0,0,0,0,0,0,0,0,0,0,,,0,,0,0,0,0,10,45,0,0,0,4,-0.795549982925877,0,1,1,0,0,0,0,0,0,0,0,0,0,0,,0,0,0,0,0,,0.0,0.0,0.0,0,0,0,0,0,0,0,0.0,0.0,0,0,0,0,0,0,0,0,0,0,0,0,0,0,0,0,0,0,0,0,0,0,0,0,0,0,0,0,,,0,0,0,0,0,0,0,0,0,0,0,0,,,,0,0,0,0,0,0,0,,0,0,0,0,0,0,0,,0,0,0,0,0,0,0,0,0,0,4.5,4.5,Derrick Henry,9
00-0032764,D.Henry,Derrick Henry,RB,RB,"https://static.www.nfl.com/image/upload/f_auto,q_auto/league/jxtikemnvpkw9r0ex2wv",2016,4,REG,2016_04_TEN_HOU,TEN,HOU,0,0,0,0,0,0,0,0,0,0,0,0,,,0,,0,0,0,0,3,9,0,0,0,1,-0.798780016368255,0,0,0,0,0,0,0,0,0,0,0,0,0,0,,0,0,0,0,0,,0.0,0.0,0.0,0,0,0,0,0,0,0,0.0,0.0,0,0,0,0,0,0,0,0,0,0,0,0,0,0,0,0,0,0,0,0,0,0,0,0,0,0,0,0,,,0,0,0,0,0,0,0,0,0,0,0,0,,,,0,0,0,0,0,0,0,,0,0,0,0,0,0,0,,0,0,0,0,0,0,0,0,0,0,0.9,0.9,Derrick Henry,9
00-0032764,D.Henry,Derrick Henry,RB,RB,"https://static.www.nfl.com/image/upload/f_auto,q_auto/league/jxtikemnvpkw9r0ex2wv",2016,5,REG,2016_05_TEN_MIA,TEN,MIA,0,0,0,0,0,0,0,0,0,0,0,0,,,0,,0,0,0,0,7,54,0,0,0,2,2.31152898038272,0,1,1,1,0,0,0,0,0,0,0,0,0,0,,0,0,0,0,0,,0.0,0.0,0.0,0,0,0,0,0,0,0,0.0,0.0,0,0,0,0,0,0,0,0,0,0,0,0,0,0,0,0,0,0,0,0,0,0,0,0,0,0,0,0,,,0,0,0,0,0,0,0,0,0,0,0,0,,,,0,0,0,0,0,0,0,,0,0,0,0,0,0,0,,0,0,0,0,0,0,0,0,0,0,5.4,5.4,Derrick Henry,9
00-0032764,D.Henry,Derrick Henry,RB,RB,"https://static.www.nfl.com/image/upload/f_auto,q_auto/league/jxtikemnvpkw9r0ex2wv",2016,6,REG,2016_06_CLE_TEN,TEN,CLE,0,0,0,0,0,0,0,0,0,0,0,0,,,0,,0,0,0,0,2,7,0,0,0,0,-0.481542054796591,0,0,0,0,0,2,2,20,0,0,0,4,16,0,-0.463240559445694,0,1,0,0,0,5.0,0.0833333333333333,0.0148698884758364,0.135408921933086,0,0,0,0,0,0,0,0.0,0.0,0,0,0,0,0,0,0,0,0,0,0,0,0,0,0,0,0,0,0,0,0,0,0,0,0,0,0,0,,,0,0,0,0,0,0,0,0,0,0,0,0,,,,0,0,0,0,0,0,0,,0,0,0,0,0,0,0,,0,0,0,0,0,0,0,0,0,0,2.7,4.7,Derrick Henry,9
00-0032764,D.Henry,Derrick Henry,RB,RB,"https://static.www.nfl.com/image/upload/f_auto,q_auto/league/jxtikemnvpkw9r0ex2wv",2016,7,REG,2016_07_IND_TEN,TEN,IND,0,0,0,0,0,0,0,0,0,0,0,0,,,0,,0,0,0,0,1,3,0,0,0,0,-0.380515294382349,0,0,0,0,0,0,1,0,0,0,0,2,0,0,-0.334642067027744,0,0,0,0,0,0.0,0.0277777777777778,0.006060606060606,0.0459090909090909,0,0,0,0,0,0,0,0.0,0.0,0,0,0,0,0,0,0,0,0,0,0,0,0,0,0,0,0,0,0,0,0,0,0,0,0,0,0,0,,,0,0,0,0,0,0,0,0,0,0,0,0,,,,0,0,0,0,0,0,0,,0,0,0,0,0,0,0,,0,0,0,0,0,0,0,0,0,0,0.3,0.3,Derrick Henry,9
00-0032764,D.Henry,Derrick Henry,RB,RB,"https://static.www.nfl.com/image/upload/f_auto,q_auto/league/jxtikemnvpkw9r0ex2wv",2016,8,REG,2016_08_JAX_TEN,TEN,JAX,0,0,0,0,0,0,0,0,0,0,0,0,,,0,,0,0,0,0,16,60,1,0,0,4,-1.30373774736654,0,2,1,0,0,4,5,37,0,0,0,8,34,2,-0.560917718064948,0,3,0,0,0,4.625,0.217391304347826,0.0437158469945355,0.356688049417914,0,0,0,0,0,0,0,0.0,0.0,0,0,0,0,0,0,0,0,0,0,0,0,0,0,0,0,0,0,0,0,0,0,0,0,0,0,0,0,,,0,0,0,0,0,0,0,0,0,0,0,0,,,,0,0,0,0,0,0,0,,0,0,0,0,0,0,0,,0,0,0,0,0,0,0,0,0,0,15.7,19.7,Derrick Henry,9
00-0032764,D.Henry,Derrick Henry,RB,RB,"https://static.www.nfl.com/image/upload/f_auto,q_auto/league/jxtikemnvpkw9r0ex2wv",2016,10,REG,2016_10_GB_TEN,TEN,GB,0,0,0,0,0,0,0,0,0,0,0,0,,,0,,0,0,0,0,9,31,0,0,0,1,-2.98517665558029,0,1,1,0,0,0,0,0,0,0,0,0,0,0,,0,0,0,0,0,,0.0,0.0,0.0,0,0,0,0,0,0,0,0.0,0.0,0,0,0,0,0,0,0,0,0,0,0,0,0,0,0,0,0,0,0,0,0,0,0,0,0,0,0,0,,,0,0,0,0,0,0,0,0,0,0,0,0,,,,0,0,0,0,0,0,0,,0,0,0,0,0,0,0,,0,0,0,0,0,0,0,0,0,0,3.1,3.1,Derrick Henry,9
00-0032764,D.Henry,Derrick Henry,RB,RB,"https://static.www.nfl.com/image/upload/f_auto,q_auto/league/jxtikemnvpkw9r0ex2wv",2016,12,REG,2016_12_TEN_CHI,TEN,CHI,0,0,0,0,0,0,0,0,0,0,0,0,,,0,,0,0,0,0,8,60,1,0,0,2,4.24699938925914,0,2,1,0,0,0,0,0,0,0,0,0,0,0,,0,0,0,0,0,,0.0,0.0,0.0,0,0,0,0,0,0,0,0.0,0.0,0,0,0,0,0,0,0,0,0,0,0,0,0,0,0,0,0,0,0,0,0,0,0,0,0,0,0,0,,,0,0,0,0,0,0,0,0,0,0,0,0,,,,0,0,0,0,0,0,0,,0,0,0,0,0,0,0,,0,0,0,0,0,0,0,0,0,0,12.0,12.0,Derrick Henry,9
00-0032764,D.Henry,Derrick Henry,RB,RB,"https://static.www.nfl.com/image/upload/f_auto,q_auto/league/jxtikemnvpkw9r0ex2wv",2016,14,REG,2016_14_DEN_TEN,TEN,DEN,0,0,0,0,0,0,0,0,0,0,0,0,,,0,,0,0,0,0,12,42,0,0,0,0,-1.43892768185469,0,0,0,0,0,1,1,5,0,0,0,-1,6,0,-0.161858862964436,0,0,0,0,0,-5.0,0.05,-0.0046082949308755,0.0717741935483871,0,0,0,0,0,0,0,0.0,0.0,0,0,0,0,0,0,0,0,0,0,0,0,0,0,0,0,0,0,0,0,0,0,0,0,0,0,0,0,,,0,0,0,0,0,0,0,0,0,0,0,0,,,,0,0,0,0,0,0,0,,0,0,0,0,0,0,0,,0,0,0,0,0,0,0,0,0,0,4.7,5.7,Derrick Henry,9
00-0032764,D.Henry,Derrick Henry,RB,RB,"https://static.www.nfl.com/image/upload/f_auto,q_auto/league/jxtikemnvpkw9r0ex2wv",2016,15,REG,2016_15_TEN_KC,TEN,KC,0,0,0,0,0,0,0,0,0,0,0,0,,,0,,0,0,0,0,9,58,2,0,0,6,4.88756083705812,0,3,2,0,0,0,0,0,0,0,0,0,0,0,,0,0,0,0,0,,0.0,0.0,0.0,0,0,0,0,0,0,0,0.0,0.0,0,0,0,0,0,0,0,0,0,0,0,0,0,0,0,0,0,0,0,0,0,0,0,0,0,0,0,0,,,0,0,0,0,0,0,0,0,0,0,0,0,,,,0,0,0,0,0,0,0,,0,0,0,0,0,0,0,,0,0,0,0,0,0,0,0,0,0,17.8,17.8,Derrick Henry,9
00-0032764,D.Henry,Derrick Henry,RB,RB,"https://static.www.nfl.com/image/upload/f_auto,q_auto/league/jxtikemnvpkw9r0ex2wv",2016,16,REG,2016_16_TEN_JAX,TEN,JAX,0,0,0,0,0,0,0,0,0,0,0,0,,,0,,0,0,0,0,4,13,0,0,0,1,-1.5596470743767,0,1,0,0,0,2,2,22,0,0,0,4,18,2,1.34042211103952,0,2,0,0,0,5.5,0.0476190476190476,0.0092807424593967,0.0779250911501492,0,0,0,0,0,0,0,0.0,0.0,0,0,0,0,0,0,0,0,0,0,0,0,0,0,0,0,0,0,0,0,0,0,0,0,0,0,0,0,,,0,0,0,0,0,0,0,0,0,0,0,0,,,,0,0,0,0,0,0,0,,0,0,0,0,0,0,0,,0,0,0,0,0,0,0,0,0,0,3.5,5.5,Derrick Henry,9
00-0032764,D.Henry,Derrick Henry,RB,RB,"https://static.www.nfl.com/image/upload/f_auto,q_auto/league/jxtikemnvpkw9r0ex2wv",2016,17,REG,2016_17_HOU_TEN,TEN,HOU,0,0,0,0,0,0,0,0,0,0,0,0,,,0,,0,0,0,0,15,65,1,0,0,5,2.18129569164012,0,2,2,0,0,1,1,3,0,0,0,0,3,0,-0.236344779666979,0,0,0,0,0,0.0,0.04,0.0,0.06,0,0,0,0,0,0,0,0.0,0.0,0,0,0,0,0,0,0,0,0,0,0,0,0,0,0,0,0,0,0,0,0,0,0,0,0,0,0,0,,,0,0,0,0,0,0,0,0,0,0,0,0,,,,0,0,0,0,0,0,0,,0,0,0,0,0,0,0,,0,0,0,0,0,0,0,0,0,0,12.8,13.8,Derrick Henry,9
00-0032764,D.Henry,Derrick Henry,RB,RB,"https://static.www.nfl.com/image/upload/f_auto,q_auto/league/jxtikemnvpkw9r0ex2wv",2017,1,REG,2017_01_OAK_TEN,TEN,LV,0,0,0,0,0,0,0,0,0,0,0,0,,,0,,0,0,0,0,6,25,0,0,0,0,-0.724284789117519,0,0,0,0,0,0,0,0,0,0,0,0,0,0,,0,0,0,0,0,,0.0,0.0,0.0,0,0,0,0,0,0,0,0.0,0.0,0,0,0,0,0,0,0,0,0,0,0,0,0,0,0,0,0,0,0,0,0,0,0,0,0,0,0,0,,,0,0,0,0,0,0,0,0,0,0,0,0,,,,0,0,0,0,0,0,0,,0,0,0,0,0,0,0,,0,0,0,0,0,0,0,0,0,0,2.5,2.5,Derrick Henry,9
00-0032764,D.Henry,Derrick Henry,RB,RB,"https://static.www.nfl.com/image/upload/f_auto,q_auto/league/jxtikemnvpkw9r0ex2wv",2017,2,REG,2017_02_TEN_JAX,TEN,JAX,0,0,0,0,0,0,0,0,0,0,0,0,,,0,,0,0,0,0,14,92,1,0,0,7,8.27862833667314,0,3,2,0,0,0,0,0,0,0,0,0,0,0,,0,0,0,0,0,,0.0,0.0,0.0,0,0,0,0,0,0,0,0.0,0.0,0,0,0,0,0,0,0,0,0,0,0,0,0,0,0,0,0,0,0,0,0,0,0,0,0,0,0,0,,,0,0,0,0,0,0,0,0,0,0,0,0,,,,0,0,0,0,0,0,0,,0,0,0,0,0,0,0,,0,0,0,0,0,0,0,0,0,0,15.2,15.2,Derrick Henry,9
00-0032764,D.Henry,Derrick Henry,RB,RB,"https://static.www.nfl.com/image/upload/f_auto,q_auto/league/jxtikemnvpkw9r0ex2wv",2017,3,REG,2017_03_SEA_TEN,TEN,SEA,0,0,0,0,0,0,0,0,0,0,0,0,,,0,,0,0,0,0,13,54,0,0,0,2,-2.49238983524265,0,1,1,1,0,1,1,10,0,0,0,1,9,0,0.360453969798982,0,1,0,0,0,10.0,0.032258064516129,0.0040983606557377,0.0512559492332099,0,0,0,0,0,0,0,0.0,0.0,0,0,0,0,0,0,0,0,0,0,0,0,0,0,0,0,0,0,0,0,0,0,0,0,0,0,0,0,,,0,0,0,0,0,0,0,0,0,0,0,0,,,,0,0,0,0,0,0,0,,0,0,0,0,0,0,0,,0,0,0,0,0,0,0,0,0,0,6.4,7.4,Derrick Henry,9
00-0032764,D.Henry,Derrick Henry,RB,RB,"https://static.www.nfl.com/image/upload/f_auto,q_auto/league/jxtikemnvpkw9r0ex2wv",2017,4,REG,2017_04_TEN_HOU,TEN,HOU,0,0,0,0,0,0,0,0,0,0,0,0,,,0,,0,0,0,0,6,7,0,0,0,1,-2.26134412013926,0,0,0,0,0,0,0,0,0,0,0,0,0,0,,0,0,0,0,0,,0.0,0.0,0.0,0,0,0,0,0,0,0,0.0,0.0,0,0,0,0,0,0,0,0,0,0,0,0,0,0,0,0,0,0,0,0,0,0,0,0,0,0,0,0,,,0,0,0,0,0,0,0,0,0,0,0,0,,,,0,0,0,0,0,0,0,,0,0,0,0,0,0,0,,0,0,0,0,0,0,0,0,0,0,0.7,0.7,Derrick Henry,9
00-0032764,D.Henry,Derrick Henry,RB,RB,"https://static.www.nfl.com/image/upload/f_auto,q_auto/league/jxtikemnvpkw9r0ex2wv",2017,5,REG,2017_05_TEN_MIA,TEN,MIA,0,0,0,0,0,0,0,0,0,0,0,0,,,0,,0,0,0,0,4,9,0,0,0,1,-1.52043001039419,0,1,0,0,0,0,0,0,0,0,0,0,0,0,,0,0,0,0,0,,0.0,0.0,0.0,0,0,0,0,0,0,0,0.0,0.0,0,0,0,0,0,0,0,0,0,0,0,0,0,0,0,0,0,0,0,0,0,0,0,0,0,0,0,0,,,0,0,0,0,0,0,0,0,0,0,0,0,,,,0,0,0,0,0,0,0,,0,0,0,0,0,0,0,,0,0,0,0,0,0,0,0,0,0,0.9,0.9,Derrick Henry,9
00-0032764,D.Henry,Derrick Henry,RB,RB,"https://static.www.nfl.com/image/upload/f_auto,q_auto/league/jxtikemnvpkw9r0ex2wv",2017,6,REG,2017_06_IND_TEN,TEN,IND,0,0,0,0,0,0,0,0,0,0,0,0,,,0,,0,0,0,0,19,131,1,0,0,3,2.53503441291508,0,1,1,1,1,1,1,14,0,0,0,4,10,1,0.866362505708821,0,1,0,0,0,3.5,0.03125,0.0149253731343284,0.0573227611940299,0,0,0,0,0,0,0,0.0,0.0,0,0,0,0,0,0,0,0,0,0,0,0,0,0,0,0,0,0,0,0,0,0,0,0,0,0,0,0,,,0,0,0,0,0,0,0,0,0,0,0,0,,,,0,0,0,0,0,0,0,,0,0,0,0,0,0,0,,0,0,0,0,0,0,0,0,0,0,20.5,21.5,Derrick Henry,9
00-0032764,D.Henry,Derrick Henry,RB,RB,"https://static.www.nfl.com/image/upload/f_auto,q_auto/league/jxtikemnvpkw9r0ex2wv",2017,7,REG,2017_07_TEN_CLE,TEN,CLE,0,0,0,0,0,0,0,0,0,0,0,0,,,0,,0,0,0,0,13,13,0,0,0,2,-7.68061143805971,0,0,0,0,0,2,3,11,0,0,0,-4,16,0,-0.107418048661202,0,0,0,0,0,-2.75,0.0882352941176471,-0.0131147540983607,0.123172613307618,0,0,0,0,0,0,0,0.0,0.0,0,0,0,0,0,0,0,0,0,0,0,0,0,0,0,0,0,0,0,0,0,0,0,0,0,0,0,0,,,0,0,0,0,0,0,0,0,0,0,0,0,,,,0,0,0,0,0,0,0,,0,0,0,0,0,0,0,,0,0,0,0,0,0,0,0,0,0,2.4,4.4,Derrick Henry,9
00-0032764,D.Henry,Derrick Henry,RB,RB,"https://static.www.nfl.com/image/upload/f_auto,q_auto/league/jxtikemnvpkw9r0ex2wv",2017,9,REG,2017_09_BAL_TEN,TEN,BAL,0,0,0,0,0,0,0,0,0,0,0,0,,,0,,0,0,0,0,8,26,1,0,0,2,-0.287720705178799,0,1,0,0,0,2,2,10,0,0,0,4,6,1,0.950514561060118,0,0,0,0,0,2.5,0.0714285714285714,0.0142857142857143,0.117142857142857,0,0,0,0,0,0,0,0.0,0.0,0,0,0,0,0,0,0,0,0,0,0,0,0,0,0,0,0,0,0,0,0,0,0,0,0,0,0,0,,,0,0,0,0,0,0,0,0,0,0,0,0,,,,0,0,0,0,0,0,0,,0,0,0,0,0,0,0,,0,0,0,0,0,0,0,0,0,0,9.6,11.6,Derrick Henry,9
00-0032764,D.Henry,Derrick Henry,RB,RB,"https://static.www.nfl.com/image/upload/f_auto,q_auto/league/jxtikemnvpkw9r0ex2wv",2017,10,REG,2017_10_CIN_TEN,TEN,CIN,0,0,0,0,0,0,0,0,0,0,0,0,,,0,,0,0,0,0,11,52,0,0,0,2,-3.72938730241731,0,1,1,1,0,0,3,0,0,0,0,11,0,0,-2.03119285532739,0,0,0,0,0,0.0,0.0681818181818182,0.0277078085642317,0.121668193267689,0,0,0,0,0,0,0,0.0,0.0,0,0,0,0,0,0,0,0,0,0,0,0,0,0,0,0,0,0,0,0,0,0,0,0,0,0,0,0,,,0,0,0,0,0,0,0,0,0,0,0,0,,,,0,0,0,0,0,0,0,,0,0,0,0,0,0,0,,0,0,0,0,0,0,0,0,0,0,5.2,5.2,Derrick Henry,9
00-0032764,D.Henry,Derrick Henry,RB,RB,"https://static.www.nfl.com/image/upload/f_auto,q_auto/league/jxtikemnvpkw9r0ex2wv",2017,11,REG,2017_11_TEN_PIT,TEN,PIT,0,0,0,0,0,0,0,0,0,0,0,0,,,0,,0,0,0,0,7,32,0,0,0,2,-0.728915163723286,0,2,2,0,0,0,0,0,0,0,0,0,0,0,,0,0,0,0,0,,0.0,0.0,0.0,0,0,0,0,0,0,0,0.0,0.0,0,0,0,0,0,0,0,0,0,0,0,0,0,0,0,0,0,0,0,0,0,0,0,0,0,0,0,0,,,0,0,0,0,0,0,0,0,0,0,0,0,,,,0,0,0,0,0,0,0,,0,0,0,0,0,0,0,,0,0,0,0,0,0,0,0,0,0,3.2,3.2,Derrick Henry,9
00-0032764,D.Henry,Derrick Henry,RB,RB,"https://static.www.nfl.com/image/upload/f_auto,q_auto/league/jxtikemnvpkw9r0ex2wv",2017,12,REG,2017_12_TEN_IND,TEN,IND,0,0,0,0,0,0,0,0,0,0,0,0,,,0,,0,0,0,0,13,79,0,0,0,5,5.6028209097276,0,4,2,0,0,1,2,10,0,0,0,2,8,1,-0.25563434464857,0,1,0,0,0,5.0,0.0833333333333333,0.0106951871657754,0.132486631016043,0,0,0,0,0,0,0,0.0,0.0,0,0,0,0,0,0,0,0,0,0,0,0,0,0,0,0,0,0,0,0,0,0,0,0,0,0,0,0,,,0,0,0,0,0,0,0,0,0,0,0,0,,,,0,0,0,0,0,0,0,,0,0,0,0,0,0,0,,0,0,0,0,0,0,0,0,0,0,8.9,9.9,Derrick Henry,9
00-0032764,D.Henry,Derrick Henry,RB,RB,"https://static.www.nfl.com/image/upload/f_auto,q_auto/league/jxtikemnvpkw9r0ex2wv",2017,13,REG,2017_13_HOU_TEN,TEN,HOU,0,0,0,0,0,0,0,0,0,0,0,0,,,0,,0,0,0,0,11,109,1,1,0,3,5.60586393452832,0,2,2,2,1,0,0,0,0,0,0,0,0,0,,0,0,0,0,0,,0.0,0.0,0.0,0,0,0,0,0,0,0,0.0,0.0,0,0,0,0,0,0,0,0,0,0,0,0,0,0,0,1,0,1,1,0,0,0,0,0,0,0,0,0,,,0,0,0,0,0,0,0,0,0,0,0,0,,,,0,0,0,0,0,0,0,,0,0,0,0,0,0,0,,0,0,0,0,0,0,0,0,0,0,16.9,16.9,Derrick Henry,9
00-0032764,D.Henry,Derrick Henry,RB,RB,"https://static.www.nfl.com/image/upload/f_auto,q_auto/league/jxtikemnvpkw9r0ex2wv",2017,14,REG,2017_14_TEN_ARI,TEN,ARI,0,0,0,0,0,0,0,0,0,0,0,0,,,0,,0,0,0,0,8,20,1,0,0,2,-0.799052957096137,0,0,0,0,0,0,0,0,0,0,0,0,0,0,,0,0,0,0,0,,0.0,0.0,0.0,0,0,0,0,0,0,0,0.0,0.0,0,0,0,0,0,0,0,0,0,0,0,0,0,0,0,0,0,0,0,0,0,0,0,0,0,0,0,0,,,0,0,0,0,0,0,0,0,0,0,0,0,,,,0,0,0,0,0,0,0,,0,0,0,0,0,0,0,,0,0,0,0,0,0,0,0,0,0,8.0,8.0,Derrick Henry,9
00-0032764,D.Henry,Derrick Henry,RB,RB,"https://static.www.nfl.com/image/upload/f_auto,q_auto/league/jxtikemnvpkw9r0ex2wv",2017,15,REG,2017_15_TEN_SF,TEN,SF,0,0,0,0,0,0,0,0,0,0,0,0,,,0,,0,0,0,0,7,19,0,0,0,2,-0.758389989379793,0,1,0,0,0,2,2,9,0,0,0,3,6,0,0.151731760706753,0,0,0,0,0,3.0,0.0606060606060606,0.009933774834437,0.0978627332931969,0,0,0,0,0,0,0,0.0,0.0,0,0,0,0,0,0,0,0,0,0,0,0,0,0,0,0,0,0,0,0,0,0,0,0,0,0,0,0,,,0,0,0,0,0,0,0,0,0,0,0,0,,,,0,0,0,0,0,0,0,,0,0,0,0,0,0,0,,0,0,0,0,0,0,0,0,0,0,2.8,4.8,Derrick Henry,9
00-0032764,D.Henry,Derrick Henry,RB,RB,"https://static.www.nfl.com/image/upload/f_auto,q_auto/league/jxtikemnvpkw9r0ex2wv",2017,16,REG,2017_16_LA_TEN,TEN,LA,0,0,0,0,0,0,0,0,0,0,0,0,,,0,,0,0,0,0,8,25,0,0,0,2,-1.51326847012388,0,1,0,0,0,1,1,6,0,0,0,4,2,0,-0.763204876682721,0,0,0,0,0,1.5,0.027027027027027,0.0133779264214047,0.0499050890355238,0,0,0,0,0,0,0,0.0,0.0,0,0,0,0,0,0,0,0,0,0,0,0,0,0,0,0,0,0,0,0,0,0,0,0,0,0,0,0,,,0,0,0,0,0,0,0,0,0,0,0,0,,,,0,0,0,0,0,0,0,,0,0,0,0,0,0,0,,0,0,0,0,0,0,0,0,0,0,3.1,4.1,Derrick Henry,9
00-0032764,D.Henry,Derrick Henry,RB,RB,"https://static.www.nfl.com/image/upload/f_auto,q_auto/league/jxtikemnvpkw9r0ex2wv",2017,17,REG,2017_17_JAX_TEN,TEN,JAX,0,0,0,0,0,0,0,0,0,0,0,0,,,0,,0,0,0,0,28,51,0,0,0,3,-13.5395857611438,0,2,2,0,0,1,2,66,1,0,0,3,68,1,5.10766436085241,0,1,1,1,1,22.0,0.0952380952380952,0.0186335403726708,0.155900621118012,0,0,0,0,0,0,0,0.0,0.0,0,0,0,0,0,0,0,0,0,0,0,0,0,0,0,0,0,0,0,0,0,0,0,0,0,0,0,0,,,0,0,0,0,0,0,0,0,0,0,0,0,,,,0,0,0,0,0,0,0,,0,0,0,0,0,0,0,,0,0,0,0,0,0,0,0,0,0,17.7,18.7,Derrick Henry,9
00-0032764,D.Henry,Derrick Henry,RB,RB,"https://static.www.nfl.com/image/upload/f_auto,q_auto/league/jxtikemnvpkw9r0ex2wv",2018,1,REG,2018_01_TEN_MIA,TEN,MIA,0,0,0,0,0,0,0,0,0,0,0,0,,,0,,0,0,0,0,10,26,0,0,0,0,-3.04559259180678,0,0,0,0,0,1,1,5,0,0,0,-4,9,0,-0.385488141793758,0,0,0,0,0,-1.25,0.0263157894736842,-0.0154440154440154,0.0286628733997155,0,0,0,0,0,0,0,0.0,0.0,0,0,0,0,0,0,0,0,0,0,0,0,0,0,0,0,0,0,0,0,0,0,0,0,0,0,0,0,,,0,0,0,0,0,0,0,0,0,0,0,0,,,,0,0,0,0,0,0,0,,0,0,0,0,0,0,0,,0,0,0,0,0,0,0,0,0,0,3.1,4.1,Derrick Henry,9
00-0032764,D.Henry,Derrick Henry,RB,RB,"https://static.www.nfl.com/image/upload/f_auto,q_auto/league/jxtikemnvpkw9r0ex2wv",2018,2,REG,2018_02_HOU_TEN,TEN,HOU,1,1,8,0,0,0,0,0,0,-3,11,0,0.441362151876092,16.8324887752533,0,0.0,0,0,0,0,18,56,0,0,0,4,-2.80529593693791,0,0,0,0,0,0,0,0,0,0,0,0,0,0,,0,0,0,0,0,,0.0,0.0,0.0,0,0,0,0,0,0,0,0.0,0.0,0,0,0,0,0,0,0,0,0,0,0,0,0,0,0,0,0,0,0,0,0,0,0,0,0,0,0,0,,,0,0,0,0,0,0,0,0,0,0,0,0,,,,0,0,0,0,0,0,0,,0,0,0,0,0,0,0,,0,0,0,0,0,0,0,0,0,0,5.92,5.92,Derrick Henry,9
00-0032764,D.Henry,Derrick Henry,RB,RB,"https://static.www.nfl.com/image/upload/f_auto,q_auto/league/jxtikemnvpkw9r0ex2wv",2018,3,REG,2018_03_TEN_JAX,TEN,JAX,0,0,0,0,0,0,0,0,0,0,0,0,,,0,,0,0,0,0,18,57,0,0,0,1,-5.47333732788684,0,1,1,0,0,0,1,0,0,0,0,-2,0,0,-0.451198214665055,0,0,0,0,0,0.0,0.0476190476190476,-0.0224719101123596,0.0556982343499197,0,0,0,0,0,0,0,0.0,0.0,0,0,0,0,0,0,0,0,0,0,0,0,0,0,0,0,0,0,0,0,0,0,0,0,0,0,0,0,,,0,0,0,0,0,0,0,0,0,0,0,0,,,,0,0,0,0,0,0,0,,0,0,0,0,0,0,0,,0,0,0,0,0,0,0,0,0,0,5.7,5.7,Derrick Henry,9
00-0032764,D.Henry,Derrick Henry,RB,RB,"https://static.www.nfl.com/image/upload/f_auto,q_auto/league/jxtikemnvpkw9r0ex2wv",2018,4,REG,2018_04_PHI_TEN,TEN,PHI,0,0,0,0,0,0,0,0,0,0,0,0,,,0,,0,0,0,0,8,24,0,0,0,1,-2.16987398336642,0,1,1,0,0,2,2,7,0,0,0,-12,19,1,-0.598670032806695,0,1,0,0,0,-0.583333333333333,0.0476190476190476,-0.029126213592233,0.0510402219140083,0,0,0,0,0,0,0,0.0,0.0,0,0,0,0,0,0,0,0,0,0,0,0,0,0,0,0,0,0,0,0,0,0,0,0,0,0,0,0,,,0,0,0,0,0,0,0,0,0,0,0,0,,,,0,0,0,0,0,0,0,,0,0,0,0,0,0,0,,0,0,0,0,0,0,0,0,0,0,3.1,5.1,Derrick Henry,9
00-0032764,D.Henry,Derrick Henry,RB,RB,"https://static.www.nfl.com/image/upload/f_auto,q_auto/league/jxtikemnvpkw9r0ex2wv",2018,5,REG,2018_05_TEN_BUF,TEN,BUF,0,0,0,0,0,0,0,0,0,0,0,0,,,0,,0,0,0,0,11,56,0,0,0,3,0.673291179875378,0,2,2,0,0,0,1,0,0,0,0,4,0,0,-0.710381047334522,0,0,0,0,0,0.0,0.04,0.0222222222222222,0.0755555555555556,0,0,0,0,0,0,0,0.0,0.0,0,0,0,0,0,0,0,0,0,0,0,0,0,0,0,0,0,0,0,0,0,0,0,0,0,0,0,0,,,0,0,0,0,0,0,0,0,0,0,0,0,,,,0,0,0,0,0,0,0,,0,0,0,0,0,0,0,,0,0,0,0,0,0,0,0,0,0,5.6,5.6,Derrick Henry,9
00-0032764,D.Henry,Derrick Henry,RB,RB,"https://static.www.nfl.com/image/upload/f_auto,q_auto/league/jxtikemnvpkw9r0ex2wv",2018,6,REG,2018_06_BAL_TEN,TEN,BAL,0,0,0,0,0,0,0,0,0,0,0,0,,,0,,0,0,0,0,7,21,0,0,0,0,-2.07741830928717,0,0,0,0,0,1,1,5,0,0,0,3,2,0,0.328657486708835,0,0,0,0,0,1.66666666666667,0.0714285714285714,0.0171428571428571,0.119142857142857,0,0,0,0,0,0,0,0.0,0.0,0,0,0,0,0,0,0,0,0,0,0,0,0,0,0,0,0,0,0,0,0,0,0,0,0,0,0,0,,,0,0,0,0,0,0,0,0,0,0,0,0,,,,0,0,0,0,0,0,0,,0,0,0,0,0,0,0,,0,0,0,0,0,0,0,0,0,0,2.6,3.6,Derrick Henry,9
00-0032764,D.Henry,Derrick Henry,RB,RB,"https://static.www.nfl.com/image/upload/f_auto,q_auto/league/jxtikemnvpkw9r0ex2wv",2018,7,REG,2018_07_TEN_LAC,TEN,LAC,0,0,0,0,0,0,0,0,0,0,0,0,,,0,,0,0,0,0,12,33,1,0,0,2,-1.03791512642056,0,0,0,0,0,2,2,32,0,0,0,5,27,2,2.15836731507443,0,2,1,1,0,6.4,0.0625,0.0335570469798658,0.117239932885906,0,1,0,0,0,0,0,0.0,0.0,0,0,0,0,0,0,0,0,0,0,0,0,0,0,0,0,0,0,0,0,0,0,0,0,0,0,0,0,,,0,0,0,0,0,0,0,0,0,0,0,0,,,,0,0,0,0,0,0,0,,0,0,0,0,0,0,0,,0,0,0,0,0,0,0,0,0,0,12.5,14.5,Derrick Henry,9
00-0032764,D.Henry,Derrick Henry,RB,RB,"https://static.www.nfl.com/image/upload/f_auto,q_auto/league/jxtikemnvpkw9r0ex2wv",2018,9,REG,2018_09_TEN_DAL,TEN,DAL,0,0,0,0,0,0,0,0,0,0,0,0,,,0,,0,0,0,0,6,27,1,0,0,2,0.660506436368451,0,1,1,0,0,2,2,5,0,0,0,-10,15,0,-0.954588227206841,0,0,0,0,0,-0.5,0.0740740740740741,-0.0462962962962963,0.0787037037037037,0,0,0,0,0,0,0,0.0,0.0,0,0,0,0,0,0,0,0,0,0,0,0,0,0,0,0,0,0,0,0,0,0,0,0,0,0,0,0,,,0,0,0,0,0,0,0,0,0,0,0,0,,,,0,0,0,0,0,0,0,,0,0,0,0,0,0,0,,0,0,0,0,0,0,0,0,0,0,9.2,11.2,Derrick Henry,9
00-0032764,D.Henry,Derrick Henry,RB,RB,"https://static.www.nfl.com/image/upload/f_auto,q_auto/league/jxtikemnvpkw9r0ex2wv",2018,10,REG,2018_10_NE_TEN,TEN,NE,0,0,0,0,0,0,0,0,0,0,0,0,,,0,,0,0,0,0,11,58,2,0,0,5,4.79807641770458,0,3,1,0,0,0,0,0,0,0,0,0,0,0,,0,0,0,0,0,,0.0,0.0,0.0,0,0,0,0,0,0,0,0.0,0.0,0,0,0,0,0,0,0,0,0,0,0,0,0,0,0,0,0,0,0,0,0,0,0,0,0,0,0,0,,,0,0,0,0,0,0,0,0,0,0,0,0,,,,0,0,0,0,0,0,0,,0,0,0,0,0,0,0,,0,0,0,0,0,0,0,0,0,0,17.8,17.8,Derrick Henry,9
00-0032764,D.Henry,Derrick Henry,RB,RB,"https://static.www.nfl.com/image/upload/f_auto,q_auto/league/jxtikemnvpkw9r0ex2wv",2018,11,REG,2018_11_TEN_IND,TEN,IND,0,0,0,0,0,0,0,0,0,0,0,0,,,0,,0,0,0,0,9,46,0,0,0,1,-0.496310230402742,0,2,1,0,0,0,0,0,0,0,0,0,0,0,,0,0,0,0,0,,0.0,0.0,0.0,0,0,0,0,0,0,0,0.0,0.0,0,0,0,0,0,0,0,0,0,0,0,0,0,0,0,0,0,0,0,0,0,0,0,0,0,0,0,0,,,0,0,0,0,0,0,0,0,0,0,0,0,,,,0,0,0,0,0,0,0,,0,0,0,0,0,0,0,,0,0,0,0,0,0,0,0,0,0,4.6,4.6,Derrick Henry,9
00-0032764,D.Henry,Derrick Henry,RB,RB,"https://static.www.nfl.com/image/upload/f_auto,q_auto/league/jxtikemnvpkw9r0ex2wv",2018,12,REG,2018_12_TEN_HOU,TEN,HOU,0,0,0,0,0,0,0,0,0,0,0,0,,,0,,0,0,0,0,8,30,0,0,0,1,0.164986848132685,0,0,0,0,0,2,3,19,0,1,1,-2,22,0,-2.19408676575404,0,1,0,0,0,-9.5,0.130434782608696,-0.0175438596491228,0.183371472158657,0,1,0,0,0,0,0,0.0,0.0,0,0,0,0,0,0,0,0,0,0,0,0,0,0,0,1,0,0,1,1,0,0,0,0,0,0,0,0,,,0,0,0,0,0,0,0,0,0,0,0,0,,,,0,0,0,0,0,0,0,,0,0,0,0,0,0,0,,0,0,0,0,0,0,0,0,0,0,2.9,4.9,Derrick Henry,9
00-0032764,D.Henry,Derrick Henry,RB,RB,"https://static.www.nfl.com/image/upload/f_auto,q_auto/league/jxtikemnvpkw9r0ex2wv",2018,13,REG,2018_13_NYJ_TEN,TEN,NYJ,0,0,0,0,0,0,0,0,0,0,0,0,,,0,,0,0,0,0,10,40,1,0,0,3,0.663209352176637,0,2,1,0,0,2,2,5,0,0,0,0,5,0,-0.914330885745585,0,0,0,0,0,0.0,0.0606060606060606,0.0,0.0909090909090909,0,0,0,0,0,0,0,0.0,0.0,0,0,0,0,0,0,0,0,0,0,0,0,0,0,0,0,0,0,0,0,0,0,0,0,0,0,0,0,,,0,0,0,0,0,0,0,0,0,0,0,0,,,,0,0,0,0,0,0,0,,0,0,0,0,0,0,0,,0,0,0,0,0,0,0,0,0,0,10.5,12.5,Derrick Henry,9
00-0032764,D.Henry,Derrick Henry,RB,RB,"https://static.www.nfl.com/image/upload/f_auto,q_auto/league/jxtikemnvpkw9r0ex2wv",2018,14,REG,2018_14_JAX_TEN,TEN,JAX,0,0,0,0,0,0,0,0,0,0,0,0,,,0,,0,0,0,0,17,238,4,0,0,8,14.1817901494796,0,7,5,2,2,0,0,0,0,0,0,0,0,0,,0,0,0,0,0,,0.0,0.0,0.0,0,0,0,1,0,0,0,0.0,0.0,0,0,0,0,0,0,0,0,0,0,0,0,0,0,0,0,0,0,0,0,0,0,0,0,0,0,0,0,,,0,0,0,0,0,0,0,0,0,0,0,0,,,,0,0,0,0,0,0,0,,0,0,0,0,0,0,0,,0,0,0,0,0,0,0,0,0,0,47.8,47.8,Derrick Henry,9
00-0032764,D.Henry,Derrick Henry,RB,RB,"https://static.www.nfl.com/image/upload/f_auto,q_auto/league/jxtikemnvpkw9r0ex2wv",2018,15,REG,2018_15_TEN_NYG,TEN,NYG,1,1,6,0,0,0,0,0,0,-4,10,1,0.439301812555641,16.7366027832031,0,0.0,0,0,0,0,33,170,2,0,0,10,6.88654296379536,0,6,4,1,0,1,1,0,0,0,0,0,0,0,-0.762074571335688,0,0,0,0,0,,0.05,0.0,0.075,0,0,0,0,0,0,0,0.0,0.0,0,0,0,0,0,0,0,0,0,0,0,0,0,0,0,0,0,0,0,0,0,0,0,0,0,0,0,0,,,0,0,0,0,0,0,0,0,0,0,0,0,,,,0,0,0,0,0,0,0,,0,0,0,0,0,0,0,,0,0,0,0,0,0,0,0,0,0,29.24,30.24,Derrick Henry,9
00-0032764,D.Henry,Derrick Henry,RB,RB,"https://static.www.nfl.com/image/upload/f_auto,q_auto/league/jxtikemnvpkw9r0ex2wv",2018,16,REG,2018_16_WAS_TEN,TEN,WAS,0,1,0,0,0,0,0,0,0,19,0,0,-0.418707540375181,-41.6723102331162,0,0.0,0,0,0,0,21,84,1,0,0,6,-0.352651947032427,0,2,2,0,0,1,1,8,0,0,0,-3,11,0,0.480384571827017,0,0,0,0,0,-2.66666666666667,0.0434782608695652,-0.0162162162162162,0.0538660399529965,0,0,0,0,0,0,0,0.0,0.0,0,0,0,0,0,0,0,0,0,0,0,0,0,0,0,0,0,0,0,0,0,0,0,0,0,0,0,0,,,0,0,0,0,0,0,0,0,0,0,0,0,,,,0,0,0,0,0,0,0,,0,0,0,0,0,0,0,,0,0,0,0,0,0,0,0,0,0,15.2,16.2,Derrick Henry,9
00-0032764,D.Henry,Derrick Henry,RB,RB,"https://static.www.nfl.com/image/upload/f_auto,q_auto/league/jxtikemnvpkw9r0ex2wv",2018,17,REG,2018_17_IND_TEN,TEN,IND,0,0,0,0,0,0,0,0,0,0,0,0,,,0,,0,0,0,0,16,93,0,0,0,4,0.0309279630891979,0,3,2,1,0,1,1,13,0,0,0,8,5,1,1.3778182475362,0,1,0,0,0,1.625,0.0344827586206897,0.0355555555555556,0.0766130268199234,0,0,0,0,0,0,0,0.0,0.0,0,0,0,0,0,0,0,0,0,0,0,0,0,1,5,0,0,0,0,0,0,0,0,0,0,0,0,0,,,0,0,0,0,0,0,0,0,0,0,0,0,,,,0,0,0,0,0,0,0,,0,0,0,0,0,0,0,,0,0,0,0,0,0,0,0,0,0,10.6,11.6,Derrick Henry,9
00-0032764,D.Henry,Derrick Henry,RB,RB,"https://static.www.nfl.com/image/upload/f_auto,q_auto/league/jxtikemnvpkw9r0ex2wv",2019,1,REG,2019_01_TEN_CLE,TEN,CLE,0,0,0,0,0,0,0,0,0,0,0,0,,,0,,0,0,0,0,19,84,1,0,0,4,-0.211138978833333,0,2,2,0,0,1,2,75,1,0,0,-7,80,1,5.182619106723,0,1,1,1,1,-10.7142857142857,0.0833333333333333,-0.0482758620689655,0.0912068965517241,0,0,0,0,0,0,0,0.0,0.0,0,0,0,0,0,0,0,0,0,0,0,0,0,1,15,0,0,0,0,0,0,0,0,0,0,0,0,0,,,0,0,0,0,0,0,0,0,0,0,0,0,,,,0,0,0,0,0,0,0,,0,0,0,0,0,0,0,,0,0,0,0,0,0,0,0,0,0,27.9,28.9,Derrick Henry,9
00-0032764,D.Henry,Derrick Henry,RB,RB,"https://static.www.nfl.com/image/upload/f_auto,q_auto/league/jxtikemnvpkw9r0ex2wv",2019,2,REG,2019_02_IND_TEN,TEN,IND,0,0,0,0,0,0,0,0,0,0,0,0,,,0,,0,0,0,0,15,82,1,1,0,7,0.640143613476539,0,4,3,0,0,2,3,12,0,0,0,-7,18,0,-0.659511161036789,0,0,0,0,0,-1.71428571428571,0.115384615384615,-0.0469798657718121,0.140191017036655,0,0,0,0,0,0,0,0.0,0.0,0,0,0,0,0,0,0,0,0,0,0,0,0,0,0,1,0,0,1,0,0,0,0,0,0,0,0,0,,,0,0,0,0,0,0,0,0,0,0,0,0,,,,0,0,0,0,0,0,0,,0,0,0,0,0,0,0,,0,0,0,0,0,0,0,0,0,0,15.4,17.4,Derrick Henry,9
00-0032764,D.Henry,Derrick Henry,RB,RB,"https://static.www.nfl.com/image/upload/f_auto,q_auto/league/jxtikemnvpkw9r0ex2wv",2019,3,REG,2019_03_TEN_JAX,TEN,JAX,0,0,0,0,0,0,0,0,0,0,0,0,,,0,,0,0,0,0,17,44,1,0,0,3,-4.23754404473584,0,1,0,0,0,1,2,2,0,0,0,-3,0,0,-1.40510711143725,0,0,0,0,0,-0.666666666666667,0.0526315789473684,-0.0069605568445475,0.0740749786298693,0,0,0,0,0,0,0,0.0,0.0,0,0,0,0,0,0,0,0,0,0,0,0,0,0,0,0,0,0,0,0,0,0,0,0,0,0,0,0,,,0,0,0,0,0,0,0,0,0,0,0,0,,,,0,0,0,0,0,0,0,,0,0,0,0,0,0,0,,0,0,0,0,0,0,0,0,0,0,10.6,11.6,Derrick Henry,9
00-0032764,D.Henry,Derrick Henry,RB,RB,"https://static.www.nfl.com/image/upload/f_auto,q_auto/league/jxtikemnvpkw9r0ex2wv",2019,4,REG,2019_04_TEN_ATL,TEN,ATL,0,0,0,0,0,0,0,0,0,0,0,0,,,0,,0,0,0,0,27,100,0,1,0,6,-4.37763587373775,0,3,3,0,0,1,1,8,0,0,0,-2,10,0,0.548112003365532,0,0,0,0,0,-4.0,0.0454545454545455,-0.0152671755725191,0.0574947952810548,0,0,0,0,0,0,0,0.0,0.0,0,0,0,0,0,0,0,0,0,0,0,0,0,0,0,1,0,1,1,0,0,0,0,0,0,0,0,0,,,0,0,0,0,0,0,0,0,0,0,0,0,,,,0,0,0,0,0,0,0,,0,0,0,0,0,0,0,,0,0,0,0,0,0,0,0,0,0,10.8,11.8,Derrick Henry,9
00-0032764,D.Henry,Derrick Henry,RB,RB,"https://static.www.nfl.com/image/upload/f_auto,q_auto/league/jxtikemnvpkw9r0ex2wv",2019,5,REG,2019_05_BUF_TEN,TEN,BUF,0,0,0,0,0,0,0,0,0,0,0,0,,,0,,0,0,0,0,20,78,1,0,0,4,-2.40079910651548,0,3,2,1,0,0,0,0,0,0,0,0,0,0,,0,0,0,0,0,,0.0,0.0,0.0,0,0,0,0,0,0,0,0.0,0.0,0,0,0,0,0,0,0,0,0,0,0,0,0,0,0,0,0,0,0,0,0,0,0,0,0,0,0,0,,,0,0,0,0,0,0,0,0,0,0,0,0,,,,0,0,0,0,0,0,0,,0,0,0,0,0,0,0,,0,0,0,0,0,0,0,0,0,0,13.8,13.8,Derrick Henry,9
00-0032764,D.Henry,Derrick Henry,RB,RB,"https://static.www.nfl.com/image/upload/f_auto,q_auto/league/jxtikemnvpkw9r0ex2wv",2019,6,REG,2019_06_TEN_DEN,TEN,DEN,0,0,0,0,0,0,0,0,0,0,0,0,,,0,,0,0,0,0,15,28,0,0,0,0,-6.56677468825365,0,0,0,0,0,1,3,5,0,0,0,-8,9,0,-0.387045559240505,0,0,0,0,0,-0.625,0.09375,-0.0255591054313099,0.122733626198083,0,0,0,0,0,0,0,0.0,0.0,0,0,0,0,0,0,0,0,0,0,0,0,0,0,0,0,0,0,0,0,0,0,0,0,0,0,0,0,,,0,0,0,0,0,0,0,0,0,0,0,0,,,,0,0,0,0,0,0,0,,0,0,0,0,0,0,0,,0,0,0,0,0,0,0,0,0,0,3.3,4.3,Derrick Henry,9
00-0032764,D.Henry,Derrick Henry,RB,RB,"https://static.www.nfl.com/image/upload/f_auto,q_auto/league/jxtikemnvpkw9r0ex2wv",2019,7,REG,2019_07_LAC_TEN,TEN,LAC,0,0,0,0,0,0,0,0,0,0,0,0,,,0,,0,0,0,0,22,90,1,0,0,4,-0.454604014579672,0,2,1,0,0,1,1,18,0,0,0,-3,21,1,0.823926020530053,0,1,1,0,0,-6.0,0.0344827586206897,-0.0141509433962264,0.041818477553676,0,0,0,0,0,0,0,0.0,0.0,0,0,0,0,0,0,0,0,0,0,0,0,0,0,0,0,0,0,0,0,0,0,0,0,0,0,0,0,,,0,0,0,0,0,0,0,0,0,0,0,0,,,,0,0,0,0,0,0,0,,0,0,0,0,0,0,0,,0,0,0,0,0,0,0,0,0,0,16.8,17.8,Derrick Henry,9
00-0032764,D.Henry,Derrick Henry,RB,RB,"https://static.www.nfl.com/image/upload/f_auto,q_auto/league/jxtikemnvpkw9r0ex2wv",2019,8,REG,2019_08_TB_TEN,TEN,TB,0,0,0,0,0,0,0,0,0,0,0,0,,,0,,0,0,0,0,16,75,0,1,1,3,-8.64621542702662,0,3,3,1,0,1,1,8,0,0,0,-4,12,0,0.422551705734804,0,0,0,0,0,-2.0,0.0303030303030303,-0.0118694362017804,0.0371459401132992,0,0,0,0,0,0,0,0.0,0.0,0,0,0,0,0,0,0,0,0,0,0,0,0,0,0,1,0,0,1,1,0,0,0,0,0,0,0,0,,,0,0,0,0,0,0,0,0,0,0,0,0,,,,0,0,0,0,0,0,0,,0,0,0,0,0,0,0,,0,0,0,0,0,0,0,0,0,0,6.3,7.3,Derrick Henry,9
00-0032764,D.Henry,Derrick Henry,RB,RB,"https://static.www.nfl.com/image/upload/f_auto,q_auto/league/jxtikemnvpkw9r0ex2wv",2019,9,REG,2019_09_TEN_CAR,TEN,CAR,0,0,0,0,0,0,0,0,0,0,0,0,,,0,,0,0,0,0,13,63,1,0,0,3,1.86693052382907,0,1,1,0,0,3,3,36,1,0,0,-13,49,2,3.35312834056094,0,2,1,1,0,-2.76923076923077,0.0810810810810811,-0.0396341463414634,0.0938777191825972,0,0,0,0,0,0,0,0.0,0.0,0,0,0,0,0,0,0,0,0,0,0,0,0,0,0,0,0,0,0,0,0,0,0,0,0,0,0,0,,,0,0,0,0,0,0,0,0,0,0,0,0,,,,0,0,0,0,0,0,0,,0,0,0,0,0,0,0,,0,0,0,0,0,0,0,0,0,0,21.9,24.9,Derrick Henry,9
00-0032764,D.Henry,Derrick Henry,RB,RB,"https://static.www.nfl.com/image/upload/f_auto,q_auto/league/jxtikemnvpkw9r0ex2wv",2019,10,REG,2019_10_KC_TEN,TEN,KC,0,0,0,0,0,0,0,0,0,0,0,0,,,0,,0,0,0,0,23,188,2,0,0,7,6.53905826230766,0,5,5,1,1,2,2,3,0,0,0,3,0,0,-1.07849150151014,0,0,0,0,0,1.0,0.105263157894737,0.0119521912350598,0.166261270706647,0,0,0,0,0,0,0,0.0,0.0,0,0,0,0,0,0,0,0,0,0,0,0,0,0,0,0,0,0,0,0,0,0,0,0,0,0,0,0,,,0,0,0,0,0,0,0,0,0,0,0,0,,,,0,0,0,0,0,0,0,,0,0,0,0,0,0,0,,0,0,0,0,0,0,0,0,0,0,31.1,33.1,Derrick Henry,9
00-0032764,D.Henry,Derrick Henry,RB,RB,"https://static.www.nfl.com/image/upload/f_auto,q_auto/league/jxtikemnvpkw9r0ex2wv",2019,12,REG,2019_12_JAX_TEN,TEN,JAX,0,0,0,0,0,0,0,0,0,0,0,0,,,0,,0,0,0,0,19,159,2,1,1,5,2.1584727774607,0,4,3,1,1,1,1,16,0,0,0,-1,17,0,0.708281665924005,0,1,1,0,0,-16.0,0.0588235294117647,-0.0072992700729927,0.0831258050665522,0,1,0,0,0,0,0,0.0,0.0,0,0,0,0,0,0,0,0,0,0,0,0,0,0,0,1,0,0,1,1,0,0,0,0,0,0,0,0,,,0,0,0,0,0,0,0,0,0,0,0,0,,,,0,0,0,0,0,0,0,,0,0,0,0,0,0,0,,0,0,0,0,0,0,0,0,0,0,27.5,28.5,Derrick Henry,9
00-0032764,D.Henry,Derrick Henry,RB,RB,"https://static.www.nfl.com/image/upload/f_auto,q_auto/league/jxtikemnvpkw9r0ex2wv",2019,13,REG,2019_13_TEN_IND,TEN,IND,0,0,0,0,0,0,0,0,0,0,0,0,,,0,,0,0,0,0,26,149,1,1,1,6,-0.709580911730882,0,3,3,1,0,3,3,17,0,0,0,0,17,0,0.106101945508271,0,0,0,0,0,0.0,0.142857142857143,0.0,0.214285714285714,0,0,0,0,0,0,0,0.0,0.0,0,0,0,0,0,0,0,0,0,0,0,0,0,0,0,1,0,0,1,1,0,0,0,0,0,0,0,0,,,0,0,0,0,0,0,0,0,0,0,0,0,,,,0,0,0,0,0,0,0,,0,0,0,0,0,0,0,,0,0,0,0,0,0,0,0,0,0,20.6,23.6,Derrick Henry,9
00-0032764,D.Henry,Derrick Henry,RB,RB,"https://static.www.nfl.com/image/upload/f_auto,q_auto/league/jxtikemnvpkw9r0ex2wv",2019,14,REG,2019_14_TEN_OAK,TEN,LV,0,0,0,0,0,0,0,0,0,0,0,0,,,0,,0,0,0,0,18,103,2,0,0,6,4.61948362953262,0,5,4,1,0,1,1,6,0,0,0,3,3,0,0.23414589551976,0,0,0,0,0,2.0,0.037037037037037,0.0102040816326531,0.0626984126984127,0,0,0,0,0,0,0,0.0,0.0,0,0,0,0,0,0,0,0,0,0,0,0,0,0,0,0,0,0,0,0,0,0,0,0,0,0,0,0,,,0,0,0,0,0,0,0,0,0,0,0,0,,,,0,0,0,0,0,0,0,,0,0,0,0,0,0,0,,0,0,0,0,0,0,0,0,0,0,22.9,23.9,Derrick Henry,9
00-0032764,D.Henry,Derrick Henry,RB,RB,"https://static.www.nfl.com/image/upload/f_auto,q_auto/league/jxtikemnvpkw9r0ex2wv",2019,15,REG,2019_15_HOU_TEN,TEN,HOU,0,0,0,0,0,0,0,0,0,0,0,0,,,0,,0,0,0,0,21,86,0,0,0,3,-1.81983331352239,0,2,1,1,0,0,1,0,0,0,0,-3,0,0,-0.753709041513503,0,0,0,0,0,0.0,0.0277777777777778,-0.0078328981723237,0.03618363794604,0,0,0,0,0,0,0,0.0,0.0,0,0,0,0,0,0,0,0,0,0,0,0,0,0,0,0,0,0,0,0,0,0,0,0,0,0,0,0,,,0,0,0,0,0,0,0,0,0,0,0,0,,,,0,0,0,0,0,0,0,,0,0,0,0,0,0,0,,0,0,0,0,0,0,0,0,0,0,8.6,8.6,Derrick Henry,9
00-0032764,D.Henry,Derrick Henry,RB,RB,"https://static.www.nfl.com/image/upload/f_auto,q_auto/league/jxtikemnvpkw9r0ex2wv",2019,17,REG,2019_17_TEN_HOU,TEN,HOU,0,0,0,0,0,0,0,0,0,0,0,0,,,0,,0,0,0,0,32,211,3,0,0,12,9.61097126084496,0,4,4,2,1,0,0,0,0,0,0,0,0,0,,0,0,0,0,0,,0.0,0.0,0.0,0,0,0,0,0,0,0,0.0,0.0,0,0,0,0,0,0,0,0,0,0,0,0,0,2,15,0,0,0,0,0,0,0,0,0,0,0,0,0,,,0,0,0,0,0,0,0,0,0,0,0,0,,,,0,0,0,0,0,0,0,,0,0,0,0,0,0,0,,0,0,0,0,0,0,0,0,0,0,39.1,39.1,Derrick Henry,9
00-0032764,D.Henry,Derrick Henry,RB,RB,"https://static.www.nfl.com/image/upload/f_auto,q_auto/league/jxtikemnvpkw9r0ex2wv",2020,1,REG,2020_01_TEN_DEN,TEN,DEN,0,0,0,0,0,0,0,0,0,0,0,0,,,0,,0,0,0,0,31,116,0,0,0,4,-1.52194106995012,0,3,1,0,0,3,3,15,0,0,0,3,12,1,0.95654531114269,0,0,0,0,0,5.0,0.075,0.0112781954887218,0.120394736842105,0,0,0,0,0,0,0,0.0,0.0,0,0,0,0,0,0,0,0,0,0,0,0,0,0,0,0,0,0,0,0,0,0,0,0,0,0,0,0,,,0,0,0,0,0,0,0,0,0,0,0,0,,,,0,0,0,0,0,0,0,,0,0,0,0,0,0,0,,0,0,0,0,0,0,0,0,0,0,13.1,16.1,Derrick Henry,9
00-0032764,D.Henry,Derrick Henry,RB,RB,"https://static.www.nfl.com/image/upload/f_auto,q_auto/league/jxtikemnvpkw9r0ex2wv",2020,2,REG,2020_02_JAX_TEN,TEN,JAX,0,0,0,0,0,0,0,0,0,0,0,0,,,0,,0,0,0,0,25,84,0,0,0,5,-4.81113752594683,0,2,2,0,0,0,2,0,0,0,0,0,0,0,-1.12404979736311,0,0,0,0,0,,0.0833333333333333,0.0,0.125,0,0,0,0,0,0,0,0.0,0.0,0,0,0,0,0,0,0,0,0,0,0,0,0,1,5,0,0,0,0,0,0,0,0,0,0,0,0,0,,,0,0,0,0,0,0,0,0,0,0,0,0,,,,0,0,0,0,0,0,0,,0,0,0,0,0,0,0,,0,0,0,0,0,0,0,0,0,0,8.4,8.4,Derrick Henry,9
00-0032764,D.Henry,Derrick Henry,RB,RB,"https://static.www.nfl.com/image/upload/f_auto,q_auto/league/jxtikemnvpkw9r0ex2wv",2020,3,REG,2020_03_TEN_MIN,TEN,MIN,0,0,0,0,0,0,0,0,0,0,0,0,,,0,,0,0,0,0,26,119,2,0,0,9,6.18188797793118,0,3,3,0,0,2,3,11,0,0,0,15,1,2,-0.749120729759263,0,0,0,0,0,0.733333333333333,0.0909090909090909,0.0413223140495868,0.165289256198347,0,0,0,0,0,0,0,0.0,0.0,0,0,0,0,0,0,0,0,0,0,0,0,0,0,0,0,0,0,0,0,0,0,0,0,0,0,0,0,,,0,0,0,0,0,0,0,0,0,0,0,0,,,,0,0,0,0,0,0,0,,0,0,0,0,0,0,0,,0,0,0,0,0,0,0,0,0,0,25.0,27.0,Derrick Henry,9
00-0032764,D.Henry,Derrick Henry,RB,RB,"https://static.www.nfl.com/image/upload/f_auto,q_auto/league/jxtikemnvpkw9r0ex2wv",2020,5,REG,2020_05_BUF_TEN,TEN,BUF,0,0,0,0,0,0,0,0,0,0,0,0,,,0,,0,0,0,0,19,57,2,0,0,4,-0.762624959752429,0,1,1,0,0,1,2,6,0,0,0,-3,4,0,-0.605175332631916,0,0,0,0,0,-2.0,0.0714285714285714,-0.0165745856353591,0.0955406471981058,0,0,0,0,0,0,0,0.0,0.0,0,0,0,0,0,0,0,0,0,0,0,0,0,0,0,0,0,0,0,0,0,0,0,0,0,0,0,0,,,0,0,0,0,0,0,0,0,0,0,0,0,,,,0,0,0,0,0,0,0,,0,0,0,0,0,0,0,,0,0,0,0,0,0,0,0,0,0,18.3,19.3,Derrick Henry,9
00-0032764,D.Henry,Derrick Henry,RB,RB,"https://static.www.nfl.com/image/upload/f_auto,q_auto/league/jxtikemnvpkw9r0ex2wv",2020,6,REG,2020_06_HOU_TEN,TEN,HOU,0,0,0,0,0,0,0,0,0,0,0,0,,,0,,0,0,0,0,22,212,2,0,0,7,10.6132255098782,0,4,4,2,1,2,5,52,0,0,0,-11,57,1,1.2613672199077,0,1,1,1,1,-4.72727272727273,0.121951219512195,-0.0355987055016181,0.15800773541716,0,0,0,0,0,0,0,0.0,0.0,0,0,0,0,0,0,0,0,0,0,0,0,0,0,0,0,0,0,0,0,0,0,0,0,0,0,0,0,,,0,0,0,0,0,0,0,0,0,0,0,0,,,,0,0,0,0,0,0,0,,0,0,0,0,0,0,0,,0,0,0,0,0,0,0,0,0,0,38.4,40.4,Derrick Henry,9
00-0032764,D.Henry,Derrick Henry,RB,RB,"https://static.www.nfl.com/image/upload/f_auto,q_auto/league/jxtikemnvpkw9r0ex2wv",2020,7,REG,2020_07_PIT_TEN,TEN,PIT,0,0,0,0,0,0,0,0,0,0,0,0,,,0,,0,0,0,0,20,75,1,0,0,4,-2.4119635921088,0,2,2,0,0,2,2,-3,0,0,0,-3,0,0,-1.21876236493699,0,0,0,0,0,1.0,0.0666666666666667,-0.0113207547169811,0.0920754716981132,0,0,0,0,0,0,0,0.0,0.0,0,0,0,0,0,0,0,0,0,0,0,0,0,0,0,0,0,0,0,0,0,0,0,0,0,0,0,0,,,0,0,0,0,0,0,0,0,0,0,0,0,,,,0,0,0,0,0,0,0,,0,0,0,0,0,0,0,,0,0,0,0,0,0,0,0,0,0,13.2,15.2,Derrick Henry,9
00-0032764,D.Henry,Derrick Henry,RB,RB,"https://static.www.nfl.com/image/upload/f_auto,q_auto/league/jxtikemnvpkw9r0ex2wv",2020,8,REG,2020_08_TEN_CIN,TEN,CIN,0,0,0,0,0,0,0,0,0,0,0,0,,,0,,0,0,0,0,18,112,1,0,0,6,8.91700783470878,0,2,2,1,0,0,1,0,0,0,0,0,0,0,-0.542852809652686,0,0,0,0,0,,0.0344827586206897,0.0,0.0517241379310345,0,0,0,0,0,0,0,0.0,0.0,0,0,0,0,0,0,0,0,0,0,0,0,0,0,0,0,0,0,0,0,0,0,0,0,0,0,0,0,,,0,0,0,0,0,0,0,0,0,0,0,0,,,,0,0,0,0,0,0,0,,0,0,0,0,0,0,0,,0,0,0,0,0,0,0,0,0,0,17.2,17.2,Derrick Henry,9
00-0032764,D.Henry,Derrick Henry,RB,RB,"https://static.www.nfl.com/image/upload/f_auto,q_auto/league/jxtikemnvpkw9r0ex2wv",2020,9,REG,2020_09_CHI_TEN,TEN,CHI,0,0,0,0,0,0,0,0,0,0,0,0,,,0,,0,0,0,0,21,68,0,0,0,3,-2.36540236894507,0,1,1,1,0,0,0,0,0,0,0,0,0,0,,0,0,0,0,0,,0.0,0.0,0.0,0,0,0,0,0,0,0,0.0,0.0,0,0,0,0,0,0,0,0,0,0,0,0,0,0,0,0,0,0,0,0,0,0,0,0,0,0,0,0,,,0,0,0,0,0,0,0,0,0,0,0,0,,,,0,0,0,0,0,0,0,,0,0,0,0,0,0,0,,0,0,0,0,0,0,0,0,0,0,6.8,6.8,Derrick Henry,9
00-0032764,D.Henry,Derrick Henry,RB,RB,"https://static.www.nfl.com/image/upload/f_auto,q_auto/league/jxtikemnvpkw9r0ex2wv",2020,10,REG,2020_10_IND_TEN,TEN,IND,0,0,0,0,0,0,0,0,0,0,0,0,,,0,,0,0,0,0,19,103,0,0,0,6,0.564062572724652,0,3,3,1,0,1,2,6,0,0,0,-6,11,0,-0.331315187038854,0,0,0,0,0,-1.0,0.0740740740740741,-0.0304568527918782,0.0897913141567964,0,0,0,0,0,0,0,0.0,0.0,0,0,0,0,0,0,0,0,0,0,0,0,0,0,0,0,0,0,0,0,0,0,0,0,0,0,0,0,,,0,0,0,0,0,0,0,0,0,0,0,0,,,,0,0,0,0,0,0,0,,0,0,0,0,0,0,0,,0,0,0,0,0,0,0,0,0,0,10.9,11.9,Derrick Henry,9
00-0032764,D.Henry,Derrick Henry,RB,RB,"https://static.www.nfl.com/image/upload/f_auto,q_auto/league/jxtikemnvpkw9r0ex2wv",2020,11,REG,2020_11_TEN_BAL,TEN,BAL,0,0,0,0,0,0,0,0,0,0,0,0,,,0,,0,0,0,0,28,133,1,0,0,6,-2.36495547459344,0,3,2,2,0,1,2,-1,0,0,0,-4,1,0,-1.64727264316753,0,0,0,0,0,0.25,0.0625,-0.02,0.07975,0,0,0,0,0,0,0,0.0,0.0,0,0,0,0,0,0,0,0,1,0,0,0,0,0,0,0,0,0,0,0,0,0,0,0,0,0,0,0,,,0,0,0,0,0,0,0,0,0,0,0,0,,,,0,0,0,0,0,0,0,,0,0,0,0,0,0,0,,0,0,0,0,0,0,0,0,0,0,19.2,20.2,Derrick Henry,9
00-0032764,D.Henry,Derrick Henry,RB,RB,"https://static.www.nfl.com/image/upload/f_auto,q_auto/league/jxtikemnvpkw9r0ex2wv",2020,12,REG,2020_12_TEN_IND,TEN,IND,0,0,0,0,0,0,0,0,0,0,0,0,,,0,,0,0,0,0,27,178,3,0,0,10,11.9231364429288,0,8,5,1,0,2,4,7,0,0,0,-10,10,0,-2.09230612951797,0,0,0,0,0,-0.7,0.2,-0.065359477124183,0.254248366013072,0,0,0,0,0,0,0,0.0,0.0,0,0,0,0,0,0,0,0,0,0,0,0,0,0,0,0,0,0,0,0,0,0,0,0,0,0,0,0,,,0,0,0,0,0,0,0,0,0,0,0,0,,,,0,0,0,0,0,0,0,,0,0,0,0,0,0,0,,0,0,0,0,0,0,0,0,0,0,36.5,38.5,Derrick Henry,9
00-0032764,D.Henry,Derrick Henry,RB,RB,"https://static.www.nfl.com/image/upload/f_auto,q_auto/league/jxtikemnvpkw9r0ex2wv",2020,13,REG,2020_13_CLE_TEN,TEN,CLE,0,0,0,0,0,0,0,0,0,0,0,0,,,0,,0,0,0,0,15,60,0,1,1,3,-9.1721616808353,0,1,0,0,0,1,1,9,0,0,0,1,8,0,0.669538491871208,0,0,0,0,0,9.0,0.0238095238095238,0.002053388090349,0.0371516573775301,0,0,0,0,0,0,0,0.0,0.0,0,0,0,0,0,0,0,0,0,0,0,0,0,0,0,1,0,0,1,1,0,0,0,0,0,0,0,0,,,0,0,0,0,0,0,0,0,0,0,0,0,,,,0,0,0,0,0,0,0,,0,0,0,0,0,0,0,,0,0,0,0,0,0,0,0,0,0,4.9,5.9,Derrick Henry,9
00-0032764,D.Henry,Derrick Henry,RB,RB,"https://static.www.nfl.com/image/upload/f_auto,q_auto/league/jxtikemnvpkw9r0ex2wv",2020,14,REG,2020_14_TEN_JAX,TEN,JAX,0,0,0,0,0,0,0,0,0,0,0,0,,,0,,0,0,0,0,26,215,2,0,0,8,10.6573670402577,0,4,4,4,1,2,2,7,0,0,0,-8,15,0,-0.817943867761642,0,0,0,0,0,-0.875,0.0869565217391304,-0.0406091370558376,0.102008386669609,0,0,0,0,0,0,0,0.0,0.0,0,0,0,0,0,0,0,0,0,0,0,0,0,0,0,0,0,0,0,0,0,0,0,0,0,0,0,0,,,0,0,0,0,0,0,0,0,0,0,0,0,,,,0,0,0,0,0,0,0,,0,0,0,0,0,0,0,,0,0,0,0,0,0,0,0,0,0,34.2,36.2,Derrick Henry,9
00-0032764,D.Henry,Derrick Henry,RB,RB,"https://static.www.nfl.com/image/upload/f_auto,q_auto/league/jxtikemnvpkw9r0ex2wv",2020,15,REG,2020_15_DET_TEN,TEN,DET,0,0,0,0,0,0,0,0,0,0,0,0,,,0,,0,0,0,0,24,147,1,0,0,6,5.2245026400052,1,4,3,1,0,2,2,5,0,0,0,-3,8,0,-0.596583473496139,0,0,0,0,0,-1.66666666666667,0.0769230769230769,-0.0121951219512195,0.106848030018762,0,0,0,0,0,0,0,0.0,0.0,0,0,0,0,0,0,0,0,0,0,0,0,0,0,0,0,0,0,0,0,0,0,0,0,0,0,0,0,,,0,0,0,0,0,0,0,0,0,0,0,0,,,,0,0,0,0,0,0,0,,0,0,0,0,0,0,0,,0,0,0,0,0,0,0,0,0,0,23.2,25.2,Derrick Henry,9
00-0032764,D.Henry,Derrick Henry,RB,RB,"https://static.www.nfl.com/image/upload/f_auto,q_auto/league/jxtikemnvpkw9r0ex2wv",2020,16,REG,2020_16_TEN_GB,TEN,GB,0,0,0,0,0,0,0,0,0,0,0,0,,,0,,0,0,0,0,23,98,0,0,0,5,-0.465383363014553,0,2,0,0,0,0,0,0,0,0,0,0,0,0,,0,0,0,0,0,,0.0,0.0,0.0,0,0,0,0,0,0,0,0.0,0.0,0,0,0,0,0,0,0,0,0,0,0,0,0,0,0,0,0,0,0,0,0,0,0,0,0,0,0,0,,,0,0,0,0,0,0,0,0,0,0,0,0,,,,0,0,0,0,0,0,0,,0,0,0,0,0,0,0,,0,0,0,0,0,0,0,0,0,0,9.8,9.8,Derrick Henry,9
00-0032764,D.Henry,Derrick Henry,RB,RB,"https://static.www.nfl.com/image/upload/f_auto,q_auto/league/jxtikemnvpkw9r0ex2wv",2020,17,REG,2020_17_TEN_HOU,TEN,HOU,0,0,0,0,0,0,0,0,0,0,0,0,,,0,,0,0,0,0,34,250,2,2,1,12,3.54581992644446,0,5,5,3,2,0,0,0,0,0,0,0,0,0,,0,0,0,0,0,,0.0,0.0,0.0,0,0,0,0,0,0,0,0.0,0.0,0,0,0,0,0,0,0,0,0,0,0,0,0,0,0,2,0,0,2,1,0,0,0,0,0,0,0,0,,,0,0,0,0,0,0,0,0,0,0,0,0,,,,0,0,0,0,0,0,0,,0,0,0,0,0,0,0,,0,0,0,0,0,0,0,0,0,0,35.0,35.0,Derrick Henry,9
00-0032764,D.Henry,Derrick Henry,RB,RB,"https://static.www.nfl.com/image/upload/f_auto,q_auto/league/jxtikemnvpkw9r0ex2wv",2021,1,REG,2021_01_ARI_TEN,TEN,ARI,0,0,0,0,0,0,0,0,0,0,0,0,,,0,,0,0,0,0,17,58,0,0,0,2,-6.69783960276982,0,1,1,0,0,3,4,19,0,0,0,6,17,0,-0.203090529423207,0,0,0,0,0,3.16666666666667,0.111111111111111,0.0218978102189781,0.181995133819951,0,0,0,0,0,0,0,0.0,0.0,0,0,0,0,0,0,0,0,0,0,0,0,0,0,0,0,0,0,0,0,0,0,0,0,0,0,0,0,,,0,0,0,0,0,0,0,0,0,0,0,0,,,,0,0,0,0,0,0,0,,0,0,0,0,0,0,0,,0,0,0,0,0,0,0,0,0,0,7.7,10.7,Derrick Henry,9
00-0032764,D.Henry,Derrick Henry,RB,RB,"https://static.www.nfl.com/image/upload/f_auto,q_auto/league/jxtikemnvpkw9r0ex2wv",2021,2,REG,2021_02_TEN_SEA,TEN,SEA,0,0,0,0,0,0,0,0,0,0,0,0,,,0,,0,0,0,0,35,182,3,0,0,9,3.78112825234866,0,3,2,1,1,6,6,55,0,0,0,12,43,3,3.01962786045624,0,3,0,0,0,4.58333333333333,0.153846153846154,0.0298507462686567,0.25166475315729,0,0,0,0,0,0,0,0.0,0.0,0,0,0,0,0,0,0,0,0,0,0,0,0,0,0,0,0,0,0,0,0,0,0,0,0,0,0,0,,,0,0,0,0,0,0,0,0,0,0,0,0,,,,0,0,0,0,0,0,0,,0,0,0,0,0,0,0,,0,0,0,0,0,0,0,0,0,0,41.7,47.7,Derrick Henry,9
00-0032764,D.Henry,Derrick Henry,RB,RB,"https://static.www.nfl.com/image/upload/f_auto,q_auto/league/jxtikemnvpkw9r0ex2wv",2021,3,REG,2021_03_IND_TEN,TEN,IND,0,0,0,0,0,0,0,0,0,0,0,0,,,0,,0,0,0,0,28,113,0,0,0,7,-1.41304021766689,1,3,2,0,0,3,3,31,0,0,0,-5,36,2,2.78090916859219,0,2,0,0,0,-6.2,0.115384615384615,-0.0284090909090909,0.153190559440559,0,0,0,0,0,0,0,0.0,0.0,0,0,0,0,0,0,0,0,0,0,0,0,0,0,0,0,0,0,0,0,0,0,0,0,0,0,0,0,,,0,0,0,0,0,0,0,0,0,0,0,0,,,,0,0,0,0,0,0,0,,0,0,0,0,0,0,0,,0,0,0,0,0,0,0,0,0,0,16.4,19.4,Derrick Henry,9
00-0032764,D.Henry,Derrick Henry,RB,RB,"https://static.www.nfl.com/image/upload/f_auto,q_auto/league/jxtikemnvpkw9r0ex2wv",2021,4,REG,2021_04_TEN_NYJ,TEN,NYJ,0,0,0,0,0,0,0,0,0,0,0,0,,,0,,0,0,0,0,33,157,1,0,0,8,3.13469654403161,0,5,4,1,0,2,2,20,0,0,0,5,15,1,2.69350860163104,0,1,1,0,0,4.0,0.0408163265306122,0.0127226463104326,0.0701303422132212,0,0,0,0,0,0,0,0.0,0.0,0,0,0,0,0,0,0,0,0,0,0,0,0,0,0,0,0,0,0,0,0,0,0,0,0,0,0,0,,,0,0,0,0,0,0,0,0,0,0,0,0,,,,0,0,0,0,0,0,0,,0,0,0,0,0,0,0,,0,0,0,0,0,0,0,0,0,0,23.7,25.7,Derrick Henry,9
00-0032764,D.Henry,Derrick Henry,RB,RB,"https://static.www.nfl.com/image/upload/f_auto,q_auto/league/jxtikemnvpkw9r0ex2wv",2021,5,REG,2021_05_TEN_JAX,TEN,JAX,0,0,0,0,0,0,0,0,0,0,0,0,,,0,,0,0,0,0,29,130,3,0,0,8,2.95954203049769,0,4,2,0,0,0,0,0,0,0,0,0,0,0,,0,0,0,0,0,,0.0,0.0,0.0,0,0,0,0,0,0,0,0.0,0.0,0,0,0,0,0,0,0,0,0,0,0,0,0,0,0,0,0,0,0,0,0,0,0,0,0,0,0,0,,,0,0,0,0,0,0,0,0,0,0,0,0,,,,0,0,0,0,0,0,0,,0,0,0,0,0,0,0,,0,0,0,0,0,0,0,0,0,0,31.0,31.0,Derrick Henry,9
00-0032764,D.Henry,Derrick Henry,RB,RB,"https://static.www.nfl.com/image/upload/f_auto,q_auto/league/jxtikemnvpkw9r0ex2wv",2021,6,REG,2021_06_BUF_TEN,TEN,BUF,0,0,0,0,0,0,0,0,0,0,0,0,,,0,,0,0,0,0,20,143,3,0,0,5,4.12714586040238,0,3,3,1,1,2,3,13,0,0,0,-12,24,0,0.0931581734621432,0,0,0,0,0,-1.08333333333333,0.12,-0.047244094488189,0.146929133858268,0,0,0,0,0,0,0,0.0,0.0,0,0,0,0,0,0,0,0,0,0,0,0,0,1,5,0,0,0,0,0,0,0,0,0,0,0,0,0,,,0,0,0,0,0,0,0,0,0,0,0,0,,,,0,0,0,0,0,0,0,,0,0,0,0,0,0,0,,0,0,0,0,0,0,0,0,0,0,33.6,35.6,Derrick Henry,9
00-0032764,D.Henry,Derrick Henry,RB,RB,"https://static.www.nfl.com/image/upload/f_auto,q_auto/league/jxtikemnvpkw9r0ex2wv",2021,7,REG,2021_07_KC_TEN,TEN,KC,1,1,5,1,0,0,0,0,0,5,0,1,1.03209029574646,57.4945956468582,0,1.0,0,0,0,0,29,86,0,0,0,6,-5.26058077573543,0,1,0,0,0,2,2,16,0,0,0,-9,25,1,1.33085713488981,0,1,0,0,0,-1.77777777777778,0.0740740740740741,-0.0436893203883495,0.0805285868392664,0,0,0,0,0,0,0,0.0,0.0,0,0,0,0,0,0,0,0,0,0,0,0,0,0,0,0,0,0,0,0,0,0,0,0,0,0,0,0,,,0,0,0,0,0,0,0,0,0,0,0,0,,,,0,0,0,0,0,0,0,,0,0,0,0,0,0,0,,0,0,0,0,0,0,0,0,0,0,14.4,16.4,Derrick Henry,9
00-0032764,D.Henry,Derrick Henry,RB,RB,"https://static.www.nfl.com/image/upload/f_auto,q_auto/league/jxtikemnvpkw9r0ex2wv",2021,8,REG,2021_08_TEN_IND,TEN,IND,0,0,0,0,0,0,0,0,0,0,0,0,,,0,,0,0,0,0,28,68,0,1,0,4,-5.47330622412228,0,0,0,0,0,0,0,0,0,0,0,0,0,0,,0,0,0,0,0,,0.0,0.0,0.0,0,0,0,0,0,0,0,0.0,0.0,0,0,0,0,0,0,0,0,1,0,0,0,0,0,0,1,0,0,1,0,0,0,0,0,0,0,0,0,,,0,0,0,0,0,0,0,0,0,0,0,0,,,,0,0,0,0,0,0,0,,0,0,0,0,0,0,0,,0,0,0,0,0,0,0,0,0,0,6.8,6.8,Derrick Henry,9
00-0032764,D.Henry,Derrick Henry,RB,RB,"https://static.www.nfl.com/image/upload/f_auto,q_auto/league/jxtikemnvpkw9r0ex2wv",2022,1,REG,2022_01_NYG_TEN,TEN,NYG,0,0,0,0,0,0,0,0,0,0,0,0,,,0,,0,0,0,0,21,82,0,1,0,1,-4.73318183934316,0,1,1,0,0,0,1,0,0,0,0,-1,0,0,-1.43586486280396,0,0,0,0,0,0.0,0.032258064516129,-0.0033783783783783,0.0460222319093287,0,0,0,0,0,0,0,0.0,0.0,0,0,0,0,0,0,0,0,1,-2,0,0,0,0,0,0,1,0,1,0,0,0,0,0,0,0,0,0,,,0,0,0,0,0,0,0,0,0,0,0,0,,,,0,0,0,0,0,0,0,,0,0,0,0,0,0,0,,0,0,0,0,0,0,0,0,0,0,8.2,8.2,Derrick Henry,9
00-0032764,D.Henry,Derrick Henry,RB,RB,"https://static.www.nfl.com/image/upload/f_auto,q_auto/league/jxtikemnvpkw9r0ex2wv",2022,2,REG,2022_02_TEN_BUF,TEN,BUF,0,0,0,0,0,0,0,0,0,0,0,0,,,0,,0,0,0,0,13,25,1,0,0,1,-1.7384633612819,0,0,0,0,0,0,0,0,0,0,0,0,0,0,,0,0,0,0,0,,0.0,0.0,0.0,0,0,0,0,0,0,0,0.0,0.0,0,0,0,0,0,0,0,0,0,0,0,0,0,0,0,0,0,0,0,0,0,0,0,0,0,0,0,0,,,0,0,0,0,0,0,0,0,0,0,0,0,,,,0,0,0,0,0,0,0,,0,0,0,0,0,0,0,,0,0,0,0,0,0,0,0,0,0,8.5,8.5,Derrick Henry,9
00-0032764,D.Henry,Derrick Henry,RB,RB,"https://static.www.nfl.com/image/upload/f_auto,q_auto/league/jxtikemnvpkw9r0ex2wv",2022,3,REG,2022_03_LV_TEN,TEN,LV,0,0,0,0,0,0,0,0,0,0,0,0,,,0,,0,0,0,0,20,85,1,0,0,5,-3.15354086563457,0,4,2,1,0,5,6,58,0,0,0,0,50,2,3.91081692499574,0,2,1,1,0,0.0,0.230769230769231,0.0,0.346153846153846,0,0,0,0,0,0,0,0.0,0.0,0,0,0,0,0,0,0,0,0,0,0,0,0,0,0,0,0,0,0,0,0,0,0,0,0,0,0,0,,,0,0,0,0,0,0,0,0,0,0,0,0,,,,0,0,0,0,0,0,0,,0,0,0,0,0,0,0,,0,0,0,0,0,0,0,0,0,0,20.3,25.3,Derrick Henry,9
00-0032764,D.Henry,Derrick Henry,RB,RB,"https://static.www.nfl.com/image/upload/f_auto,q_auto/league/jxtikemnvpkw9r0ex2wv",2022,4,REG,2022_04_TEN_IND,TEN,IND,0,0,0,0,0,0,0,0,0,0,0,0,,,0,,0,0,0,0,22,114,1,0,0,4,1.21127784642158,0,4,4,0,0,3,5,33,0,0,0,3,35,1,0.35700911731692,0,1,1,1,0,11.0,0.238095238095238,0.0333333333333333,0.38047619047619,0,0,0,0,0,0,0,0.0,0.0,0,0,0,0,0,0,0,0,0,0,0,0,0,0,0,0,0,0,0,0,0,0,0,0,0,0,0,0,,,0,0,0,0,0,0,0,0,0,0,0,0,,,,0,0,0,0,0,0,0,,0,0,0,0,0,0,0,,0,0,0,0,0,0,0,0,0,0,20.7,23.7,Derrick Henry,9
00-0032764,D.Henry,Derrick Henry,RB,RB,"https://static.www.nfl.com/image/upload/f_auto,q_auto/league/jxtikemnvpkw9r0ex2wv",2022,5,REG,2022_05_TEN_WAS,TEN,WAS,0,0,0,0,0,0,0,0,0,0,0,0,,,0,,0,0,0,0,28,102,2,0,0,7,1.91008324539871,0,2,2,0,0,2,2,30,0,0,0,1,29,1,2.63354100970901,0,1,1,1,0,30.0,0.0869565217391304,0.0043859649122807,0.133504958047292,0,0,0,0,0,0,0,0.0,0.0,0,0,0,0,0,0,0,0,0,0,0,0,0,0,0,0,0,0,0,0,0,0,0,0,0,0,0,0,,,0,0,0,0,0,0,0,0,0,0,0,0,,,,0,0,0,0,0,0,0,,0,0,0,0,0,0,0,,0,0,0,0,0,0,0,0,0,0,25.2,27.2,Derrick Henry,9
00-0032764,D.Henry,Derrick Henry,RB,RB,"https://static.www.nfl.com/image/upload/f_auto,q_auto/league/jxtikemnvpkw9r0ex2wv",2022,7,REG,2022_07_IND_TEN,TEN,IND,0,0,0,0,0,0,0,0,0,0,0,0,,,0,,0,0,0,0,30,128,0,0,0,7,-4.46923301642528,0,3,2,2,0,3,3,10,0,0,0,-9,19,0,1.47478949112701,0,0,0,0,0,-1.11111111111111,0.15,-0.0625,0.18125,0,0,0,0,0,0,0,0.0,0.0,0,0,0,0,0,0,0,0,0,0,0,0,0,0,0,0,0,0,0,0,0,0,0,0,0,0,0,0,,,0,0,0,0,0,0,0,0,0,0,0,0,,,,0,0,0,0,0,0,0,,0,0,0,0,0,0,0,,0,0,0,0,0,0,0,0,0,0,13.8,16.8,Derrick Henry,9
00-0032764,D.Henry,Derrick Henry,RB,RB,"https://static.www.nfl.com/image/upload/f_auto,q_auto/league/jxtikemnvpkw9r0ex2wv",2022,8,REG,2022_08_TEN_HOU,TEN,HOU,0,0,0,0,0,0,0,0,0,0,0,0,,,0,,0,0,0,0,32,219,2,0,0,10,8.4756074284669,0,7,6,2,1,1,1,9,0,0,0,2,7,0,0.829167902469635,0,0,0,0,0,4.5,0.125,0.0273972602739726,0.206678082191781,0,0,0,0,0,0,0,0.0,0.0,0,0,0,0,0,0,0,0,0,0,0,0,0,1,5,0,0,0,0,0,0,0,0,0,0,0,0,0,,,0,0,0,0,0,0,0,0,0,0,0,0,,,,0,0,0,0,0,0,0,,0,0,0,0,0,0,0,,0,0,0,0,0,0,0,0,0,0,34.8,35.8,Derrick Henry,9
00-0032764,D.Henry,Derrick Henry,RB,RB,"https://static.www.nfl.com/image/upload/f_auto,q_auto/league/jxtikemnvpkw9r0ex2wv",2022,9,REG,2022_09_TEN_KC,TEN,KC,0,0,0,0,0,0,0,0,0,0,0,0,,,0,,0,0,0,0,17,115,2,0,0,5,4.51508259162074,0,2,2,2,1,0,0,0,0,0,0,0,0,0,,0,0,0,0,0,,0.0,0.0,0.0,0,0,0,0,0,0,0,0.0,0.0,0,0,0,0,0,0,0,0,0,0,0,0,0,0,0,0,0,0,0,0,0,0,0,0,0,0,0,0,,,0,0,0,0,0,0,0,0,0,0,0,0,,,,0,0,0,0,0,0,0,,0,0,0,0,0,0,0,,0,0,0,0,0,0,0,0,0,0,23.5,23.5,Derrick Henry,9
00-0032764,D.Henry,Derrick Henry,RB,RB,"https://static.www.nfl.com/image/upload/f_auto,q_auto/league/jxtikemnvpkw9r0ex2wv",2022,10,REG,2022_10_DEN_TEN,TEN,DEN,0,0,0,0,0,0,0,0,0,0,0,0,,,0,,0,0,0,0,19,53,0,0,0,1,-5.27202067291364,0,1,0,0,0,2,3,14,0,0,0,7,6,0,0.161626668414101,0,0,0,0,0,2.0,0.0833333333333333,0.0283400809716599,0.144838056680162,0,0,0,0,0,0,0,0.0,0.0,0,0,0,0,0,0,0,0,0,0,0,0,0,0,0,0,0,0,0,0,0,0,0,0,0,0,0,0,,,0,0,0,0,0,0,0,0,0,0,0,0,,,,0,0,0,0,0,0,0,,0,0,0,0,0,0,0,,0,0,0,0,0,0,0,0,0,0,6.7,8.7,Derrick Henry,9
00-0032764,D.Henry,Derrick Henry,RB,RB,"https://static.www.nfl.com/image/upload/f_auto,q_auto/league/jxtikemnvpkw9r0ex2wv",2022,11,REG,2022_11_TEN_GB,TEN,GB,2,2,4,1,0,0,0,0,0,-1,5,1,0.466456600755919,33.9358001947403,0,0.0,0,0,0,0,28,87,1,0,0,5,-1.72844805612112,0,0,0,0,0,2,2,45,0,0,0,-7,52,2,2.81733976025134,0,1,1,1,1,-6.42857142857143,0.0740740740740741,-0.02734375,0.0919704861111111,0,0,0,0,0,0,0,0.0,0.0,0,0,0,0,0,0,0,0,0,0,0,0,0,0,0,0,0,0,0,0,0,0,0,0,0,0,0,0,,,0,0,0,0,0,0,0,0,0,0,0,0,,,,0,0,0,0,0,0,0,,0,0,0,0,0,0,0,,0,0,0,0,0,0,0,0,0,0,23.36,25.36,Derrick Henry,9
00-0032764,D.Henry,Derrick Henry,RB,RB,"https://static.www.nfl.com/image/upload/f_auto,q_auto/league/jxtikemnvpkw9r0ex2wv",2022,12,REG,2022_12_CIN_TEN,TEN,CIN,0,0,0,0,0,0,0,0,0,0,0,0,,,0,,0,0,0,0,17,38,0,0,0,0,-5.68200797826285,0,0,0,0,0,3,3,79,0,1,0,-4,83,1,5.72291612613481,0,1,1,1,1,-19.75,0.0882352941176471,-0.0140350877192982,0.122528379772962,0,0,0,0,0,0,0,0.0,0.0,0,0,0,0,0,0,0,0,0,0,0,0,0,0,0,1,0,0,1,0,0,0,0,0,0,0,0,0,,,0,0,0,0,0,0,0,0,0,0,0,0,,,,0,0,0,0,0,0,0,,0,0,0,0,0,0,0,,0,0,0,0,0,0,0,0,0,0,11.7,14.7,Derrick Henry,9
00-0032764,D.Henry,Derrick Henry,RB,RB,"https://static.www.nfl.com/image/upload/f_auto,q_auto/league/jxtikemnvpkw9r0ex2wv",2022,13,REG,2022_13_TEN_PHI,TEN,PHI,0,0,0,0,0,0,0,0,0,0,0,0,,,0,,0,0,0,0,11,30,0,0,0,0,-3.54783920245245,0,0,0,0,0,2,3,8,0,0,0,2,7,0,-0.733932006114628,0,0,0,0,0,4.0,0.12,0.0121951219512195,0.188536585365854,0,0,0,0,0,0,0,0.0,0.0,0,0,0,0,0,0,0,0,0,0,0,0,0,0,0,0,0,0,0,0,0,0,0,0,0,0,0,0,,,0,0,0,0,0,0,0,0,0,0,0,0,,,,0,0,0,0,0,0,0,,0,0,0,0,0,0,0,,0,0,0,0,0,0,0,0,0,0,3.8,5.8,Derrick Henry,9
00-0032764,D.Henry,Derrick Henry,RB,RB,"https://static.www.nfl.com/image/upload/f_auto,q_auto/league/jxtikemnvpkw9r0ex2wv",2022,14,REG,2022_14_JAX_TEN,TEN,JAX,0,0,0,0,0,0,0,0,0,0,0,0,,,0,,0,0,0,0,17,121,1,1,1,6,-1.22664397960762,0,3,3,2,1,3,5,34,0,1,1,-1,31,1,-3.73238083801698,0,2,1,0,0,-34.0,0.131578947368421,-0.0028901734104046,0.195345299665348,0,0,0,0,0,0,0,0.0,0.0,0,0,0,0,0,0,0,0,0,-6,0,0,0,0,0,1,1,0,2,2,0,0,0,0,0,0,0,0,,,0,0,0,0,0,0,0,0,0,0,0,0,,,,0,0,0,0,0,0,0,,0,0,0,0,0,0,0,,0,0,0,0,0,0,0,0,0,0,17.5,20.5,Derrick Henry,9
00-0032764,D.Henry,Derrick Henry,RB,RB,"https://static.www.nfl.com/image/upload/f_auto,q_auto/league/jxtikemnvpkw9r0ex2wv",2022,15,REG,2022_15_TEN_LAC,TEN,LAC,0,0,0,0,0,0,0,0,0,0,0,0,,,0,,0,0,0,0,21,104,1,1,0,6,1.59029845497571,0,4,2,0,0,4,4,59,0,0,0,6,53,2,2.89316299071652,0,2,2,1,0,9.83333333333333,0.153846153846154,0.0372670807453416,0.25685618729097,0,0,0,0,0,0,0,0.0,0.0,0,0,0,0,0,0,0,0,0,0,0,0,0,0,0,1,0,0,1,0,0,0,0,0,0,0,0,0,,,0,0,0,0,0,0,0,0,0,0,0,0,,,,0,0,0,0,0,0,0,,0,0,0,0,0,0,0,,0,0,0,0,0,0,0,0,0,0,22.3,26.3,Derrick Henry,9
00-0032764,D.Henry,Derrick Henry,RB,RB,"https://static.www.nfl.com/image/upload/f_auto,q_auto/league/jxtikemnvpkw9r0ex2wv",2022,16,REG,2022_16_HOU_TEN,TEN,HOU,0,0,0,0,0,0,0,0,0,0,0,0,,,0,,0,0,0,0,23,126,1,1,1,6,-3.27619457093533,0,4,2,1,1,2,2,0,0,0,0,-1,1,0,-2.05264378403081,0,0,0,0,0,0.0,0.1,-0.0071428571428571,0.145,0,0,0,0,0,0,0,0.0,0.0,0,0,0,0,0,0,0,0,0,0,0,0,0,0,0,1,0,0,1,1,0,0,0,0,0,0,0,0,,,0,0,0,0,0,0,0,0,0,0,0,0,,,,0,0,0,0,0,0,0,,0,0,0,0,0,0,0,,0,0,0,0,0,0,0,0,0,0,16.6,18.6,Derrick Henry,9
00-0032764,D.Henry,Derrick Henry,RB,RB,"https://static.www.nfl.com/image/upload/f_auto,q_auto/league/jxtikemnvpkw9r0ex2wv",2022,18,REG,2022_18_TEN_JAX,TEN,JAX,0,0,0,0,0,0,0,0,0,0,0,0,,,0,,0,0,0,0,30,109,0,0,0,1,-5.18607219203841,0,2,1,0,0,1,1,19,0,0,0,-5,24,1,1.27866762503982,0,1,1,0,0,-3.8,0.037037037037037,-0.0267379679144385,0.0368389780154486,0,0,0,0,0,0,0,0.0,0.0,0,0,0,0,0,0,0,0,0,0,0,0,0,0,0,0,0,0,0,0,0,0,0,0,0,0,0,0,,,0,0,0,0,0,0,0,0,0,0,0,0,,,,0,0,0,0,0,0,0,,0,0,0,0,0,0,0,,0,0,0,0,0,0,0,0,0,0,12.8,13.8,Derrick Henry,9
00-0032764,D.Henry,Derrick Henry,RB,RB,"https://static.www.nfl.com/image/upload/f_auto,q_auto/league/jxtikemnvpkw9r0ex2wv",2023,1,REG,2023_01_TEN_NO,TEN,NO,0,0,0,0,0,0,0,0,0,0,0,0,,,0,,0,0,0,0,15,63,0,0,0,4,-1.35362194187474,0,1,1,0,0,2,3,56,0,0,0,-17,66,1,2.54835124814417,0,2,1,1,1,-3.29411764705882,0.0909090909090909,-0.0548387096774194,0.0979765395894428,0,0,0,0,0,0,0,0.0,0.0,0,0,0,0,0,0,0,0,0,0,0,0,0,0,0,0,0,0,0,0,0,0,0,0,0,0,0,0,,,0,0,0,0,0,0,0,0,0,0,0,0,,,,0,0,0,0,0,0,0,,0,0,0,0,0,0,0,,0,0,0,0,0,0,0,0,0,0,11.9,13.9,Derrick Henry,9
00-0032764,D.Henry,Derrick Henry,RB,RB,"https://static.www.nfl.com/image/upload/f_auto,q_auto/league/jxtikemnvpkw9r0ex2wv",2023,2,REG,2023_02_LAC_TEN,TEN,LAC,0,0,0,0,0,0,0,0,0,0,0,0,,,0,,0,0,0,0,25,80,1,0,0,5,-3.98488103816556,0,1,1,1,0,3,4,15,0,0,0,-14,21,0,-0.22539943899028,0,0,0,0,0,-1.07142857142857,0.166666666666667,-0.0663507109004739,0.203554502369668,0,0,0,0,0,0,0,0.0,0.0,0,0,0,0,0,0,0,0,0,0,0,0,0,0,0,0,0,0,0,0,0,0,0,0,0,0,0,0,,,0,0,0,0,0,0,0,0,0,0,0,0,,,,0,0,0,0,0,0,0,,0,0,0,0,0,0,0,,0,0,0,0,0,0,0,0,0,0,15.5,18.5,Derrick Henry,9
00-0032764,D.Henry,Derrick Henry,RB,RB,"https://static.www.nfl.com/image/upload/f_auto,q_auto/league/jxtikemnvpkw9r0ex2wv",2023,3,REG,2023_03_TEN_CLE,TEN,CLE,0,0,0,0,0,0,0,0,0,0,0,0,,,0,,0,0,0,0,11,20,0,0,0,0,-4.83980309660547,0,0,0,0,0,0,0,0,0,0,0,0,0,0,,0,0,0,0,0,,0.0,0.0,0.0,0,0,0,0,0,0,0,0.0,0.0,0,0,0,0,0,0,0,0,1,0,0,0,0,0,0,0,0,0,0,0,0,0,0,0,0,0,0,0,,,0,0,0,0,0,0,0,0,0,0,0,0,,,,0,0,0,0,0,0,0,,0,0,0,0,0,0,0,,0,0,0,0,0,0,0,0,0,0,2.0,2.0,Derrick Henry,9
00-0032764,D.Henry,Derrick Henry,RB,RB,"https://static.www.nfl.com/image/upload/f_auto,q_auto/league/jxtikemnvpkw9r0ex2wv",2023,4,REG,2023_04_CIN_TEN,TEN,CIN,1,1,2,1,0,0,0,0,0,2,0,1,3.10216732966364,41.5135622024536,0,1.0,0,0,0,0,22,122,1,0,0,7,2.61509375864989,0,4,3,1,0,1,1,11,0,0,0,-5,16,0,0.747384326503379,0,1,0,0,0,-2.2,0.0384615384615385,-0.0161812297734628,0.0463654468508838,0,0,0,0,0,0,0,0.0,0.0,0,0,0,0,0,0,0,0,0,0,0,0,0,0,0,0,0,0,0,0,0,0,0,0,0,0,0,0,,,0,0,0,0,0,0,0,0,0,0,0,0,,,,0,0,0,0,0,0,0,,0,0,0,0,0,0,0,,0,0,0,0,0,0,0,0,0,0,23.38,24.38,Derrick Henry,9
00-0032764,D.Henry,Derrick Henry,RB,RB,"https://static.www.nfl.com/image/upload/f_auto,q_auto/league/jxtikemnvpkw9r0ex2wv",2023,5,REG,2023_05_TEN_IND,TEN,IND,0,1,0,0,0,0,0,0,0,13,0,0,-0.476032459002454,-41.0570681095123,0,0.0,0,0,0,0,13,43,0,0,0,1,-5.41944004799007,0,0,0,0,0,3,3,19,0,0,0,-8,27,1,-0.235757292888593,0,1,0,0,0,-2.375,0.0882352941176471,-0.029520295202952,0.111688734534404,0,0,0,0,0,0,0,0.0,0.0,0,0,0,0,0,0,0,0,0,0,0,0,0,0,0,0,0,0,0,0,0,0,0,0,0,0,0,0,,,0,0,0,0,0,0,0,0,0,0,0,0,,,,0,0,0,0,0,0,0,,0,0,0,0,0,0,0,,0,0,0,0,0,0,0,0,0,0,6.2,9.2,Derrick Henry,9
00-0032764,D.Henry,Derrick Henry,RB,RB,"https://static.www.nfl.com/image/upload/f_auto,q_auto/league/jxtikemnvpkw9r0ex2wv",2023,6,REG,2023_06_BAL_TEN,TEN,BAL,0,0,0,0,0,0,0,0,0,0,0,0,,,0,,0,0,0,0,12,97,1,0,0,3,2.64082629221957,0,2,2,1,1,2,2,16,0,0,0,-8,24,0,1.19259973126464,0,0,0,0,0,-2.0,0.1,-0.0470588235294118,0.117058823529412,0,0,0,0,0,0,0,0.0,0.0,0,0,0,0,0,0,0,0,0,0,0,0,0,0,0,0,0,0,0,0,0,0,0,0,0,0,0,0,,,0,0,0,0,0,0,0,0,0,0,0,0,,,,0,0,0,0,0,0,0,,0,0,0,0,0,0,0,,0,0,0,0,0,0,0,0,0,0,17.3,19.3,Derrick Henry,9
00-0032764,D.Henry,Derrick Henry,RB,RB,"https://static.www.nfl.com/image/upload/f_auto,q_auto/league/jxtikemnvpkw9r0ex2wv",2023,8,REG,2023_08_ATL_TEN,TEN,ATL,0,0,0,0,0,0,0,0,0,0,0,0,,,0,,0,0,0,0,22,101,0,0,0,4,2.01882404275239,0,1,1,0,0,4,4,21,0,0,0,-10,31,1,1.30510566756129,0,0,0,0,0,-2.1,0.153846153846154,-0.0309597523219814,0.209097404143844,0,0,0,0,0,0,0,0.0,0.0,0,0,0,0,0,0,0,0,0,0,0,0,0,0,0,0,0,0,0,0,0,0,0,0,0,0,0,0,,,0,0,0,0,0,0,0,0,0,0,0,0,,,,0,0,0,0,0,0,0,,0,0,0,0,0,0,0,,0,0,0,0,0,0,0,0,0,0,12.2,16.2,Derrick Henry,9
00-0032764,D.Henry,Derrick Henry,RB,RB,"https://static.www.nfl.com/image/upload/f_auto,q_auto/league/jxtikemnvpkw9r0ex2wv",2023,9,REG,2023_09_TEN_PIT,TEN,PIT,0,0,0,0,0,0,0,0,0,0,0,0,,,0,,0,0,0,0,17,75,1,0,0,5,4.29615411162376,0,2,1,0,0,3,4,27,0,0,0,-9,36,1,1.93995813804213,0,1,1,1,0,-3.0,0.108108108108108,-0.0229007633587786,0.146131627811017,0,0,0,0,0,0,0,0.0,0.0,0,0,0,0,0,0,0,0,0,0,0,0,0,0,0,0,0,0,0,0,0,0,0,0,0,0,0,0,,,0,0,0,0,0,0,0,0,0,0,0,0,,,,0,0,0,0,0,0,0,,0,0,0,0,0,0,0,,0,0,0,0,0,0,0,0,0,0,16.2,19.2,Derrick Henry,9
00-0032764,D.Henry,Derrick Henry,RB,RB,"https://static.www.nfl.com/image/upload/f_auto,q_auto/league/jxtikemnvpkw9r0ex2wv",2023,10,REG,2023_10_TEN_TB,TEN,TB,0,0,0,0,0,0,0,0,0,0,0,0,,,0,,0,0,0,0,11,24,0,0,0,1,-3.07771308079828,0,0,0,0,0,1,1,-4,0,0,0,-6,2,0,-1.17557511758059,0,0,0,0,0,0.666666666666667,0.0256410256410256,-0.0133928571428571,0.0290865384615385,0,0,0,0,0,0,0,0.0,0.0,0,0,0,0,0,0,0,0,0,0,0,0,0,0,0,0,0,0,0,0,0,0,0,0,0,0,0,0,,,0,0,0,0,0,0,0,0,0,0,0,0,,,,0,0,0,0,0,0,0,,0,0,0,0,0,0,0,,0,0,0,0,0,0,0,0,0,0,2.0,3.0,Derrick Henry,9
00-0032764,D.Henry,Derrick Henry,RB,RB,"https://static.www.nfl.com/image/upload/f_auto,q_auto/league/jxtikemnvpkw9r0ex2wv",2023,11,REG,2023_11_TEN_JAX,TEN,JAX,0,0,0,0,0,0,0,0,0,0,0,0,,,0,,0,0,0,0,10,38,0,0,0,2,0.585288563102949,0,1,1,0,0,1,2,6,0,0,0,-13,11,0,-0.0092728931922465,0,0,0,0,0,-0.461538461538462,0.117647058823529,-0.0977443609022556,0.108049535603715,0,0,0,0,0,0,0,0.0,0.0,0,0,0,0,0,0,0,0,0,0,0,0,0,0,0,0,0,0,0,0,0,0,0,0,0,0,0,0,,,0,0,0,0,0,0,0,0,0,0,0,0,,,,0,0,0,0,0,0,0,,0,0,0,0,0,0,0,,0,0,0,0,0,0,0,0,0,0,4.4,5.4,Derrick Henry,9
00-0032764,D.Henry,Derrick Henry,RB,RB,"https://static.www.nfl.com/image/upload/f_auto,q_auto/league/jxtikemnvpkw9r0ex2wv",2023,12,REG,2023_12_CAR_TEN,TEN,CAR,0,0,0,0,0,0,0,0,0,0,0,0,,,0,,0,0,0,0,18,76,2,0,0,6,3.64242225626367,0,3,2,0,0,1,2,0,0,0,0,-8,0,0,-1.64543049852364,0,0,0,0,0,0.0,0.0740740740740741,-0.0344827586206897,0.0869731800766284,0,0,0,0,0,0,0,0.0,0.0,0,0,0,0,0,0,0,0,0,0,0,0,0,0,0,0,0,0,0,0,0,0,0,0,0,0,0,0,,,0,0,0,0,0,0,0,0,0,0,0,0,,,,0,0,0,0,0,0,0,,0,0,0,0,0,0,0,,0,0,0,0,0,0,0,0,0,0,19.6,20.6,Derrick Henry,9
00-0032764,D.Henry,Derrick Henry,RB,RB,"https://static.www.nfl.com/image/upload/f_auto,q_auto/league/jxtikemnvpkw9r0ex2wv",2023,13,REG,2023_13_IND_TEN,TEN,IND,0,0,0,0,0,0,0,0,0,0,0,0,,,0,,0,0,0,0,21,102,2,0,0,7,3.37460075231502,0,1,1,1,0,1,2,18,0,0,0,3,18,1,0.42488169868011,0,1,1,0,0,6.0,0.0606060606060606,0.0102389078498294,0.0980763264039714,0,0,0,0,0,0,0,0.0,0.0,0,0,0,0,0,0,0,0,0,0,0,0,0,0,0,0,0,0,0,0,0,0,0,0,0,0,0,0,,,0,0,0,0,0,0,0,0,0,0,0,0,,,,0,0,0,0,0,0,0,,0,0,0,0,0,0,0,,0,0,0,0,0,0,0,0,0,0,24.0,25.0,Derrick Henry,9
00-0032764,D.Henry,Derrick Henry,RB,RB,"https://static.www.nfl.com/image/upload/f_auto,q_auto/league/jxtikemnvpkw9r0ex2wv",2023,14,REG,2023_14_TEN_MIA,TEN,MIA,0,0,0,0,0,0,0,0,0,0,0,0,,,0,,0,0,0,0,17,34,2,0,0,3,-2.01604114699876,0,0,0,0,0,1,2,17,0,0,0,4,0,1,1.2265610396862,0,1,1,0,0,4.25,0.0555555555555556,0.0110497237569061,0.0910681399631676,0,0,0,0,0,0,0,0.0,0.0,0,0,0,0,0,0,0,0,0,0,0,0,0,0,0,0,0,0,0,0,0,0,0,0,0,0,0,0,,,0,0,0,0,0,0,0,0,0,0,0,0,,,,0,0,0,0,0,0,0,,0,0,0,0,0,0,0,,0,0,0,0,0,0,0,0,0,0,17.1,18.1,Derrick Henry,9
00-0032764,D.Henry,Derrick Henry,RB,RB,"https://static.www.nfl.com/image/upload/f_auto,q_auto/league/jxtikemnvpkw9r0ex2wv",2023,15,REG,2023_15_HOU_TEN,TEN,HOU,0,0,0,0,0,0,0,0,0,0,0,0,,,0,,0,0,0,0,16,9,0,0,0,2,-6.43515780838789,0,0,0,0,0,4,4,1,0,0,0,-3,4,0,-2.88188007893041,0,0,0,0,0,-0.333333333333333,0.153846153846154,-0.007537688442211,0.225492848859683,0,0,0,0,0,0,0,0.0,0.0,0,0,0,0,0,0,0,0,0,0,0,0,0,0,0,0,0,0,0,0,0,0,0,0,0,0,0,0,,,0,0,0,0,0,0,0,0,0,0,0,0,,,,0,0,0,0,0,0,0,,0,0,0,0,0,0,0,,0,0,0,0,0,0,0,0,0,0,1.0,5.0,Derrick Henry,9
00-0032764,D.Henry,Derrick Henry,RB,RB,"https://static.www.nfl.com/image/upload/f_auto,q_auto/league/jxtikemnvpkw9r0ex2wv",2023,16,REG,2023_16_SEA_TEN,TEN,SEA,1,1,12,1,0,0,0,0,0,12,0,1,1.89627585367998,62.6903772354126,0,1.0,1,0,0,0,19,88,1,0,0,5,2.58272963651689,0,2,1,0,0,1,1,11,0,0,0,-8,19,1,0.710484840092249,0,1,0,0,0,-1.375,0.04,-0.0575539568345324,0.0197122302158273,0,0,0,0,0,0,0,0.0,0.0,0,0,0,0,0,0,0,0,0,0,0,0,0,0,0,0,0,0,0,0,0,0,0,0,0,0,0,0,,,0,0,0,0,0,0,0,0,0,0,0,0,,,,0,0,0,0,0,0,0,,0,0,0,0,0,0,0,,0,0,0,0,0,0,0,0,0,0,20.38,21.38,Derrick Henry,9
00-0032764,D.Henry,Derrick Henry,RB,RB,"https://static.www.nfl.com/image/upload/f_auto,q_auto/league/jxtikemnvpkw9r0ex2wv",2023,17,REG,2023_17_TEN_HOU,TEN,HOU,0,0,0,0,0,0,0,0,0,0,0,0,,,0,,0,0,0,0,12,42,0,0,0,2,-2.22625876043458,0,1,1,0,0,0,1,0,0,0,0,2,0,0,-0.747530420543626,0,0,0,0,0,0.0,0.04,0.0111111111111111,0.0677777777777778,0,0,0,0,0,0,0,0.0,0.0,0,0,0,0,0,0,0,0,0,0,0,0,0,0,0,0,0,0,0,0,0,0,0,0,0,0,0,0,,,0,0,0,0,0,0,0,0,0,0,0,0,,,,0,0,0,0,0,0,0,,0,0,0,0,0,0,0,,0,0,0,0,0,0,0,0,0,0,4.2,4.2,Derrick Henry,9
00-0032764,D.Henry,Derrick Henry,RB,RB,"https://static.www.nfl.com/image/upload/f_auto,q_auto/league/jxtikemnvpkw9r0ex2wv",2023,18,REG,2023_18_JAX_TEN,TEN,JAX,0,0,0,0,0,0,0,0,0,0,0,0,,,0,,0,0,0,0,19,153,1,0,0,6,5.49847434877302,0,4,4,1,1,0,0,0,0,0,0,0,0,0,,0,0,0,0,0,,0.0,0.0,0.0,0,0,0,0,0,0,0,0.0,0.0,0,0,0,0,0,0,0,0,0,0,0,0,0,0,0,0,0,0,0,0,0,0,0,0,0,0,0,0,,,0,0,0,0,0,0,0,0,0,0,0,0,,,,0,0,0,0,0,0,0,,0,0,0,0,0,0,0,,0,0,0,0,0,0,0,0,0,0,21.3,21.3,Derrick Henry,9
00-0032764,D.Henry,Derrick Henry,RB,RB,"https://static.www.nfl.com/image/upload/f_auto,q_auto/league/jxtikemnvpkw9r0ex2wv",2024,1,REG,2024_01_BAL_KC,BAL,KC,0,0,0,0,0,0,0,0,0,0,0,0,,,0,,0,0,0,0,13,46,1,0,0,5,2.19251264829654,0,0,0,0,0,0,2,0,0,0,0,-10,0,0,-1.44531372957863,0,0,0,0,0,0.0,0.05,-0.0374531835205993,0.0487827715355805,0,0,0,0,0,0,0,0.0,0.0,0,0,0,0,0,0,0,0,0,0,0,0,0,0,0,0,0,0,0,0,0,0,0,0,0,0,0,0,,,0,0,0,0,0,0,0,0,0,0,0,0,,,,0,0,0,0,0,0,0,,0,0,0,0,0,0,0,,0,0,0,0,0,0,0,0,0,0,10.6,10.6,Derrick Henry,9
00-0032764,D.Henry,Derrick Henry,RB,RB,"https://static.www.nfl.com/image/upload/f_auto,q_auto/league/jxtikemnvpkw9r0ex2wv",2024,2,REG,2024_02_LV_BAL,BAL,LV,0,0,0,0,0,0,0,0,0,0,0,0,,,0,,0,0,0,0,18,84,1,0,0,3,0.0330894003272988,0,2,2,1,0,1,1,12,0,0,0,0,12,1,0.765340551035479,0,1,0,0,0,0.0,0.032258064516129,0.0,0.0483870967741936,0,0,0,0,0,0,0,0.0,0.0,0,0,0,0,0,0,0,0,0,0,0,0,0,2,9,0,0,0,0,0,0,0,0,0,0,0,0,0,,,0,0,0,0,0,0,0,0,0,0,0,0,,,,0,0,0,0,0,0,0,,0,0,0,0,0,0,0,,0,0,0,0,0,0,0,0,0,0,15.6,16.6,Derrick Henry,9
00-0032764,D.Henry,Derrick Henry,RB,RB,"https://static.www.nfl.com/image/upload/f_auto,q_auto/league/jxtikemnvpkw9r0ex2wv",2024,3,REG,2024_03_BAL_DAL,BAL,DAL,0,0,0,0,0,0,0,0,0,0,0,0,,,0,,0,0,0,0,25,151,2,0,0,8,3.19644890126234,0,5,4,2,0,1,1,23,0,0,0,-4,27,1,1.36699883197434,0,1,1,1,0,-5.75,0.0666666666666667,-0.0851063829787234,0.0404255319148936,0,0,0,0,0,0,0,0.0,0.0,0,0,0,0,0,0,0,0,0,0,0,0,0,0,0,0,0,0,0,0,0,0,0,0,0,0,0,0,,,0,0,0,0,0,0,0,0,0,0,0,0,,,,0,0,0,0,0,0,0,,0,0,0,0,0,0,0,,0,0,0,0,0,0,0,0,0,0,29.4,30.4,Derrick Henry,9
00-0032764,D.Henry,Derrick Henry,RB,RB,"https://static.www.nfl.com/image/upload/f_auto,q_auto/league/jxtikemnvpkw9r0ex2wv",2024,4,REG,2024_04_BUF_BAL,BAL,BUF,0,0,0,0,0,0,0,0,0,0,0,0,,,0,,0,0,0,0,24,199,1,1,0,8,8.63621421830612,0,3,3,3,1,3,3,10,1,0,0,1,9,1,-0.306954583036713,0,0,0,0,0,10.0,0.166666666666667,0.008695652173913,0.256086956521739,0,0,0,0,0,0,0,0.0,0.0,0,0,0,0,0,0,0,0,0,0,0,0,0,0,0,1,0,0,1,0,0,0,0,0,0,0,0,0,,,0,0,0,0,0,0,0,0,0,0,0,0,,,,0,0,0,0,0,0,0,,0,0,0,0,0,0,0,,0,0,0,0,0,0,0,0,0,0,32.9,35.9,Derrick Henry,9
00-0032764,D.Henry,Derrick Henry,RB,RB,"https://static.www.nfl.com/image/upload/f_auto,q_auto/league/jxtikemnvpkw9r0ex2wv",2024,5,REG,2024_05_BAL_CIN,BAL,CIN,0,0,0,0,0,0,0,0,0,0,0,0,,,0,,0,0,0,0,15,92,1,0,0,6,2.29482038843545,0,1,1,1,1,1,1,4,0,0,0,-6,10,0,-0.0906288950354792,0,0,0,0,0,-0.666666666666667,0.024390243902439,-0.0157068062827225,0.0255906014557528,0,0,0,0,0,0,0,0.0,0.0,0,0,0,0,0,0,0,0,0,0,0,0,0,0,0,0,0,0,0,0,0,0,0,0,0,0,0,0,,,0,0,0,0,0,0,0,0,0,0,0,0,,,,0,0,0,0,0,0,0,,0,0,0,0,0,0,0,,0,0,0,0,0,0,0,0,0,0,15.6,16.6,Derrick Henry,9
00-0032764,D.Henry,Derrick Henry,RB,RB,"https://static.www.nfl.com/image/upload/f_auto,q_auto/league/jxtikemnvpkw9r0ex2wv",2024,6,REG,2024_06_WAS_BAL,BAL,WAS,0,0,0,0,0,0,0,0,0,0,0,0,,,0,,0,0,0,0,24,132,2,0,0,6,1.76796954509337,0,3,3,1,0,0,0,0,0,0,0,0,0,0,,0,0,0,0,0,,0.0,0.0,0.0,0,0,0,0,0,0,0,0.0,0.0,0,0,0,0,0,0,0,0,0,0,0,0,0,0,0,0,0,0,0,0,0,0,0,0,0,0,0,0,,,0,0,0,0,0,0,0,0,0,0,0,0,,,,0,0,0,0,0,0,0,,0,0,0,0,0,0,0,,0,0,0,0,0,0,0,0,0,0,25.2,25.2,Derrick Henry,9
00-0032764,D.Henry,Derrick Henry,RB,RB,"https://static.www.nfl.com/image/upload/f_auto,q_auto/league/jxtikemnvpkw9r0ex2wv",2024,7,REG,2024_07_BAL_TB,BAL,TB,0,0,0,0,0,0,0,0,0,0,0,0,,,0,,0,0,0,0,15,169,0,0,0,3,6.04111578932498,0,3,3,2,1,1,1,13,1,0,0,4,9,1,3.21035780815873,0,1,0,0,0,3.25,0.0476190476190476,0.0217391304347826,0.0866459627329192,0,0,0,0,0,0,0,0.0,0.0,0,0,0,0,0,0,0,0,0,0,0,0,0,0,0,0,0,0,0,0,0,0,0,0,0,0,0,0,,,0,0,0,0,0,0,0,0,0,0,0,0,,,,0,0,0,0,0,0,0,,0,0,0,0,0,0,0,,0,0,0,0,0,0,0,0,0,0,24.2,25.2,Derrick Henry,9
00-0032764,D.Henry,Derrick Henry,RB,RB,"https://static.www.nfl.com/image/upload/f_auto,q_auto/league/jxtikemnvpkw9r0ex2wv",2024,8,REG,2024_08_BAL_CLE,BAL,CLE,0,0,0,0,0,0,0,0,0,0,0,0,,,0,,0,0,0,0,11,73,1,0,0,2,-1.48819984943839,0,2,1,1,0,1,1,4,0,0,0,-6,10,0,0.043188750045374,0,0,0,0,0,-0.666666666666667,0.0285714285714286,-0.0158730158730159,0.0317460317460317,0,0,0,0,0,0,0,0.0,0.0,0,0,0,0,0,0,0,0,0,0,0,0,0,0,0,0,0,0,0,0,0,0,0,0,0,0,0,0,,,0,0,0,0,0,0,0,0,0,0,0,0,,,,0,0,0,0,0,0,0,,0,0,0,0,0,0,0,,0,0,0,0,0,0,0,0,0,0,13.7,14.7,Derrick Henry,9
00-0032764,D.Henry,Derrick Henry,RB,RB,"https://static.www.nfl.com/image/upload/f_auto,q_auto/league/jxtikemnvpkw9r0ex2wv",2024,9,REG,2024_09_DEN_BAL,BAL,DEN,0,0,0,0,0,0,0,0,0,0,0,0,,,0,,0,0,0,0,23,106,2,1,0,5,3.51109677713248,0,2,2,1,0,1,1,27,0,0,0,-7,34,1,1.96746828989126,0,1,1,1,0,-3.85714285714286,0.0526315789473684,-0.0466666666666667,0.046280701754386,0,0,0,0,0,0,0,0.0,0.0,0,0,0,0,0,0,0,0,0,0,0,0,0,0,0,1,0,0,1,0,0,0,0,0,0,0,0,0,,,0,0,0,0,0,0,0,0,0,0,0,0,,,,0,0,0,0,0,0,0,,0,0,0,0,0,0,0,,0,0,0,0,0,0,0,0,0,0,25.3,26.3,Derrick Henry,9
00-0032764,D.Henry,Derrick Henry,RB,RB,"https://static.www.nfl.com/image/upload/f_auto,q_auto/league/jxtikemnvpkw9r0ex2wv",2024,10,REG,2024_10_CIN_BAL,BAL,CIN,0,0,0,0,0,0,0,0,0,0,0,0,,,0,,0,0,0,0,16,68,1,0,0,3,-1.16071836039191,0,1,0,0,0,1,1,3,0,0,0,-5,8,0,-0.207602477516048,0,0,0,0,0,-0.6,0.03125,-0.0208333333333333,0.0322916666666667,0,0,0,0,0,0,0,0.0,0.0,0,0,0,0,0,0,0,0,0,0,0,0,0,0,0,0,0,0,0,0,0,0,0,0,0,0,0,0,,,0,0,0,0,0,0,0,0,0,0,0,0,,,,0,0,0,0,0,0,0,,0,0,0,0,0,0,0,,0,0,0,0,0,0,0,0,0,0,13.1,14.1,Derrick Henry,9
00-0032764,D.Henry,Derrick Henry,RB,RB,"https://static.www.nfl.com/image/upload/f_auto,q_auto/league/jxtikemnvpkw9r0ex2wv",2024,11,REG,2024_11_BAL_PIT,BAL,PIT,0,0,0,0,0,0,0,0,0,0,0,0,,,0,,0,0,0,0,13,65,1,1,1,3,-2.77297929598717,0,1,1,1,0,0,0,0,0,0,0,0,0,0,,0,0,0,0,0,,0.0,0.0,0.0,0,0,0,0,0,0,0,0.0,0.0,0,0,0,0,0,0,0,0,0,0,0,0,0,0,0,1,0,0,1,1,0,0,0,0,0,0,0,0,,,0,0,0,0,0,0,0,0,0,0,0,0,,,,0,0,0,0,0,0,0,,0,0,0,0,0,0,0,,0,0,0,0,0,0,0,0,0,0,10.5,10.5,Derrick Henry,9
00-0032764,D.Henry,Derrick Henry,RB,RB,"https://static.www.nfl.com/image/upload/f_auto,q_auto/league/jxtikemnvpkw9r0ex2wv",2024,12,REG,2024_12_BAL_LAC,BAL,LAC,0,0,0,0,0,0,0,0,0,0,0,0,,,0,,0,0,0,0,24,140,0,0,0,9,6.87343678838806,0,4,3,1,0,0,0,0,0,0,0,0,0,0,,0,0,0,0,0,,0.0,0.0,0.0,0,0,0,0,0,0,0,0.0,0.0,0,0,0,0,0,0,0,0,0,0,0,0,0,0,0,0,0,0,0,0,0,0,0,0,0,0,0,0,,,0,0,0,0,0,0,0,0,0,0,0,0,,,,0,0,0,0,0,0,0,,0,0,0,0,0,0,0,,0,0,0,0,0,0,0,0,0,0,14.0,14.0,Derrick Henry,9
00-0032764,D.Henry,Derrick Henry,RB,RB,"https://static.www.nfl.com/image/upload/f_auto,q_auto/league/jxtikemnvpkw9r0ex2wv",2024,13,REG,2024_13_PHI_BAL,BAL,PHI,0,0,0,0,0,0,0,0,0,0,0,0,,,0,,0,0,0,0,19,82,0,0,0,4,-2.44640736310976,0,2,1,0,0,3,3,29,0,0,0,3,26,2,1.0120637093205,0,2,1,0,0,9.66666666666667,0.0857142857142857,0.0082872928176795,0.134372533543804,0,0,0,0,0,0,0,0.0,0.0,0,0,0,0,0,0,0,0,0,0,0,0,0,0,0,0,0,0,0,0,0,0,0,0,0,0,0,0,,,0,0,0,0,0,0,0,0,0,0,0,0,,,,0,0,0,0,0,0,0,,0,0,0,0,0,0,0,,0,0,0,0,0,0,0,0,0,0,11.1,14.1,Derrick Henry,9
00-0032764,D.Henry,Derrick Henry,RB,RB,"https://static.www.nfl.com/image/upload/f_auto,q_auto/league/jxtikemnvpkw9r0ex2wv",2024,15,REG,2024_15_BAL_NYG,BAL,NYG,0,0,0,0,0,0,0,0,0,0,0,0,,,0,,0,0,0,0,14,67,0,0,0,5,2.40154420159524,0,2,1,0,0,0,0,0,0,0,0,0,0,0,,0,0,0,0,0,,0.0,0.0,0.0,0,0,0,0,0,0,0,0.0,0.0,0,0,0,0,0,0,0,0,0,0,0,0,0,0,0,0,0,0,0,0,0,0,0,0,0,0,0,0,,,0,0,0,0,0,0,0,0,0,0,0,0,,,,0,0,0,0,0,0,0,,0,0,0,0,0,0,0,,0,0,0,0,0,0,0,0,0,0,6.7,6.7,Derrick Henry,9
00-0032764,D.Henry,Derrick Henry,RB,RB,"https://static.www.nfl.com/image/upload/f_auto,q_auto/league/jxtikemnvpkw9r0ex2wv",2024,16,REG,2024_16_PIT_BAL,BAL,PIT,0,0,0,0,0,0,0,0,0,0,0,0,,,0,,0,0,0,0,24,162,0,0,0,8,1.27137414679128,0,7,5,1,1,2,2,27,0,0,0,-4,31,1,1.93044798902702,0,2,1,0,0,-6.75,0.0869565217391304,-0.0178571428571429,0.117934782608696,0,0,0,0,0,0,0,0.0,0.0,0,0,0,0,0,0,0,0,0,0,0,0,0,0,0,0,0,0,0,0,0,0,0,0,0,0,0,0,,,0,0,0,0,0,0,0,0,0,0,0,0,,,,0,0,0,0,0,0,0,,0,0,0,0,0,0,0,,0,0,0,0,0,0,0,0,0,0,18.9,20.9,Derrick Henry,9
00-0032764,D.Henry,Derrick Henry,RB,RB,"https://static.www.nfl.com/image/upload/f_auto,q_auto/league/jxtikemnvpkw9r0ex2wv",2024,17,REG,2024_17_BAL_HOU,BAL,HOU,0,0,0,0,0,0,0,0,0,0,0,0,,,0,,0,0,0,0,27,147,1,0,0,11,6.07883901978494,0,3,3,1,0,2,2,18,0,0,0,1,17,1,2.60255853232229,0,1,0,0,0,18.0,0.125,0.0052356020942408,0.191164921465969,0,0,0,0,0,0,0,0.0,0.0,0,0,0,0,0,0,0,0,0,0,0,0,0,0,0,0,0,0,0,0,0,0,0,0,0,0,0,0,,,0,0,0,0,0,0,0,0,0,0,0,0,,,,0,0,0,0,0,0,0,,0,0,0,0,0,0,0,,0,0,0,0,0,0,0,0,0,0,22.5,24.5,Derrick Henry,9
00-0032764,D.Henry,Derrick Henry,RB,RB,"https://static.www.nfl.com/image/upload/f_auto,q_auto/league/jxtikemnvpkw9r0ex2wv",2024,18,REG,2024_18_CLE_BAL,BAL,CLE,0,0,0,0,0,0,0,0,0,0,0,0,,,0,,0,0,0,0,20,138,2,0,0,5,4.16599707421847,0,4,4,3,1,2,3,23,0,0,0,8,23,2,-1.83764457030338,0,2,0,0,0,2.875,0.1,0.027972027972028,0.16958041958042,0,0,0,0,0,0,0,0.0,0.0,0,0,0,0,0,0,0,0,0,0,0,0,0,0,0,0,0,0,0,0,0,0,0,0,0,0,0,0,,,0,0,0,0,0,0,0,0,0,0,0,0,,,,0,0,0,0,0,0,0,,0,0,0,0,0,0,0,,0,0,0,0,0,0,0,0,0,0,28.1,30.1,Derrick Henry,9
00-0032764,D.Henry,Derrick Henry,RB,RB,"https://static.www.nfl.com/image/upload/f_auto,q_auto/league/jxtikemnvpkw9r0ex2wv",2025,1,REG,2025_01_BAL_BUF,BAL,BUF,0,0,0,0,0,0,0,0,0,0,0,0,,,0,,0,0,0,0,18,169,2,1,1,5,3.48642209538957,0,5,4,3,2,1,1,13,0,0,0,5,8,1,0.870773859205656,0,1,0,0,0,2.6,0.0526315789473684,0.0289017341040462,0.099178582293885,0,0,0,0,0,0,0,0.0,0.0,0,0,0,0,0,0,0,0,0,0,0,0,0,0,0,1,0,0,1,1,0,0,0,0,0,0,0,0,,,0,0,0,0,0,0,0,0,0,0,0,0,,,,0,0,0,0,0,0,0,,0,0,0,0,0,0,0,,0,0,0,0,0,0,0,0,0,0,28.2,29.2,Derrick Henry,9
00-0032764,D.Henry,Derrick Henry,RB,RB,"https://static.www.nfl.com/image/upload/f_auto,q_auto/league/jxtikemnvpkw9r0ex2wv",2025,2,REG,2025_02_CLE_BAL,BAL,CLE,0,0,0,0,0,0,0,0,0,0,0,0,,,0,,0,0,0,0,11,23,0,1,0,1,-2.82820571074262,0,0,0,0,0,0,0,0,0,0,0,0,0,0,,0,0,0,0,0,,0.0,0.0,0.0,0,0,0,0,0,0,0,0.0,0.0,0,0,0,0,0,0,0,0,0,0,0,0,0,0,0,1,0,0,1,0,0,0,0,0,0,0,0,0,,,0,0,0,0,0,0,0,0,0,0,0,0,,,,0,0,0,0,0,0,0,,0,0,0,0,0,0,0,,0,0,0,0,0,0,0,0,0,0,2.3,2.3,Derrick Henry,9
00-0032764,D.Henry,Derrick Henry,RB,RB,"https://static.www.nfl.com/image/upload/f_auto,q_auto/league/jxtikemnvpkw9r0ex2wv",2025,3,REG,2025_03_DET_BAL,BAL,DET,0,1,0,0,0,0,0,0,0,10,0,0,-0.459118590631988,-33.6930364370346,0,0.0,0,0,0,0,12,50,1,1,1,2,-5.6483193449094,0,1,1,1,0,1,1,7,0,0,0,-2,9,0,0.361415696563199,0,0,0,0,0,-3.5,0.0357142857142857,-0.0070422535211267,0.0486418511066398,0,0,0,0,0,0,0,0.0,0.0,0,0,0,0,0,0,0,0,0,0,0,0,0,0,0,1,0,0,1,1,0,0,0,0,0,0,0,0,,,0,0,0,0,0,0,0,0,0,0,0,0,,,,0,0,0,0,0,0,0,,0,0,0,0,0,0,0,,0,0,0,0,0,0,0,0,0,0,9.7,10.7,Derrick Henry,9
00-0032764,D.Henry,Derrick Henry,RB,RB,"https://static.www.nfl.com/image/upload/f_auto,q_auto/league/jxtikemnvpkw9r0ex2wv",2025,4,REG,2025_04_BAL_KC,BAL,KC,0,0,0,0,0,0,0,0,0,0,0,0,,,0,,0,0,0,0,8,42,0,0,0,2,-1.28664998750901,0,2,1,0,0,2,3,16,0,0,0,-2,15,0,0.488283096579835,0,1,0,0,0,-8.0,0.1,-0.0126582278481013,0.141139240506329,0,0,0,0,0,0,0,0.0,0.0,0,0,0,0,0,0,0,0,0,0,0,0,0,0,0,0,0,0,0,0,0,0,0,0,0,0,0,0,,,0,0,0,0,0,0,0,0,0,0,0,0,,,,0,0,0,0,0,0,0,,0,0,0,0,0,0,0,,0,0,0,0,0,0,0,0,0,0,5.8,7.8,Derrick Henry,9
00-0032764,D.Henry,Derrick Henry,RB,RB,"https://static.www.nfl.com/image/upload/f_auto,q_auto/league/jxtikemnvpkw9r0ex2wv",2025,5,REG,2025_05_HOU_BAL,BAL,HOU,0,0,0,0,0,0,0,0,0,0,0,0,,,0,,0,0,0,0,15,33,1,0,0,3,-4.63113175233593,0,0,0,0,0,0,1,0,0,0,0,0,0,0,-6.30845724302344,0,0,0,0,0,,0.05,0.0,0.075,0,1,0,0,0,0,0,0.0,0.0,0,0,0,0,0,0,0,0,0,0,0,0,0,0,0,0,0,0,0,0,0,0,0,0,0,0,0,0,,,0,0,0,0,0,0,0,0,0,0,0,0,,,,0,0,0,0,0,0,0,,0,0,0,0,0,0,0,,0,0,0,0,0,0,0,0,0,0,9.3,9.3,Derrick Henry,9
00-0032764,D.Henry,Derrick Henry,RB,RB,"https://static.www.nfl.com/image/upload/f_auto,q_auto/league/jxtikemnvpkw9r0ex2wv",2025,6,REG,2025_06_LA_BAL,BAL,LA,0,0,0,0,0,0,0,0,0,0,0,0,,,0,,0,0,0,0,24,122,0,0,0,7,-2.08611243625637,0,4,1,0,0,1,2,8,0,0,0,8,8,0,-0.059433399932459,0,0,0,0,0,1.0,0.0625,0.036697247706422,0.119438073394495,0,0,0,0,0,0,0,0.0,0.0,0,0,0,0,0,0,0,0,0,0,0,0,0,0,0,0,0,0,0,0,0,0,0,0,0,0,0,0,,,0,0,0,0,0,0,0,0,0,0,0,0,,,,0,0,0,0,0,0,0,,0,0,0,0,0,0,0,,0,0,0,0,0,0,0,0,0,0,13.0,14.0,Derrick Henry,9
00-0032764,D.Henry,Derrick Henry,RB,RB,"https://static.www.nfl.com/image/upload/f_auto,q_auto/league/jxtikemnvpkw9r0ex2wv",2025,8,REG,2025_08_CHI_BAL,BAL,CHI,0,0,0,0,0,0,0,0,0,0,0,0,,,0,,0,0,0,0,21,71,2,0,0,6,1.34444122994319,0,1,0,0,0,0,1,0,0,0,0,2,0,0,-1.54083660547622,0,0,0,0,0,0.0,0.0454545454545455,0.0095693779904306,0.0748803827751196,0,0,0,0,0,0,0,0.0,0.0,0,0,0,0,0,0,0,0,0,0,0,0,0,0,0,0,0,0,0,0,0,0,0,0,0,0,0,0,,,0,0,0,0,0,0,0,0,0,0,0,0,,,,0,0,0,0,0,0,0,,0,0,0,0,0,0,0,,0,0,0,0,0,0,0,0,0,0,19.1,19.1,Derrick Henry,9
00-0032764,D.Henry,Derrick Henry,RB,RB,"https://static.www.nfl.com/image/upload/f_auto,q_auto/league/jxtikemnvpkw9r0ex2wv",2025,9,REG,2025_09_BAL_MIA,BAL,MIA,0,0,0,0,0,0,0,0,0,0,0,0,,,0,,0,0,0,0,19,119,0,0,0,3,0.0974347872543149,0,4,4,1,0,1,1,2,0,0,0,1,1,0,-0.437473013997078,0,0,0,0,0,2.0,0.0434782608695652,0.0048309178743961,0.0685990338164251,0,0,0,0,0,0,0,0.0,0.0,0,0,0,0,0,0,0,0,0,0,0,0,0,0,0,0,0,0,0,0,0,0,0,0,0,0,0,0,,,0,0,0,0,0,0,0,0,0,0,0,0,,,,0,0,0,0,0,0,0,,0,0,0,0,0,0,0,,0,0,0,0,0,0,0,0,0,0,12.1,13.1,Derrick Henry,9
00-0032764,D.Henry,Derrick Henry,RB,RB,"https://static.www.nfl.com/image/upload/f_auto,q_auto/league/jxtikemnvpkw9r0ex2wv",2025,10,REG,2025_10_BAL_MIN,BAL,MIN,0,0,0,0,0,0,0,0,0,0,0,0,,,0,,0,0,0,0,20,75,0,0,0,5,-2.37713748709382,0,2,2,0,0,3,3,9,0,0,0,-2,11,0,-0.680129135143943,0,0,0,0,0,-4.5,0.107142857142857,-0.0168067226890756,0.148949579831933,0,0,0,0,0,0,0,0.0,0.0,0,0,0,0,0,0,0,0,0,0,0,0,0,0,0,0,0,0,0,0,0,0,0,0,0,0,0,0,,,0,0,0,0,0,0,0,0,0,0,0,0,,,,0,0,0,0,0,0,0,,0,0,0,0,0,0,0,,0,0,0,0,0,0,0,0,0,0,8.4,11.4,Derrick Henry,9
00-0032764,D.Henry,Derrick Henry,RB,RB,"https://static.www.nfl.com/image/upload/f_auto,q_auto/league/jxtikemnvpkw9r0ex2wv",2025,11,REG,2025_11_BAL_CLE,BAL,CLE,0,0,0,0,0,0,0,0,0,0,0,0,,,0,,0,0,0,0,18,103,1,0,0,5,0.934086890280014,0,1,1,1,1,2,2,19,0,0,0,3,16,1,1.28675199736608,0,1,0,0,0,6.33333333333333,0.08,0.0150753768844221,0.130552763819095,0,0,0,0,0,0,0,0.0,0.0,0,0,0,0,0,0,0,0,0,0,0,0,0,1,11,0,0,0,0,0,0,0,0,0,0,0,0,0,,,0,0,0,0,0,0,0,0,0,0,0,0,,,,0,0,0,0,0,0,0,,0,0,0,0,0,0,0,,0,0,0,0,0,0,0,0,0,0,18.2,20.2,Derrick Henry,9
00-0032764,D.Henry,Derrick Henry,RB,RB,"https://static.www.nfl.com/image/upload/f_auto,q_auto/league/jxtikemnvpkw9r0ex2wv",2025,12,REG,2025_12_NYJ_BAL,BAL,NYJ,0,0,0,0,0,0,0,0,0,0,0,0,,,0,,0,0,0,0,21,64,2,0,0,3,-1.74203504808247,0,1,1,0,0,2,2,24,0,0,0,4,20,1,1.25797704601428,0,1,1,0,0,6.0,0.1,0.0178571428571429,0.1625,0,0,0,0,0,0,0,0.0,0.0,0,0,0,0,0,0,0,0,0,0,0,0,0,0,0,0,0,0,0,0,0,0,0,0,0,0,0,0,,,0,0,0,0,0,0,0,0,0,0,0,0,,,,0,0,0,0,0,0,0,,0,0,0,0,0,0,0,,0,0,0,0,0,0,0,0,0,0,20.8,22.8,Derrick Henry,9
00-0032764,D.Henry,Derrick Henry,RB,RB,"https://static.www.nfl.com/image/upload/f_auto,q_auto/league/jxtikemnvpkw9r0ex2wv",2025,13,REG,2025_13_CIN_BAL,BAL,CIN,0,0,0,0,0,0,0,0,0,0,0,0,,,0,,0,0,0,0,10,60,1,0,0,3,2.09468848677352,0,1,1,1,0,1,1,44,0,0,0,2,42,1,2.87316200206988,0,1,1,1,1,22.0,0.0333333333333333,0.005249343832021,0.0536745406824147,0,0,0,0,0,0,0,0.0,0.0,0,0,0,0,0,0,0,0,0,0,0,0,0,0,0,0,0,0,0,0,0,0,0,0,0,0,0,0,,,0,0,0,0,0,0,0,0,0,0,0,0,,,,0,0,0,0,0,0,0,,0,0,0,0,0,0,0,,0,0,0,0,0,0,0,0,0,0,16.4,17.4,Derrick Henry,9
00-0032764,D.Henry,Derrick Henry,RB,RB,"https://static.www.nfl.com/image/upload/f_auto,q_auto/league/jxtikemnvpkw9r0ex2wv",2025,14,REG,2025_14_PIT_BAL,BAL,PIT,0,0,0,0,0,0,0,0,0,0,0,0,,,0,,0,0,0,0,25,94,0,0,0,6,-2.01301404924016,0,1,1,0,0,1,2,8,0,0,0,1,5,0,-0.176266313181259,0,0,0,0,0,8.0,0.0606060606060606,0.0038910505836575,0.0936328263176512,0,0,0,0,0,0,0,0.0,0.0,0,0,0,0,0,0,0,0,0,0,0,0,0,0,0,0,0,0,0,0,0,0,0,0,0,0,0,0,,,0,0,0,0,0,0,0,0,0,0,0,0,,,,0,0,0,0,0,0,0,,0,0,0,0,0,0,0,,0,0,0,0,0,0,0,0,0,0,10.2,11.2,Derrick Henry,9
00-0032764,D.Henry,Derrick Henry,RB,RB,"https://static.www.nfl.com/image/upload/f_auto,q_auto/league/jxtikemnvpkw9r0ex2wv",2025,15,REG,2025_15_BAL_CIN,BAL,CIN,0,0,0,0,0,0,0,0,0,0,0,0,,,0,,0,0,0,0,11,100,0,0,0,4,4.14585422183154,0,3,3,3,0,0,0,0,0,0,0,0,0,0,,0,0,0,0,0,,0.0,0.0,0.0,0,0,0,0,0,0,0,0.0,0.0,0,0,0,0,0,0,0,0,0,0,0,0,0,0,0,0,0,0,0,0,0,0,0,0,0,0,0,0,,,0,0,0,0,0,0,0,0,0,0,0,0,,,,0,0,0,0,0,0,0,,0,0,0,0,0,0,0,,0,0,0,0,0,0,0,0,0,0,10.0,10.0,Derrick Henry,9
00-0032764,D.Henry,Derrick Henry,RB,RB,"https://static.www.nfl.com/image/upload/f_auto,q_auto/league/jxtikemnvpkw9r0ex2wv",2025,16,REG,2025_16_NE_BAL,BAL,NE,0,0,0,0,0,0,0,0,0,0,0,0,,,0,,0,0,0,0,18,128,2,1,1,5,2.08530288597103,0,3,3,3,0,0,0,0,0,0,0,0,0,0,,0,0,0,0,0,,0.0,0.0,0.0,0,0,0,0,0,0,0,0.0,0.0,0,0,0,0,0,0,0,0,0,0,0,0,0,0,0,1,0,0,1,1,0,0,0,0,0,0,0,0,,,0,0,0,0,0,0,0,0,0,0,0,0,,,,0,0,0,0,0,0,0,,0,0,0,0,0,0,0,,0,0,0,0,0,0,0,0,0,0,22.8,22.8,Derrick Henry,9
00-0032764,D.Henry,Derrick Henry,RB,RB,"https://static.www.nfl.com/image/upload/f_auto,q_auto/league/jxtikemnvpkw9r0ex2wv",2025,17,REG,2025_17_BAL_GB,BAL,GB,0,0,0,0,0,0,0,0,0,0,0,0,,,0,,0,0,0,0,36,216,4,0,0,14,16.5498025594861,0,4,4,2,0,0,0,0,0,0,0,0,0,0,,0,0,0,0,0,,0.0,0.0,0.0,0,0,0,0,0,0,0,0.0,0.0,0,0,0,0,0,0,0,0,0,0,0,0,0,0,0,0,0,0,0,0,0,0,0,0,0,0,0,0,,,0,0,0,0,0,0,0,0,0,0,0,0,,,,0,0,0,0,0,0,0,,0,0,0,0,0,0,0,,0,0,0,0,0,0,0,0,0,0,45.6,45.6,Derrick Henry,9
00-0032764,D.Henry,Derrick Henry,RB,RB,"https://static.www.nfl.com/image/upload/f_auto,q_auto/league/jxtikemnvpkw9r0ex2wv",2025,18,REG,2025_18_BAL_PIT,BAL,PIT,0,0,0,0,0,0,0,0,0,0,0,0,,,0,,0,0,0,0,20,126,0,0,0,5,1.04074692947324,0,3,3,2,1,0,1,0,0,0,0,-8,0,0,-0.811520795570687,0,0,0,0,0,0.0,0.0588235294117647,-0.0451977401129944,0.056596876038551,0,0,0,0,0,0,0,0.0,0.0,0,0,0,0,0,0,0,0,0,0,0,0,0,0,0,0,0,0,0,0,0,0,0,0,0,0,0,0,,,0,0,0,0,0,0,0,0,0,0,0,0,,,,0,0,0,0,0,0,0,,0,0,0,0,0,0,0,,0,0,0,0,0,0,0,0,0,0,12.6,12.6,Derrick Henry,9
