player_id,name,position,team,adp,adp_formatted,times_drafted,high,low,stdev,bye,pulled_meta
5672,Jahmyr Gibbs,RB,DET,1.6,1.02,993,1,4,0.7,6,"{""type"": ""PPR"", ""teams"": 12, ""rounds"": 15, ""total_drafts"": 5187, ""start_date"": ""2026-08-01"", ""end_date"": ""2026-08-08""}"
5670,Bijan Robinson,RB,ATL,2.0,1.02,709,1,4,0.8,11,"{""type"": ""PPR"", ""teams"": 12, ""rounds"": 15, ""total_drafts"": 5187, ""start_date"": ""2026-08-01"", ""end_date"": ""2026-08-08""}"
5714,Puka Nacua,WR,LAR,2.9,1.03,248,1,6,0.7,11,"{""type"": ""PPR"", ""teams"": 12, ""rounds"": 15, ""total_drafts"": 5187, ""start_date"": ""2026-08-01"", ""end_date"": ""2026-08-08""}"
5177,Ja'Marr Chase,WR,CIN,3.9,1.04,1156,1,7,1.0,6,"{""type"": ""PPR"", ""teams"": 12, ""rounds"": 15, ""total_drafts"": 5187, ""start_date"": ""2026-08-01"", ""end_date"": ""2026-08-08""}"
2434,Christian McCaffrey,RB,SF,5.3,1.05,588,2,10,1.3,8,"{""type"": ""PPR"", ""teams"": 12, ""rounds"": 15, ""total_drafts"": 5187, ""start_date"": ""2026-08-01"", ""end_date"": ""2026-08-08""}"
5671,Jaxon Smith-Njigba,WR,SEA,5.9,1.06,659,2,11,1.2,11,"{""type"": ""PPR"", ""teams"": 12, ""rounds"": 15, ""total_drafts"": 5187, ""start_date"": ""2026-08-01"", ""end_date"": ""2026-08-08""}"
5182,Amon-Ra St. Brown,WR,DET,7.0,1.07,685,3,11,1.3,6,"{""type"": ""PPR"", ""teams"": 12, ""rounds"": 15, ""total_drafts"": 5187, ""start_date"": ""2026-08-01"", ""end_date"": ""2026-08-08""}"
4864,Jonathan Taylor,RB,IND,7.5,1.08,904,3,15,1.6,13,"{""type"": ""PPR"", ""teams"": 12, ""rounds"": 15, ""total_drafts"": 5187, ""start_date"": ""2026-08-01"", ""end_date"": ""2026-08-08""}"
5683,De'Von Achane,RB,MIA,9.4,1.09,339,4,14,1.8,6,"{""type"": ""PPR"", ""teams"": 12, ""rounds"": 15, ""total_drafts"": 5187, ""start_date"": ""2026-08-01"", ""end_date"": ""2026-08-08""}"
5574,Drake London,WR,ATL,10.6,1.11,209,6,16,1.6,11,"{""type"": ""PPR"", ""teams"": 12, ""rounds"": 15, ""total_drafts"": 5187, ""start_date"": ""2026-08-01"", ""end_date"": ""2026-08-08""}"
4869,CeeDee Lamb,WR,DAL,11.3,1.11,723,6,18,2.0,14,"{""type"": ""PPR"", ""teams"": 12, ""rounds"": 15, ""total_drafts"": 5187, ""start_date"": ""2026-08-01"", ""end_date"": ""2026-08-08""}"
5696,Rashee Rice,WR,KC,11.4,1.11,176,6,19,1.8,5,"{""type"": ""PPR"", ""teams"": 12, ""rounds"": 15, ""total_drafts"": 5187, ""start_date"": ""2026-08-01"", ""end_date"": ""2026-08-08""}"
5706,Chase Brown,RB,CIN,12.2,1.12,719,6,19,2.3,6,"{""type"": ""PPR"", ""teams"": 12, ""rounds"": 15, ""total_drafts"": 5187, ""start_date"": ""2026-08-01"", ""end_date"": ""2026-08-08""}"
4876,Justin Jefferson,WR,MIN,13.3,2.01,803,6,21,2.7,6,"{""type"": ""PPR"", ""teams"": 12, ""rounds"": 15, ""total_drafts"": 5187, ""start_date"": ""2026-08-01"", ""end_date"": ""2026-08-08""}"
6500,Ashton Jeanty,RB,LV,14.1,2.02,612,6,22,3.0,13,"{""type"": ""PPR"", ""teams"": 12, ""rounds"": 15, ""total_drafts"": 5187, ""start_date"": ""2026-08-01"", ""end_date"": ""2026-08-08""}"
5652,James Cook III,RB,BUF,15.1,2.03,1422,7,23,3.0,7,"{""type"": ""PPR"", ""teams"": 12, ""rounds"": 15, ""total_drafts"": 5187, ""start_date"": ""2026-08-01"", ""end_date"": ""2026-08-08""}"
2350,Derrick Henry,RB,BAL,16.1,2.04,368,7,24,3.1,13,"{""type"": ""PPR"", ""teams"": 12, ""rounds"": 15, ""total_drafts"": 5187, ""start_date"": ""2026-08-01"", ""end_date"": ""2026-08-08""}"
3247,A.J. Brown,WR,NE,17.5,2.06,652,10,24,2.7,11,"{""type"": ""PPR"", ""teams"": 12, ""rounds"": 15, ""total_drafts"": 5187, ""start_date"": ""2026-08-01"", ""end_date"": ""2026-08-08""}"
2860,Saquon Barkley,RB,PHI,18.7,2.07,1237,9,28,3.4,10,"{""type"": ""PPR"", ""teams"": 12, ""rounds"": 15, ""total_drafts"": 5187, ""start_date"": ""2026-08-01"", ""end_date"": ""2026-08-08""}"
6538,Omarion Hampton,RB,LAC,19.8,2.08,1373,10,30,3.7,7,"{""type"": ""PPR"", ""teams"": 12, ""rounds"": 15, ""total_drafts"": 5187, ""start_date"": ""2026-08-01"", ""end_date"": ""2026-08-08""}"
5544,Chris Olave,WR,NO,20.1,2.08,226,13,26,2.4,8,"{""type"": ""PPR"", ""teams"": 12, ""rounds"": 15, ""total_drafts"": 5187, ""start_date"": ""2026-08-01"", ""end_date"": ""2026-08-08""}"
5576,George Pickens,WR,DAL,21.6,2.10,444,15,28,2.4,14,"{""type"": ""PPR"", ""teams"": 12, ""rounds"": 15, ""total_drafts"": 5187, ""start_date"": ""2026-08-01"", ""end_date"": ""2026-08-08""}"
5207,Nico Collins,WR,HOU,23.2,2.11,622,16,30,2.6,8,"{""type"": ""PPR"", ""teams"": 12, ""rounds"": 15, ""total_drafts"": 5187, ""start_date"": ""2026-08-01"", ""end_date"": ""2026-08-08""}"
3255,Josh Jacobs,RB,GB,24.6,3.01,364,17,32,2.6,11,"{""type"": ""PPR"", ""teams"": 12, ""rounds"": 15, ""total_drafts"": 5187, ""start_date"": ""2026-08-01"", ""end_date"": ""2026-08-08""}"
6769,Jeremiyah Love,RB,ARI,25.6,3.02,293,17,36,3.2,14,"{""type"": ""PPR"", ""teams"": 12, ""rounds"": 15, ""total_drafts"": 5187, ""start_date"": ""2026-08-01"", ""end_date"": ""2026-08-08""}"
5625,Kenneth Walker,RB,KC,26.5,3.03,1582,16,38,3.7,5,"{""type"": ""PPR"", ""teams"": 12, ""rounds"": 15, ""total_drafts"": 5187, ""start_date"": ""2026-08-01"", ""end_date"": ""2026-08-08""}"
5675,Zay Flowers,WR,BAL,26.6,3.03,276,19,33,2.8,13,"{""type"": ""PPR"", ""teams"": 12, ""rounds"": 15, ""total_drafts"": 5187, ""start_date"": ""2026-08-01"", ""end_date"": ""2026-08-08""}"
2885,Josh Allen,QB,BUF,26.7,3.03,663,9,40,6.4,7,"{""type"": ""PPR"", ""teams"": 12, ""rounds"": 15, ""total_drafts"": 5187, ""start_date"": ""2026-08-01"", ""end_date"": ""2026-08-08""}"
5503,Breece Hall,RB,NYJ,28.3,3.04,192,21,35,2.8,13,"{""type"": ""PPR"", ""teams"": 12, ""rounds"": 15, ""total_drafts"": 5187, ""start_date"": ""2026-08-01"", ""end_date"": ""2026-08-08""}"
5548,Garrett Wilson,WR,NYJ,28.5,3.04,237,19,39,3.3,13,"{""type"": ""PPR"", ""teams"": 12, ""rounds"": 15, ""total_drafts"": 5187, ""start_date"": ""2026-08-01"", ""end_date"": ""2026-08-08""}"
4883,DeVonta Smith,WR,PHI,29.1,3.05,681,19,39,3.7,10,"{""type"": ""PPR"", ""teams"": 12, ""rounds"": 15, ""total_drafts"": 5187, ""start_date"": ""2026-08-01"", ""end_date"": ""2026-08-08""}"
6509,Cam Skattebo,RB,NYG,30.6,3.07,343,21,40,3.4,8,"{""type"": ""PPR"", ""teams"": 12, ""rounds"": 15, ""total_drafts"": 5187, ""start_date"": ""2026-08-01"", ""end_date"": ""2026-08-08""}"
5623,Kyren Williams,RB,LAR,32.2,3.08,653,22,42,3.7,11,"{""type"": ""PPR"", ""teams"": 12, ""rounds"": 15, ""total_drafts"": 5187, ""start_date"": ""2026-08-01"", ""end_date"": ""2026-08-08""}"
6576,Emeka Egbuka,WR,TB,33.7,3.10,1070,22,49,4.5,10,"{""type"": ""PPR"", ""teams"": 12, ""rounds"": 15, ""total_drafts"": 5187, ""start_date"": ""2026-08-01"", ""end_date"": ""2026-08-08""}"
6561,Tetairoa McMillan,WR,CAR,33.9,3.10,443,24,44,3.7,5,"{""type"": ""PPR"", ""teams"": 12, ""rounds"": 15, ""total_drafts"": 5187, ""start_date"": ""2026-08-01"", ""end_date"": ""2026-08-08""}"
6183,Malik Nabers,WR,NYG,33.9,3.10,1034,22,47,4.5,8,"{""type"": ""PPR"", ""teams"": 12, ""rounds"": 15, ""total_drafts"": 5187, ""start_date"": ""2026-08-01"", ""end_date"": ""2026-08-08""}"
5656,Trey McBride,TE,ARI,35.3,3.11,851,19,48,6.0,14,"{""type"": ""PPR"", ""teams"": 12, ""rounds"": 15, ""total_drafts"": 5187, ""start_date"": ""2026-08-01"", ""end_date"": ""2026-08-08""}"
5185,Javonte Williams,RB,DAL,36.7,4.01,657,26,50,4.0,14,"{""type"": ""PPR"", ""teams"": 12, ""rounds"": 15, ""total_drafts"": 5187, ""start_date"": ""2026-08-01"", ""end_date"": ""2026-08-08""}"
4863,Travis Etienne Jr.,RB,NO,37.1,4.01,304,27,48,3.8,8,"{""type"": ""PPR"", ""teams"": 12, ""rounds"": 15, ""total_drafts"": 5187, ""start_date"": ""2026-08-01"", ""end_date"": ""2026-08-08""}"
4870,Tee Higgins,WR,CIN,39.2,4.03,478,28,48,4.0,6,"{""type"": ""PPR"", ""teams"": 12, ""rounds"": 15, ""total_drafts"": 5187, ""start_date"": ""2026-08-01"", ""end_date"": ""2026-08-08""}"
6178,Brock Bowers,TE,LV,40.7,4.05,1567,18,58,8.5,13,"{""type"": ""PPR"", ""teams"": 12, ""rounds"": 15, ""total_drafts"": 5187, ""start_date"": ""2026-08-01"", ""end_date"": ""2026-08-08""}"
2125,Davante Adams,WR,LAR,41.2,4.05,334,30,53,4.1,11,"{""type"": ""PPR"", ""teams"": 12, ""rounds"": 15, ""total_drafts"": 5187, ""start_date"": ""2026-08-01"", ""end_date"": ""2026-08-08""}"
3449,Terry McLaurin,WR,WAS,42.6,4.07,542,31,59,4.2,7,"{""type"": ""PPR"", ""teams"": 12, ""rounds"": 15, ""total_drafts"": 5187, ""start_date"": ""2026-08-01"", ""end_date"": ""2026-08-08""}"
6190,Bucky Irving,RB,TB,42.8,4.07,360,31,53,4.3,10,"{""type"": ""PPR"", ""teams"": 12, ""rounds"": 15, ""total_drafts"": 5187, ""start_date"": ""2026-08-01"", ""end_date"": ""2026-08-08""}"
6281,Ladd McConkey,WR,LAC,44.2,4.08,1164,32,65,4.5,7,"{""type"": ""PPR"", ""teams"": 12, ""rounds"": 15, ""total_drafts"": 5187, ""start_date"": ""2026-08-01"", ""end_date"": ""2026-08-08""}"
4862,D'Andre Swift,RB,CHI,44.4,4.08,322,33,55,4.4,10,"{""type"": ""PPR"", ""teams"": 12, ""rounds"": 15, ""total_drafts"": 5187, ""start_date"": ""2026-08-01"", ""end_date"": ""2026-08-08""}"
5643,Jameson Williams,WR,DET,45.8,4.10,192,34,63,4.5,6,"{""type"": ""PPR"", ""teams"": 12, ""rounds"": 15, ""total_drafts"": 5187, ""start_date"": ""2026-08-01"", ""end_date"": ""2026-08-08""}"
5178,Jaylen Waddle,WR,DEN,48.8,5.01,846,35,70,5.0,10,"{""type"": ""PPR"", ""teams"": 12, ""rounds"": 15, ""total_drafts"": 5187, ""start_date"": ""2026-08-01"", ""end_date"": ""2026-08-08""}"
6187,Drake Maye,QB,NE,49.6,5.02,279,30,63,7.5,11,"{""type"": ""PPR"", ""teams"": 12, ""rounds"": 15, ""total_drafts"": 5187, ""start_date"": ""2026-08-01"", ""end_date"": ""2026-08-08""}"
6194,Rome Odunze,WR,CHI,49.7,5.02,454,34,72,6.0,10,"{""type"": ""PPR"", ""teams"": 12, ""rounds"": 15, ""total_drafts"": 5187, ""start_date"": ""2026-08-01"", ""end_date"": ""2026-08-08""}"
6531,Quinshon Judkins,RB,CLE,49.8,5.02,723,35,63,5.3,11,"{""type"": ""PPR"", ""teams"": 12, ""rounds"": 15, ""total_drafts"": 5187, ""start_date"": ""2026-08-01"", ""end_date"": ""2026-08-08""}"
6513,Bhayshul Tuten,RB,JAX,51.2,5.03,753,37,65,5.2,7,"{""type"": ""PPR"", ""teams"": 12, ""rounds"": 15, ""total_drafts"": 5187, ""start_date"": ""2026-08-01"", ""end_date"": ""2026-08-08""}"
2876,DJ Moore,WR,BUF,51.3,5.03,817,36,70,5.9,7,"{""type"": ""PPR"", ""teams"": 12, ""rounds"": 15, ""total_drafts"": 5187, ""start_date"": ""2026-08-01"", ""end_date"": ""2026-08-08""}"
2888,Lamar Jackson,QB,BAL,52.8,5.05,426,31,69,8.1,13,"{""type"": ""PPR"", ""teams"": 12, ""rounds"": 15, ""total_drafts"": 5187, ""start_date"": ""2026-08-01"", ""end_date"": ""2026-08-08""}"
6559,Luther Burden III,WR,CHI,53.4,5.05,630,36,73,6.6,10,"{""type"": ""PPR"", ""teams"": 12, ""rounds"": 15, ""total_drafts"": 5187, ""start_date"": ""2026-08-01"", ""end_date"": ""2026-08-08""}"
5641,Alec Pierce,WR,IND,55.5,5.07,191,39,69,6.2,13,"{""type"": ""PPR"", ""teams"": 12, ""rounds"": 15, ""total_drafts"": 5187, ""start_date"": ""2026-08-01"", ""end_date"": ""2026-08-08""}"
6490,TreVeyon Henderson,RB,NE,55.7,5.08,510,40,71,5.7,11,"{""type"": ""PPR"", ""teams"": 12, ""rounds"": 15, ""total_drafts"": 5187, ""start_date"": ""2026-08-01"", ""end_date"": ""2026-08-08""}"
4882,Joe Burrow,QB,CIN,57.8,5.10,480,36,76,8.3,6,"{""type"": ""PPR"", ""teams"": 12, ""rounds"": 15, ""total_drafts"": 5187, ""start_date"": ""2026-08-01"", ""end_date"": ""2026-08-08""}"
2862,Courtland Sutton,WR,DEN,59.8,5.12,269,44,81,6.0,10,"{""type"": ""PPR"", ""teams"": 12, ""rounds"": 15, ""total_drafts"": 5187, ""start_date"": ""2026-08-01"", ""end_date"": ""2026-08-08""}"
2111,Mike Evans,WR,SF,60.0,5.12,1195,42,81,6.7,8,"{""type"": ""PPR"", ""teams"": 12, ""rounds"": 15, ""total_drafts"": 5187, ""start_date"": ""2026-08-01"", ""end_date"": ""2026-08-08""}"
6501,Colston Loveland,TE,CHI,60.8,6.01,827,35,85,9.9,10,"{""type"": ""PPR"", ""teams"": 12, ""rounds"": 15, ""total_drafts"": 5187, ""start_date"": ""2026-08-01"", ""end_date"": ""2026-08-08""}"
3435,Tony Pollard,RB,TEN,63.5,6.03,250,45,80,6.8,9,"{""type"": ""PPR"", ""teams"": 12, ""rounds"": 15, ""total_drafts"": 5187, ""start_date"": ""2026-08-01"", ""end_date"": ""2026-08-08""}"
3238,David Montgomery,RB,HOU,63.6,6.04,1024,43,85,7.7,8,"{""type"": ""PPR"", ""teams"": 12, ""rounds"": 15, ""total_drafts"": 5187, ""start_date"": ""2026-08-01"", ""end_date"": ""2026-08-08""}"
6193,Marvin Harrison Jr.,WR,ARI,63.9,6.04,533,49,84,6.6,14,"{""type"": ""PPR"", ""teams"": 12, ""rounds"": 15, ""total_drafts"": 5187, ""start_date"": ""2026-08-01"", ""end_date"": ""2026-08-08""}"
6776,Jadarian Price,RB,SEA,64.5,6.05,925,45,84,7.3,11,"{""type"": ""PPR"", ""teams"": 12, ""rounds"": 15, ""total_drafts"": 5187, ""start_date"": ""2026-08-01"", ""end_date"": ""2026-08-08""}"
3239,DK Metcalf,WR,PIT,65.1,6.05,435,46,83,7.2,9,"{""type"": ""PPR"", ""teams"": 12, ""rounds"": 15, ""total_drafts"": 5187, ""start_date"": ""2026-08-01"", ""end_date"": ""2026-08-08""}"
6504,Tyler Warren,TE,IND,65.8,6.06,854,39,86,10.1,13,"{""type"": ""PPR"", ""teams"": 12, ""rounds"": 15, ""total_drafts"": 5187, ""start_date"": ""2026-08-01"", ""end_date"": ""2026-08-08""}"
5443,Jaylen Warren,RB,PIT,67.2,6.07,185,50,96,6.5,9,"{""type"": ""PPR"", ""teams"": 12, ""rounds"": 15, ""total_drafts"": 5187, ""start_date"": ""2026-08-01"", ""end_date"": ""2026-08-08""}"
2377,Dak Prescott,QB,DAL,67.3,6.07,340,46,91,8.1,14,"{""type"": ""PPR"", ""teams"": 12, ""rounds"": 15, ""total_drafts"": 5187, ""start_date"": ""2026-08-01"", ""end_date"": ""2026-08-08""}"
5360,Christian Watson,WR,GB,68.7,6.09,1325,47,89,8.3,11,"{""type"": ""PPR"", ""teams"": 12, ""rounds"": 15, ""total_drafts"": 5187, ""start_date"": ""2026-08-01"", ""end_date"": ""2026-08-08""}"
5588,Wan'Dale Robinson,WR,TEN,70.9,6.11,329,52,90,7.0,9,"{""type"": ""PPR"", ""teams"": 12, ""rounds"": 15, ""total_drafts"": 5187, ""start_date"": ""2026-08-01"", ""end_date"": ""2026-08-08""}"
5854,Jayden Daniels,QB,WAS,71.3,6.11,279,48,100,8.6,7,"{""type"": ""PPR"", ""teams"": 12, ""rounds"": 15, ""total_drafts"": 5187, ""start_date"": ""2026-08-01"", ""end_date"": ""2026-08-08""}"
5095,Rico Dowdle,RB,PIT,71.3,6.11,230,50,96,8.4,9,"{""type"": ""PPR"", ""teams"": 12, ""rounds"": 15, ""total_drafts"": 5187, ""start_date"": ""2026-08-01"", ""end_date"": ""2026-08-08""}"
5210,Rhamondre Stevenson,RB,NE,72.2,6.12,219,55,86,6.4,11,"{""type"": ""PPR"", ""teams"": 12, ""rounds"": 15, ""total_drafts"": 5187, ""start_date"": ""2026-08-01"", ""end_date"": ""2026-08-08""}"
4880,Michael Pittman Jr.,WR,PIT,72.2,6.12,407,54,89,6.9,9,"{""type"": ""PPR"", ""teams"": 12, ""rounds"": 15, ""total_drafts"": 5187, ""start_date"": ""2026-08-01"", ""end_date"": ""2026-08-08""}"
5025,Jalen Hurts,QB,PHI,74.6,7.03,319,50,112,9.3,10,"{""type"": ""PPR"", ""teams"": 12, ""rounds"": 15, ""total_drafts"": 5187, ""start_date"": ""2026-08-01"", ""end_date"": ""2026-08-08""}"
4873,Chuba Hubbard,RB,CAR,74.7,7.03,259,57,97,6.6,5,"{""type"": ""PPR"", ""teams"": 12, ""rounds"": 15, ""total_drafts"": 5187, ""start_date"": ""2026-08-01"", ""end_date"": ""2026-08-08""}"
5705,Parker Washington,WR,JAX,75.4,7.03,784,54,96,8.2,7,"{""type"": ""PPR"", ""teams"": 12, ""rounds"": 15, ""total_drafts"": 5187, ""start_date"": ""2026-08-01"", ""end_date"": ""2026-08-08""}"
3496,Jakobi Meyers,WR,JAX,76.1,7.04,246,58,90,7.0,7,"{""type"": ""PPR"", ""teams"": 12, ""rounds"": 15, ""total_drafts"": 5187, ""start_date"": ""2026-08-01"", ""end_date"": ""2026-08-08""}"
6768,Carnell Tate,WR,TEN,76.4,7.04,739,56,95,7.5,9,"{""type"": ""PPR"", ""teams"": 12, ""rounds"": 15, ""total_drafts"": 5187, ""start_date"": ""2026-08-01"", ""end_date"": ""2026-08-08""}"
5181,Kyle Pitts Sr.,TE,ATL,78.5,7.06,203,60,107,7.0,11,"{""type"": ""PPR"", ""teams"": 12, ""rounds"": 15, ""total_drafts"": 5187, ""start_date"": ""2026-08-01"", ""end_date"": ""2026-08-08""}"
5648,Brock Purdy,QB,SF,80.1,7.08,109,54,104,11.4,8,"{""type"": ""PPR"", ""teams"": 12, ""rounds"": 15, ""total_drafts"": 5187, ""start_date"": ""2026-08-01"", ""end_date"": ""2026-08-08""}"
6502,Harold Fannin Jr.,TE,CLE,81.5,7.10,102,56,130,9.6,11,"{""type"": ""PPR"", ""teams"": 12, ""rounds"": 15, ""total_drafts"": 5187, ""start_date"": ""2026-08-01"", ""end_date"": ""2026-08-08""}"
6175,Brian Thomas Jr.,WR,JAX,83.0,7.11,923,59,108,8.9,7,"{""type"": ""PPR"", ""teams"": 12, ""rounds"": 15, ""total_drafts"": 5187, ""start_date"": ""2026-08-01"", ""end_date"": ""2026-08-08""}"
6530,RJ Harvey,RB,DEN,83.1,7.11,462,59,117,9.2,10,"{""type"": ""PPR"", ""teams"": 12, ""rounds"": 15, ""total_drafts"": 5187, ""start_date"": ""2026-08-01"", ""end_date"": ""2026-08-08""}"
1664,Matthew Stafford,QB,LAR,83.6,7.12,329,56,119,11.0,11,"{""type"": ""PPR"", ""teams"": 12, ""rounds"": 15, ""total_drafts"": 5187, ""start_date"": ""2026-08-01"", ""end_date"": ""2026-08-08""}"
6771,Jordyn Tyson,WR,NO,85.6,8.02,550,66,118,7.3,8,"{""type"": ""PPR"", ""teams"": 12, ""rounds"": 15, ""total_drafts"": 5187, ""start_date"": ""2026-08-01"", ""end_date"": ""2026-08-08""}"
5564,Sam LaPorta,TE,DET,87.6,8.04,388,57,142,11.6,6,"{""type"": ""PPR"", ""teams"": 12, ""rounds"": 15, ""total_drafts"": 5187, ""start_date"": ""2026-08-01"", ""end_date"": ""2026-08-08""}"
5721,Michael Wilson,WR,ARI,87.8,8.04,627,62,112,9.7,14,"{""type"": ""PPR"", ""teams"": 12, ""rounds"": 15, ""total_drafts"": 5187, ""start_date"": ""2026-08-01"", ""end_date"": ""2026-08-08""}"
2465,Chris Godwin Jr.,WR,TB,88.1,8.04,592,66,108,8.3,10,"{""type"": ""PPR"", ""teams"": 12, ""rounds"": 15, ""total_drafts"": 5187, ""start_date"": ""2026-08-01"", ""end_date"": ""2026-08-08""}"
2316,Stefon Diggs,WR,WAS,88.1,8.04,85,39,179,18.8,7,"{""type"": ""PPR"", ""teams"": 12, ""rounds"": 15, ""total_drafts"": 5187, ""start_date"": ""2026-08-01"", ""end_date"": ""2026-08-08""}"
2507,Aaron Jones Sr.,RB,MIN,89.4,8.05,252,62,120,10.4,6,"{""type"": ""PPR"", ""teams"": 12, ""rounds"": 15, ""total_drafts"": 5187, ""start_date"": ""2026-08-01"", ""end_date"": ""2026-08-08""}"
5196,Kenny Gainwell,RB,TB,89.6,8.06,384,64,120,9.8,10,"{""type"": ""PPR"", ""teams"": 12, ""rounds"": 15, ""total_drafts"": 5187, ""start_date"": ""2026-08-01"", ""end_date"": ""2026-08-08""}"
5186,Trevor Lawrence,QB,JAX,90.4,8.06,619,57,125,12.5,7,"{""type"": ""PPR"", ""teams"": 12, ""rounds"": 15, ""total_drafts"": 5187, ""start_date"": ""2026-08-01"", ""end_date"": ""2026-08-08""}"
4888,J.K. Dobbins,RB,DEN,91.4,8.07,552,65,118,10.1,10,"{""type"": ""PPR"", ""teams"": 12, ""rounds"": 15, ""total_drafts"": 5187, ""start_date"": ""2026-08-01"", ""end_date"": ""2026-08-08""}"
5680,Josh Downs,WR,IND,92.4,8.08,480,69,118,8.9,13,"{""type"": ""PPR"", ""teams"": 12, ""rounds"": 15, ""total_drafts"": 5187, ""start_date"": ""2026-08-01"", ""end_date"": ""2026-08-08""}"
5707,Jayden Reed,WR,GB,92.5,8.08,239,71,113,8.1,11,"{""type"": ""PPR"", ""teams"": 12, ""rounds"": 15, ""total_drafts"": 5187, ""start_date"": ""2026-08-01"", ""end_date"": ""2026-08-08""}"
1309,Denver Defense,DEF,DEN,94.3,8.10,179,69,112,9.7,10,"{""type"": ""PPR"", ""teams"": 12, ""rounds"": 15, ""total_drafts"": 5187, ""start_date"": ""2026-08-01"", ""end_date"": ""2026-08-08""}"
5674,Quentin Johnston,WR,LAC,95.2,8.11,520,72,118,8.8,7,"{""type"": ""PPR"", ""teams"": 12, ""rounds"": 15, ""total_drafts"": 5187, ""start_date"": ""2026-08-01"", ""end_date"": ""2026-08-08""}"
2462,Patrick Mahomes,QB,KC,96.2,8.12,507,62,127,13.1,5,"{""type"": ""PPR"", ""teams"": 12, ""rounds"": 15, ""total_drafts"": 5187, ""start_date"": ""2026-08-01"", ""end_date"": ""2026-08-08""}"
3246,Deebo Samuel Sr.,WR,SF,97.7,9.02,260,68,163,12.2,8,"{""type"": ""PPR"", ""teams"": 12, ""rounds"": 15, ""total_drafts"": 5187, ""start_date"": ""2026-08-01"", ""end_date"": ""2026-08-08""}"
5626,Rachaad White,RB,WAS,98.0,9.02,445,71,130,10.4,7,"{""type"": ""PPR"", ""teams"": 12, ""rounds"": 15, ""total_drafts"": 5187, ""start_date"": ""2026-08-01"", ""end_date"": ""2026-08-08""}"
1989,Travis Kelce,TE,KC,99.6,9.04,86,52,150,18.2,5,"{""type"": ""PPR"", ""teams"": 12, ""rounds"": 15, ""total_drafts"": 5187, ""start_date"": ""2026-08-01"", ""end_date"": ""2026-08-08""}"
6534,Kyle Monangai,RB,CHI,100.1,9.04,541,69,127,11.6,10,"{""type"": ""PPR"", ""teams"": 12, ""rounds"": 15, ""total_drafts"": 5187, ""start_date"": ""2026-08-01"", ""end_date"": ""2026-08-08""}"
1327,Seattle Defense,DEF,SEA,101.0,9.05,196,75,122,9.8,11,"{""type"": ""PPR"", ""teams"": 12, ""rounds"": 15, ""total_drafts"": 5187, ""start_date"": ""2026-08-01"", ""end_date"": ""2026-08-08""}"
5636,Khalil Shakir,WR,BUF,101.1,9.05,163,83,118,6.6,7,"{""type"": ""PPR"", ""teams"": 12, ""rounds"": 15, ""total_drafts"": 5187, ""start_date"": ""2026-08-01"", ""end_date"": ""2026-08-08""}"
5673,Jordan Addison,WR,MIN,102.8,9.07,321,81,121,8.1,6,"{""type"": ""PPR"", ""teams"": 12, ""rounds"": 15, ""total_drafts"": 5187, ""start_date"": ""2026-08-01"", ""end_date"": ""2026-08-08""}"
6568,Jaxson Dart,QB,NYG,104.3,9.08,365,72,130,12.8,8,"{""type"": ""PPR"", ""teams"": 12, ""rounds"": 15, ""total_drafts"": 5187, ""start_date"": ""2026-08-01"", ""end_date"": ""2026-08-08""}"
6172,Xavier Worthy,WR,KC,104.4,9.08,336,82,123,8.3,5,"{""type"": ""PPR"", ""teams"": 12, ""rounds"": 15, ""total_drafts"": 5187, ""start_date"": ""2026-08-01"", ""end_date"": ""2026-08-08""}"
2896,Dallas Goedert,TE,PHI,105.3,9.09,122,54,150,19.6,10,"{""type"": ""PPR"", ""teams"": 12, ""rounds"": 15, ""total_drafts"": 5187, ""start_date"": ""2026-08-01"", ""end_date"": ""2026-08-08""}"
2351,Jared Goff,QB,DET,105.4,9.09,328,70,144,13.6,6,"{""type"": ""PPR"", ""teams"": 12, ""rounds"": 15, ""total_drafts"": 5187, ""start_date"": ""2026-08-01"", ""end_date"": ""2026-08-08""}"
6173,Caleb Williams,QB,CHI,106.4,9.10,799,66,132,15.2,10,"{""type"": ""PPR"", ""teams"": 12, ""rounds"": 15, ""total_drafts"": 5187, ""start_date"": ""2026-08-01"", ""end_date"": ""2026-08-08""}"
6772,Makai Lemon,WR,PHI,106.4,9.10,493,84,136,8.4,10,"{""type"": ""PPR"", ""teams"": 12, ""rounds"": 15, ""total_drafts"": 5187, ""start_date"": ""2026-08-01"", ""end_date"": ""2026-08-08""}"
1312,Houston Defense,DEF,HOU,106.9,9.11,547,82,132,9.4,8,"{""type"": ""PPR"", ""teams"": 12, ""rounds"": 15, ""total_drafts"": 5187, ""start_date"": ""2026-08-01"", ""end_date"": ""2026-08-08""}"
4887,Justin Herbert,QB,LAC,108.5,9.12,762,70,139,14.4,7,"{""type"": ""PPR"", ""teams"": 12, ""rounds"": 15, ""total_drafts"": 5187, ""start_date"": ""2026-08-01"", ""end_date"": ""2026-08-08""}"
5718,Tucker Kraft,TE,GB,110.6,10.03,900,54,172,21.8,11,"{""type"": ""PPR"", ""teams"": 12, ""rounds"": 15, ""total_drafts"": 5187, ""start_date"": ""2026-08-01"", ""end_date"": ""2026-08-08""}"
5586,Romeo Doubs,WR,NE,111.1,10.03,220,84,147,10.4,11,"{""type"": ""PPR"", ""teams"": 12, ""rounds"": 15, ""total_drafts"": 5187, ""start_date"": ""2026-08-01"", ""end_date"": ""2026-08-08""}"
6179,Jonathon Brooks,RB,CAR,112.2,10.04,1360,69,150,16.2,5,"{""type"": ""PPR"", ""teams"": 12, ""rounds"": 15, ""total_drafts"": 5187, ""start_date"": ""2026-08-01"", ""end_date"": ""2026-08-08""}"
6595,Jacory Croskey-Merritt,RB,WAS,113.3,10.05,551,74,150,15.0,7,"{""type"": ""PPR"", ""teams"": 12, ""rounds"": 15, ""total_drafts"": 5187, ""start_date"": ""2026-08-01"", ""end_date"": ""2026-08-08""}"
5582,John Metchie III,WR,CAR,116.3,10.08,40,108,129,4.7,5,"{""type"": ""PPR"", ""teams"": 12, ""rounds"": 15, ""total_drafts"": 5187, ""start_date"": ""2026-08-01"", ""end_date"": ""2026-08-08""}"
6199,Ricky Pearsall,WR,SF,118.3,10.10,98,87,147,11.9,8,"{""type"": ""PPR"", ""teams"": 12, ""rounds"": 15, ""total_drafts"": 5187, ""start_date"": ""2026-08-01"", ""end_date"": ""2026-08-08""}"
5896,Rashid Shaheed,WR,SEA,119.0,10.11,308,95,147,9.1,11,"{""type"": ""PPR"", ""teams"": 12, ""rounds"": 15, ""total_drafts"": 5187, ""start_date"": ""2026-08-01"", ""end_date"": ""2026-08-08""}"
1317,Minnesota Defense,DEF,MIN,119.6,10.12,62,91,159,12.1,6,"{""type"": ""PPR"", ""teams"": 12, ""rounds"": 15, ""total_drafts"": 5187, ""start_date"": ""2026-08-01"", ""end_date"": ""2026-08-08""}"
6253,Bo Nix,QB,DEN,119.7,10.12,327,87,144,12.4,10,"{""type"": ""PPR"", ""teams"": 12, ""rounds"": 15, ""total_drafts"": 5187, ""start_date"": ""2026-08-01"", ""end_date"": ""2026-08-08""}"
6523,Matthew Golden,WR,GB,119.9,10.12,481,90,147,11.2,11,"{""type"": ""PPR"", ""teams"": 12, ""rounds"": 15, ""total_drafts"": 5187, ""start_date"": ""2026-08-01"", ""end_date"": ""2026-08-08""}"
2499,George Kittle,TE,SF,121.0,11.01,496,76,172,19.3,8,"{""type"": ""PPR"", ""teams"": 12, ""rounds"": 15, ""total_drafts"": 5187, ""start_date"": ""2026-08-01"", ""end_date"": ""2026-08-08""}"
5965,Blake Corum,RB,LAR,121.7,11.02,904,81,151,15.3,11,"{""type"": ""PPR"", ""teams"": 12, ""rounds"": 15, ""total_drafts"": 5187, ""start_date"": ""2026-08-01"", ""end_date"": ""2026-08-08""}"
5330,Jordan Mason,RB,MIN,122.3,11.02,577,82,150,15.4,6,"{""type"": ""PPR"", ""teams"": 12, ""rounds"": 15, ""total_drafts"": 5187, ""start_date"": ""2026-08-01"", ""end_date"": ""2026-08-08""}"
6302,Jalen Coker,WR,CAR,126.1,11.06,234,101,146,9.4,5,"{""type"": ""PPR"", ""teams"": 12, ""rounds"": 15, ""total_drafts"": 5187, ""start_date"": ""2026-08-01"", ""end_date"": ""2026-08-08""}"
5692,Tyjae Spears,RB,TEN,126.9,11.07,107,92,150,13.3,9,"{""type"": ""PPR"", ""teams"": 12, ""rounds"": 15, ""total_drafts"": 5187, ""start_date"": ""2026-08-01"", ""end_date"": ""2026-08-08""}"
1310,Detroit Defense,DEF,DET,127.3,11.07,42,107,173,16.0,6,"{""type"": ""PPR"", ""teams"": 12, ""rounds"": 15, ""total_drafts"": 5187, ""start_date"": ""2026-08-01"", ""end_date"": ""2026-08-08""}"
2886,Baker Mayfield,QB,TB,128.1,11.08,273,99,149,11.2,10,"{""type"": ""PPR"", ""teams"": 12, ""rounds"": 15, ""total_drafts"": 5187, ""start_date"": ""2026-08-01"", ""end_date"": ""2026-08-08""}"
6774,KC Concepcion,WR,CLE,129.2,11.09,442,101,150,10.6,11,"{""type"": ""PPR"", ""teams"": 12, ""rounds"": 15, ""total_drafts"": 5187, ""start_date"": ""2026-08-01"", ""end_date"": ""2026-08-08""}"
2866,Calvin Ridley,WR,TEN,130.2,11.10,137,105,150,9.4,9,"{""type"": ""PPR"", ""teams"": 12, ""rounds"": 15, ""total_drafts"": 5187, ""start_date"": ""2026-08-01"", ""end_date"": ""2026-08-08""}"
6162,Brandon Aubrey,PK,DAL,131.5,11.12,1275,73,184,22.5,14,"{""type"": ""PPR"", ""teams"": 12, ""rounds"": 15, ""total_drafts"": 5187, ""start_date"": ""2026-08-01"", ""end_date"": ""2026-08-08""}"
2439,Alvin Kamara,RB,NO,132.8,12.01,303,82,174,19.2,8,"{""type"": ""PPR"", ""teams"": 12, ""rounds"": 15, ""total_drafts"": 5187, ""start_date"": ""2026-08-01"", ""end_date"": ""2026-08-08""}"
4861,Jerry Jeudy,WR,CLE,133.6,12.02,156,107,150,9.9,11,"{""type"": ""PPR"", ""teams"": 12, ""rounds"": 15, ""total_drafts"": 5187, ""start_date"": ""2026-08-01"", ""end_date"": ""2026-08-08""}"
2424,Jason Myers,PK,SEA,133.9,12.02,133,75,184,22.4,11,"{""type"": ""PPR"", ""teams"": 12, ""rounds"": 15, ""total_drafts"": 5187, ""start_date"": ""2026-08-01"", ""end_date"": ""2026-08-08""}"
1328,LA Rams Defense,DEF,LAR,135.4,12.03,824,88,180,17.9,11,"{""type"": ""PPR"", ""teams"": 12, ""rounds"": 15, ""total_drafts"": 5187, ""start_date"": ""2026-08-01"", ""end_date"": ""2026-08-08""}"
6577,Jayden Higgins,WR,HOU,135.6,12.04,236,109,154,10.0,8,"{""type"": ""PPR"", ""teams"": 12, ""rounds"": 15, ""total_drafts"": 5187, ""start_date"": ""2026-08-01"", ""end_date"": ""2026-08-08""}"
5977,Tre Tucker,WR,LV,136.2,12.04,100,113,150,8.8,13,"{""type"": ""PPR"", ""teams"": 12, ""rounds"": 15, ""total_drafts"": 5187, ""start_date"": ""2026-08-01"", ""end_date"": ""2026-08-08""}"
6489,Theo Wease Jr.,WR,MIA,136.5,12.05,61,120,148,6.3,6,"{""type"": ""PPR"", ""teams"": 12, ""rounds"": 15, ""total_drafts"": 5187, ""start_date"": ""2026-08-01"", ""end_date"": ""2026-08-08""}"
5602,Tyler Shough,QB,NO,136.7,12.05,183,110,168,10.2,8,"{""type"": ""PPR"", ""teams"": 12, ""rounds"": 15, ""total_drafts"": 5187, ""start_date"": ""2026-08-01"", ""end_date"": ""2026-08-08""}"
2531,Ka'imi Fairbairn,PK,HOU,138.1,12.06,156,91,187,21.3,8,"{""type"": ""PPR"", ""teams"": 12, ""rounds"": 15, ""total_drafts"": 5187, ""start_date"": ""2026-08-01"", ""end_date"": ""2026-08-08""}"
2872,Mark Andrews,TE,BAL,138.6,12.07,291,90,178,20.4,13,"{""type"": ""PPR"", ""teams"": 12, ""rounds"": 15, ""total_drafts"": 5187, ""start_date"": ""2026-08-01"", ""end_date"": ""2026-08-08""}"
1318,New England Defense,DEF,NE,138.7,12.07,237,105,180,16.2,11,"{""type"": ""PPR"", ""teams"": 12, ""rounds"": 15, ""total_drafts"": 5187, ""start_date"": ""2026-08-01"", ""end_date"": ""2026-08-08""}"
5677,Zach Charbonnet,RB,SEA,139.1,12.07,418,92,178,18.1,11,"{""type"": ""PPR"", ""teams"": 12, ""rounds"": 15, ""total_drafts"": 5187, ""start_date"": ""2026-08-01"", ""end_date"": ""2026-08-08""}"
5661,Isaiah Likely,TE,NYG,139.2,12.07,659,91,175,18.3,8,"{""type"": ""PPR"", ""teams"": 12, ""rounds"": 15, ""total_drafts"": 5187, ""start_date"": ""2026-08-01"", ""end_date"": ""2026-08-08""}"
1323,Philadelphia Defense,DEF,PHI,139.6,12.08,286,99,180,17.8,10,"{""type"": ""PPR"", ""teams"": 12, ""rounds"": 15, ""total_drafts"": 5187, ""start_date"": ""2026-08-01"", ""end_date"": ""2026-08-08""}"
2884,Sam Darnold,QB,SEA,140.1,12.08,123,107,179,12.5,11,"{""type"": ""PPR"", ""teams"": 12, ""rounds"": 15, ""total_drafts"": 5187, ""start_date"": ""2026-08-01"", ""end_date"": ""2026-08-08""}"
5020,Jauan Jennings,WR,MIN,140.9,12.09,77,99,178,15.8,6,"{""type"": ""PPR"", ""teams"": 12, ""rounds"": 15, ""total_drafts"": 5187, ""start_date"": ""2026-08-01"", ""end_date"": ""2026-08-08""}"
5561,Jake Ferguson,TE,DAL,141.1,12.09,327,87,176,20.6,14,"{""type"": ""PPR"", ""teams"": 12, ""rounds"": 15, ""total_drafts"": 5187, ""start_date"": ""2026-08-01"", ""end_date"": ""2026-08-08""}"
6282,Jalen McMillan,WR,TB,143.8,12.12,152,105,179,14.8,10,"{""type"": ""PPR"", ""teams"": 12, ""rounds"": 15, ""total_drafts"": 5187, ""start_date"": ""2026-08-01"", ""end_date"": ""2026-08-08""}"
6529,Woody Marks,RB,HOU,144.7,13.01,127,98,175,17.7,8,"{""type"": ""PPR"", ""teams"": 12, ""rounds"": 15, ""total_drafts"": 5187, ""start_date"": ""2026-08-01"", ""end_date"": ""2026-08-08""}"
5538,Cameron Dicker,PK,LAC,144.9,13.01,130,108,187,16.6,7,"{""type"": ""PPR"", ""teams"": 12, ""rounds"": 15, ""total_drafts"": 5187, ""start_date"": ""2026-08-01"", ""end_date"": ""2026-08-08""}"
3299,Kyler Murray,QB,MIN,145.0,13.01,323,102,180,16.4,6,"{""type"": ""PPR"", ""teams"": 12, ""rounds"": 15, ""total_drafts"": 5187, ""start_date"": ""2026-08-01"", ""end_date"": ""2026-08-08""}"
6055,Jake Bates,PK,DET,145.5,13.01,94,95,191,19.2,6,"{""type"": ""PPR"", ""teams"": 12, ""rounds"": 15, ""total_drafts"": 5187, ""start_date"": ""2026-08-01"", ""end_date"": ""2026-08-08""}"
1325,LA Chargers Defense,DEF,LAC,145.5,13.02,173,108,180,16.9,7,"{""type"": ""PPR"", ""teams"": 12, ""rounds"": 15, ""total_drafts"": 5187, ""start_date"": ""2026-08-01"", ""end_date"": ""2026-08-08""}"
6787,Ja'Kobi Lane,WR,BAL,146.4,13.02,5,105,174,27.5,13,"{""type"": ""PPR"", ""teams"": 12, ""rounds"": 15, ""total_drafts"": 5187, ""start_date"": ""2026-08-01"", ""end_date"": ""2026-08-08""}"
5180,Rashod Bateman,WR,BAL,148.2,13.04,30,121,175,16.2,13,"{""type"": ""PPR"", ""teams"": 12, ""rounds"": 15, ""total_drafts"": 5187, ""start_date"": ""2026-08-01"", ""end_date"": ""2026-08-08""}"
4892,Jordan Love,QB,GB,148.4,13.04,267,106,180,16.0,11,"{""type"": ""PPR"", ""teams"": 12, ""rounds"": 15, ""total_drafts"": 5187, ""start_date"": ""2026-08-01"", ""end_date"": ""2026-08-08""}"
5337,Isiah Pacheco,RB,DET,148.9,13.05,209,96,180,20.3,6,"{""type"": ""PPR"", ""teams"": 12, ""rounds"": 15, ""total_drafts"": 5187, ""start_date"": ""2026-08-01"", ""end_date"": ""2026-08-08""}"
5193,Pat Freiermuth,TE,PIT,152.0,13.08,5,101,176,34.5,9,"{""type"": ""PPR"", ""teams"": 12, ""rounds"": 15, ""total_drafts"": 5187, ""start_date"": ""2026-08-01"", ""end_date"": ""2026-08-08""}"
6299,Harrison Mevis,PK,LAR,152.4,13.08,71,109,187,16.6,11,"{""type"": ""PPR"", ""teams"": 12, ""rounds"": 15, ""total_drafts"": 5187, ""start_date"": ""2026-08-01"", ""end_date"": ""2026-08-08""}"
4865,Chase McLaughlin,PK,TB,152.8,13.09,100,136,194,14.3,10,"{""type"": ""PPR"", ""teams"": 12, ""rounds"": 15, ""total_drafts"": 5187, ""start_date"": ""2026-08-01"", ""end_date"": ""2026-08-08""}"
3307,T.J. Hockenson,TE,MIN,153.1,13.09,32,106,206,26.9,6,"{""type"": ""PPR"", ""teams"": 12, ""rounds"": 15, ""total_drafts"": 5187, ""start_date"": ""2026-08-01"", ""end_date"": ""2026-08-08""}"
5711,Tank Dell,WR,HOU,153.1,13.09,203,116,179,14.0,8,"{""type"": ""PPR"", ""teams"": 12, ""rounds"": 15, ""total_drafts"": 5187, ""start_date"": ""2026-08-01"", ""end_date"": ""2026-08-08""}"
5688,Dalton Kincaid,TE,BUF,153.4,13.09,175,98,180,21.0,7,"{""type"": ""PPR"", ""teams"": 12, ""rounds"": 15, ""total_drafts"": 5187, ""start_date"": ""2026-08-01"", ""end_date"": ""2026-08-08""}"
1334,Atlanta Defense,DEF,ATL,153.7,13.10,104,115,181,17.6,11,"{""type"": ""PPR"", ""teams"": 12, ""rounds"": 15, ""total_drafts"": 5187, ""start_date"": ""2026-08-01"", ""end_date"": ""2026-08-08""}"
2335,Cairo Santos,PK,CHI,154.6,13.11,33,93,193,23.4,10,"{""type"": ""PPR"", ""teams"": 12, ""rounds"": 15, ""total_drafts"": 5187, ""start_date"": ""2026-08-01"", ""end_date"": ""2026-08-08""}"
6778,Denzel Boston,WR,CLE,154.9,13.11,120,112,180,16.1,11,"{""type"": ""PPR"", ""teams"": 12, ""rounds"": 15, ""total_drafts"": 5187, ""start_date"": ""2026-08-01"", ""end_date"": ""2026-08-08""}"
5691,Tank Bigsby,RB,PHI,155.6,13.12,54,123,201,17.3,10,"{""type"": ""PPR"", ""teams"": 12, ""rounds"": 15, ""total_drafts"": 5187, ""start_date"": ""2026-08-01"", ""end_date"": ""2026-08-08""}"
6287,Malik Washington,WR,MIA,155.7,13.12,92,120,201,15.8,6,"{""type"": ""PPR"", ""teams"": 12, ""rounds"": 15, ""total_drafts"": 5187, ""start_date"": ""2026-08-01"", ""end_date"": ""2026-08-08""}"
6276,Tyrone Tracy Jr.,RB,NYG,156.1,13.12,164,115,180,15.6,8,"{""type"": ""PPR"", ""teams"": 12, ""rounds"": 15, ""total_drafts"": 5187, ""start_date"": ""2026-08-01"", ""end_date"": ""2026-08-08""}"
1324,Pittsburgh Defense,DEF,PIT,156.9,14.01,324,120,187,14.0,9,"{""type"": ""PPR"", ""teams"": 12, ""rounds"": 15, ""total_drafts"": 5187, ""start_date"": ""2026-08-01"", ""end_date"": ""2026-08-08""}"
6777,De'Zhaun Stribling,WR,SF,156.9,14.01,84,111,202,17.5,8,"{""type"": ""PPR"", ""teams"": 12, ""rounds"": 15, ""total_drafts"": 5187, ""start_date"": ""2026-08-01"", ""end_date"": ""2026-08-08""}"
6789,Antonio Williams,WR,WAS,156.9,14.01,71,125,180,11.9,7,"{""type"": ""PPR"", ""teams"": 12, ""rounds"": 15, ""total_drafts"": 5187, ""start_date"": ""2026-08-01"", ""end_date"": ""2026-08-08""}"
5982,Keaton Mitchell,RB,LAC,157.1,14.01,36,96,204,23.4,7,"{""type"": ""PPR"", ""teams"": 12, ""rounds"": 15, ""total_drafts"": 5187, ""start_date"": ""2026-08-01"", ""end_date"": ""2026-08-08""}"
3097,Eddy Piñeiro,PK,SF,157.4,14.01,67,115,191,16.2,8,"{""type"": ""PPR"", ""teams"": 12, ""rounds"": 15, ""total_drafts"": 5187, ""start_date"": ""2026-08-01"", ""end_date"": ""2026-08-08""}"
2977,Dalton Schultz,TE,HOU,157.6,14.02,8,132,193,26.7,8,"{""type"": ""PPR"", ""teams"": 12, ""rounds"": 15, ""total_drafts"": 5187, ""start_date"": ""2026-08-01"", ""end_date"": ""2026-08-08""}"
2354,Hunter Henry,TE,NE,158.1,14.02,55,110,200,20.1,11,"{""type"": ""PPR"", ""teams"": 12, ""rounds"": 15, ""total_drafts"": 5187, ""start_date"": ""2026-08-01"", ""end_date"": ""2026-08-08""}"
3264,Daniel Jones,QB,IND,158.5,14.03,59,110,180,18.5,13,"{""type"": ""PPR"", ""teams"": 12, ""rounds"": 15, ""total_drafts"": 5187, ""start_date"": ""2026-08-01"", ""end_date"": ""2026-08-08""}"
6506,Oronde Gadsden,TE,LAC,158.6,14.03,7,114,210,29.2,7,"{""type"": ""PPR"", ""teams"": 12, ""rounds"": 15, ""total_drafts"": 5187, ""start_date"": ""2026-08-01"", ""end_date"": ""2026-08-08""}"
5676,C.J. Stroud,QB,HOU,159.3,14.03,86,124,180,13.4,8,"{""type"": ""PPR"", ""teams"": 12, ""rounds"": 15, ""total_drafts"": 5187, ""start_date"": ""2026-08-01"", ""end_date"": ""2026-08-08""}"
6587,Tyler Loop,PK,BAL,159.4,14.03,89,121,179,15.0,13,"{""type"": ""PPR"", ""teams"": 12, ""rounds"": 15, ""total_drafts"": 5187, ""start_date"": ""2026-08-01"", ""end_date"": ""2026-08-08""}"
5334,Jalen Nailor,WR,LV,159.5,14.04,92,125,180,13.0,13,"{""type"": ""PPR"", ""teams"": 12, ""rounds"": 15, ""total_drafts"": 5187, ""start_date"": ""2026-08-01"", ""end_date"": ""2026-08-08""}"
6773,Kenyon Sadiq,TE,NYJ,159.6,14.04,38,115,209,20.0,13,"{""type"": ""PPR"", ""teams"": 12, ""rounds"": 15, ""total_drafts"": 5187, ""start_date"": ""2026-08-01"", ""end_date"": ""2026-08-08""}"
1330,Tennessee Defense,DEF,TEN,159.7,14.04,165,126,184,12.6,9,"{""type"": ""PPR"", ""teams"": 12, ""rounds"": 15, ""total_drafts"": 5187, ""start_date"": ""2026-08-01"", ""end_date"": ""2026-08-08""}"
2449,Cooper Kupp,WR,SEA,159.7,14.04,81,121,180,14.8,11,"{""type"": ""PPR"", ""teams"": 12, ""rounds"": 15, ""total_drafts"": 5187, ""start_date"": ""2026-08-01"", ""end_date"": ""2026-08-08""}"
5545,Malik Willis,QB,MIA,159.9,14.04,95,123,188,14.2,6,"{""type"": ""PPR"", ""teams"": 12, ""rounds"": 15, ""total_drafts"": 5187, ""start_date"": ""2026-08-01"", ""end_date"": ""2026-08-08""}"
6332,Charlie Smyth,PK,NO,160.0,14.04,7,137,171,15.2,8,"{""type"": ""PPR"", ""teams"": 12, ""rounds"": 15, ""total_drafts"": 5187, ""start_date"": ""2026-08-01"", ""end_date"": ""2026-08-08""}"
6557,Jaydon Blue,RB,DAL,160.2,14.04,28,88,207,27.6,14,"{""type"": ""PPR"", ""teams"": 12, ""rounds"": 15, ""total_drafts"": 5187, ""start_date"": ""2026-08-01"", ""end_date"": ""2026-08-08""}"
5151,Juwan Johnson,TE,NO,160.3,14.04,50,113,189,19.0,8,"{""type"": ""PPR"", ""teams"": 12, ""rounds"": 15, ""total_drafts"": 5187, ""start_date"": ""2026-08-01"", ""end_date"": ""2026-08-08""}"
5717,Chris Rodriguez Jr.,RB,JAX,160.6,14.05,105,111,206,19.6,7,"{""type"": ""PPR"", ""teams"": 12, ""rounds"": 15, ""total_drafts"": 5187, ""start_date"": ""2026-08-01"", ""end_date"": ""2026-08-08""}"
6184,Adonai Mitchell,WR,NYJ,160.7,14.05,24,139,180,12.6,13,"{""type"": ""PPR"", ""teams"": 12, ""rounds"": 15, ""total_drafts"": 5187, ""start_date"": ""2026-08-01"", ""end_date"": ""2026-08-08""}"
6798,Kaelon Black,RB,SF,161.0,14.05,14,125,177,16.2,8,"{""type"": ""PPR"", ""teams"": 12, ""rounds"": 15, ""total_drafts"": 5187, ""start_date"": ""2026-08-01"", ""end_date"": ""2026-08-08""}"
6197,Ray Davis,RB,BUF,161.4,14.05,22,146,177,10.5,7,"{""type"": ""PPR"", ""teams"": 12, ""rounds"": 15, ""total_drafts"": 5187, ""start_date"": ""2026-08-01"", ""end_date"": ""2026-08-08""}"
4886,AJ Dillon,RB,CAR,161.4,14.05,5,126,175,21.0,5,"{""type"": ""PPR"", ""teams"": 12, ""rounds"": 15, ""total_drafts"": 5187, ""start_date"": ""2026-08-01"", ""end_date"": ""2026-08-08""}"
5655,Tyler Allgeier,RB,ARI,161.4,14.05,123,106,207,21.1,14,"{""type"": ""PPR"", ""teams"": 12, ""rounds"": 15, ""total_drafts"": 5187, ""start_date"": ""2026-08-01"", ""end_date"": ""2026-08-08""}"
6803,Mike Washington Jr.,RB,LV,162.2,14.06,11,132,209,21.2,13,"{""type"": ""PPR"", ""teams"": 12, ""rounds"": 15, ""total_drafts"": 5187, ""start_date"": ""2026-08-01"", ""end_date"": ""2026-08-08""}"
2365,Jacoby Brissett,QB,ARI,162.6,14.07,5,127,208,32.1,14,"{""type"": ""PPR"", ""teams"": 12, ""rounds"": 15, ""total_drafts"": 5187, ""start_date"": ""2026-08-01"", ""end_date"": ""2026-08-08""}"
2514,Harrison Butker,PK,KC,162.7,14.07,119,120,207,16.2,5,"{""type"": ""PPR"", ""teams"": 12, ""rounds"": 15, ""total_drafts"": 5187, ""start_date"": ""2026-08-01"", ""end_date"": ""2026-08-08""}"
6580,Isaac TeSlaa,WR,DET,163.0,14.07,10,94,180,26.2,6,"{""type"": ""PPR"", ""teams"": 12, ""rounds"": 15, ""total_drafts"": 5187, ""start_date"": ""2026-08-01"", ""end_date"": ""2026-08-08""}"
2470,James Conner,RB,ARI,163.1,14.07,11,86,210,34.0,14,"{""type"": ""PPR"", ""teams"": 12, ""rounds"": 15, ""total_drafts"": 5187, ""start_date"": ""2026-08-01"", ""end_date"": ""2026-08-08""}"
6585,Andy Borregales,PK,NE,163.4,14.07,5,147,169,9.2,11,"{""type"": ""PPR"", ""teams"": 12, ""rounds"": 15, ""total_drafts"": 5187, ""start_date"": ""2026-08-01"", ""end_date"": ""2026-08-08""}"
3266,Justice Hill,RB,BAL,163.6,14.08,24,150,179,8.9,13,"{""type"": ""PPR"", ""teams"": 12, ""rounds"": 15, ""total_drafts"": 5187, ""start_date"": ""2026-08-01"", ""end_date"": ""2026-08-08""}"
5985,Brenton Strange,TE,JAX,163.8,14.08,70,121,183,16.4,7,"{""type"": ""PPR"", ""teams"": 12, ""rounds"": 15, ""total_drafts"": 5187, ""start_date"": ""2026-08-01"", ""end_date"": ""2026-08-08""}"
6563,Travis Hunter,WR,JAX,163.8,14.08,79,131,199,13.9,7,"{""type"": ""PPR"", ""teams"": 12, ""rounds"": 15, ""total_drafts"": 5187, ""start_date"": ""2026-08-01"", ""end_date"": ""2026-08-08""}"
6511,Dylan Sampson,RB,CLE,164.1,14.08,33,126,180,14.9,11,"{""type"": ""PPR"", ""teams"": 12, ""rounds"": 15, ""total_drafts"": 5187, ""start_date"": ""2026-08-01"", ""end_date"": ""2026-08-08""}"
6188,Cam Little,PK,JAX,164.4,14.08,180,120,209,16.7,7,"{""type"": ""PPR"", ""teams"": 12, ""rounds"": 15, ""total_drafts"": 5187, ""start_date"": ""2026-08-01"", ""end_date"": ""2026-08-08""}"
6080,Emari Demercado,RB,KC,164.4,14.08,9,157,180,8.9,5,"{""type"": ""PPR"", ""teams"": 12, ""rounds"": 15, ""total_drafts"": 5187, ""start_date"": ""2026-08-01"", ""end_date"": ""2026-08-08""}"
5453,Chig Okonkwo,TE,WAS,164.8,14.09,46,116,207,20.2,7,"{""type"": ""PPR"", ""teams"": 12, ""rounds"": 15, ""total_drafts"": 5187, ""start_date"": ""2026-08-01"", ""end_date"": ""2026-08-08""}"
6779,Germie Bernard,WR,PIT,164.9,14.09,18,147,180,10.0,9,"{""type"": ""PPR"", ""teams"": 12, ""rounds"": 15, ""total_drafts"": 5187, ""start_date"": ""2026-08-01"", ""end_date"": ""2026-08-08""}"
5605,Brian Robinson Jr.,RB,ATL,164.9,14.09,35,120,204,19.3,11,"{""type"": ""PPR"", ""teams"": 12, ""rounds"": 15, ""total_drafts"": 5187, ""start_date"": ""2026-08-01"", ""end_date"": ""2026-08-08""}"
2441,Samaje Perine,RB,CIN,165.1,14.09,8,116,181,22.3,6,"{""type"": ""PPR"", ""teams"": 12, ""rounds"": 15, ""total_drafts"": 5187, ""start_date"": ""2026-08-01"", ""end_date"": ""2026-08-08""}"
6296,Will Reichard,PK,MIN,165.3,14.09,51,133,209,19.5,6,"{""type"": ""PPR"", ""teams"": 12, ""rounds"": 15, ""total_drafts"": 5187, ""start_date"": ""2026-08-01"", ""end_date"": ""2026-08-08""}"
6815,Nicholas Singleton,RB,TEN,165.3,14.09,6,143,174,12.2,9,"{""type"": ""PPR"", ""teams"": 12, ""rounds"": 15, ""total_drafts"": 5187, ""start_date"": ""2026-08-01"", ""end_date"": ""2026-08-08""}"
1303,Buffalo Defense,DEF,BUF,165.7,14.10,265,126,210,15.0,7,"{""type"": ""PPR"", ""teams"": 12, ""rounds"": 15, ""total_drafts"": 5187, ""start_date"": ""2026-08-01"", ""end_date"": ""2026-08-08""}"
5669,Evan McPherson,PK,CIN,165.9,14.10,63,123,201,16.4,6,"{""type"": ""PPR"", ""teams"": 12, ""rounds"": 15, ""total_drafts"": 5187, ""start_date"": ""2026-08-01"", ""end_date"": ""2026-08-08""}"
383,Nick Folk,PK,ATL,166.1,14.10,45,137,193,12.8,11,"{""type"": ""PPR"", ""teams"": 12, ""rounds"": 15, ""total_drafts"": 5187, ""start_date"": ""2026-08-01"", ""end_date"": ""2026-08-08""}"
6828,Cyrus Allen,WR,KC,166.3,14.10,10,148,180,13.7,5,"{""type"": ""PPR"", ""teams"": 12, ""rounds"": 15, ""total_drafts"": 5187, ""start_date"": ""2026-08-01"", ""end_date"": ""2026-08-08""}"
6517,Jordan James,RB,SF,166.3,14.10,6,145,201,19.8,8,"{""type"": ""PPR"", ""teams"": 12, ""rounds"": 15, ""total_drafts"": 5187, ""start_date"": ""2026-08-01"", ""end_date"": ""2026-08-08""}"
3453,Ty Johnson,RB,BUF,167.0,14.11,8,122,179,19.8,7,"{""type"": ""PPR"", ""teams"": 12, ""rounds"": 15, ""total_drafts"": 5187, ""start_date"": ""2026-08-01"", ""end_date"": ""2026-08-08""}"
1308,Dallas Defense,DEF,DAL,167.1,14.11,38,122,180,17.0,14,"{""type"": ""PPR"", ""teams"": 12, ""rounds"": 15, ""total_drafts"": 5187, ""start_date"": ""2026-08-01"", ""end_date"": ""2026-08-08""}"
6775,Omar Cooper Jr.,WR,NYJ,168.2,14.12,67,140,180,11.7,13,"{""type"": ""PPR"", ""teams"": 12, ""rounds"": 15, ""total_drafts"": 5187, ""start_date"": ""2026-08-01"", ""end_date"": ""2026-08-08""}"
6830,Demond Claiborne,RB,MIN,168.4,14.12,5,140,197,28.5,6,"{""type"": ""PPR"", ""teams"": 12, ""rounds"": 15, ""total_drafts"": 5187, ""start_date"": ""2026-08-01"", ""end_date"": ""2026-08-08""}"
1332,Baltimore Defense,DEF,BAL,168.4,14.12,118,120,210,18.4,13,"{""type"": ""PPR"", ""teams"": 12, ""rounds"": 15, ""total_drafts"": 5187, ""start_date"": ""2026-08-01"", ""end_date"": ""2026-08-08""}"
6767,Fernando Mendoza,QB,LV,168.6,15.01,11,146,179,11.6,13,"{""type"": ""PPR"", ""teams"": 12, ""rounds"": 15, ""total_drafts"": 5187, ""start_date"": ""2026-08-01"", ""end_date"": ""2026-08-08""}"
1004,Aaron Rodgers,QB,PIT,169.0,15.01,7,157,179,9.5,9,"{""type"": ""PPR"", ""teams"": 12, ""rounds"": 15, ""total_drafts"": 5187, ""start_date"": ""2026-08-01"", ""end_date"": ""2026-08-08""}"
6205,Tory Horton,WR,SEA,169.3,15.01,7,156,196,15.6,11,"{""type"": ""PPR"", ""teams"": 12, ""rounds"": 15, ""total_drafts"": 5187, ""start_date"": ""2026-08-01"", ""end_date"": ""2026-08-08""}"
1314,Jacksonville Defense,DEF,JAX,169.6,15.02,15,144,210,16.8,7,"{""type"": ""PPR"", ""teams"": 12, ""rounds"": 15, ""total_drafts"": 5187, ""start_date"": ""2026-08-01"", ""end_date"": ""2026-08-08""}"
5694,Kayshon Boutte,WR,NE,169.6,15.02,45,124,204,17.5,11,"{""type"": ""PPR"", ""teams"": 12, ""rounds"": 15, ""total_drafts"": 5187, ""start_date"": ""2026-08-01"", ""end_date"": ""2026-08-08""}"
2522,Wil Lutz,PK,DEN,169.9,15.02,23,138,209,15.8,10,"{""type"": ""PPR"", ""teams"": 12, ""rounds"": 15, ""total_drafts"": 5187, ""start_date"": ""2026-08-01"", ""end_date"": ""2026-08-08""}"
1319,New Orleans Defense,DEF,NO,171.0,15.03,96,134,210,13.9,8,"{""type"": ""PPR"", ""teams"": 12, ""rounds"": 15, ""total_drafts"": 5187, ""start_date"": ""2026-08-01"", ""end_date"": ""2026-08-08""}"
1326,San Francisco Defense,DEF,SF,171.1,15.03,11,136,204,16.2,8,"{""type"": ""PPR"", ""teams"": 12, ""rounds"": 15, ""total_drafts"": 5187, ""start_date"": ""2026-08-01"", ""end_date"": ""2026-08-08""}"
6457,Cam Ward,QB,TEN,171.3,15.03,30,134,196,14.2,9,"{""type"": ""PPR"", ""teams"": 12, ""rounds"": 15, ""total_drafts"": 5187, ""start_date"": ""2026-08-01"", ""end_date"": ""2026-08-08""}"
5036,Tyler Bass,PK,BUF,171.7,15.04,19,140,203,12.3,7,"{""type"": ""PPR"", ""teams"": 12, ""rounds"": 15, ""total_drafts"": 5187, ""start_date"": ""2026-08-01"", ""end_date"": ""2026-08-08""}"
1331,Washington Defense,DEF,WAS,172.0,15.04,5,154,189,12.4,7,"{""type"": ""PPR"", ""teams"": 12, ""rounds"": 15, ""total_drafts"": 5187, ""start_date"": ""2026-08-01"", ""end_date"": ""2026-08-08""}"
6263,Kimani Vidal,RB,LAC,172.2,15.04,8,165,180,5.9,7,"{""type"": ""PPR"", ""teams"": 12, ""rounds"": 15, ""total_drafts"": 5187, ""start_date"": ""2026-08-01"", ""end_date"": ""2026-08-08""}"
6791,Zachariah Branch,WR,ATL,172.5,15.04,10,152,185,8.2,11,"{""type"": ""PPR"", ""teams"": 12, ""rounds"": 15, ""total_drafts"": 5187, ""start_date"": ""2026-08-01"", ""end_date"": ""2026-08-08""}"
2340,Chris Boswell,PK,PIT,172.5,15.05,28,120,208,20.1,9,"{""type"": ""PPR"", ""teams"": 12, ""rounds"": 15, ""total_drafts"": 5187, ""start_date"": ""2026-08-01"", ""end_date"": ""2026-08-08""}"
1305,Chicago Defense,DEF,CHI,172.9,15.05,13,142,204,17.5,10,"{""type"": ""PPR"", ""teams"": 12, ""rounds"": 15, ""total_drafts"": 5187, ""start_date"": ""2026-08-01"", ""end_date"": ""2026-08-08""}"
1315,Kansas City Defense,DEF,KC,174.0,15.06,6,168,178,4.0,5,"{""type"": ""PPR"", ""teams"": 12, ""rounds"": 15, ""total_drafts"": 5187, ""start_date"": ""2026-08-01"", ""end_date"": ""2026-08-08""}"
5277,Greg Dulcich,TE,MIA,174.0,15.06,12,135,208,22.2,6,"{""type"": ""PPR"", ""teams"": 12, ""rounds"": 15, ""total_drafts"": 5187, ""start_date"": ""2026-08-01"", ""end_date"": ""2026-08-08""}"
1306,Cincinnati Defense,DEF,CIN,174.0,15.06,36,140,209,19.4,6,"{""type"": ""PPR"", ""teams"": 12, ""rounds"": 15, ""total_drafts"": 5187, ""start_date"": ""2026-08-01"", ""end_date"": ""2026-08-08""}"
6811,Emmett Johnson,RB,KC,174.2,15.06,5,162,180,7.1,5,"{""type"": ""PPR"", ""teams"": 12, ""rounds"": 15, ""total_drafts"": 5187, ""start_date"": ""2026-08-01"", ""end_date"": ""2026-08-08""}"
5725,Dontayvion Wicks,WR,PHI,174.3,15.06,9,142,194,15.0,10,"{""type"": ""PPR"", ""teams"": 12, ""rounds"": 15, ""total_drafts"": 5187, ""start_date"": ""2026-08-01"", ""end_date"": ""2026-08-08""}"
1320,NY Giants Defense,DEF,NYG,175.6,15.08,17,143,210,18.5,8,"{""type"": ""PPR"", ""teams"": 12, ""rounds"": 15, ""total_drafts"": 5187, ""start_date"": ""2026-08-01"", ""end_date"": ""2026-08-08""}"
6304,Ryan Flournoy,WR,DAL,176.7,15.09,7,158,209,17.4,14,"{""type"": ""PPR"", ""teams"": 12, ""rounds"": 15, ""total_drafts"": 5187, ""start_date"": ""2026-08-01"", ""end_date"": ""2026-08-08""}"
5678,Bryce Young,QB,CAR,177.1,15.09,13,158,196,12.3,5,"{""type"": ""PPR"", ""teams"": 12, ""rounds"": 15, ""total_drafts"": 5187, ""start_date"": ""2026-08-01"", ""end_date"": ""2026-08-08""}"
1307,Cleveland Defense,DEF,CLE,177.6,15.10,34,127,210,25.2,11,"{""type"": ""PPR"", ""teams"": 12, ""rounds"": 15, ""total_drafts"": 5187, ""start_date"": ""2026-08-01"", ""end_date"": ""2026-08-08""}"
2870,Christian Kirk,WR,SF,178.4,15.10,17,146,204,18.2,8,"{""type"": ""PPR"", ""teams"": 12, ""rounds"": 15, ""total_drafts"": 5187, ""start_date"": ""2026-08-01"", ""end_date"": ""2026-08-08""}"
5119,Darnell Mooney,WR,NYG,178.5,15.10,8,154,203,16.4,8,"{""type"": ""PPR"", ""teams"": 12, ""rounds"": 15, ""total_drafts"": 5187, ""start_date"": ""2026-08-01"", ""end_date"": ""2026-08-08""}"
5433,Tyquan Thornton,WR,KC,178.9,15.11,7,170,184,6.5,5,"{""type"": ""PPR"", ""teams"": 12, ""rounds"": 15, ""total_drafts"": 5187, ""start_date"": ""2026-08-01"", ""end_date"": ""2026-08-08""}"
1316,Miami Defense,DEF,MIA,183.0,16.03,33,145,209,16.0,6,"{""type"": ""PPR"", ""teams"": 12, ""rounds"": 15, ""total_drafts"": 5187, ""start_date"": ""2026-08-01"", ""end_date"": ""2026-08-08""}"
1980,Geno Smith,QB,NYJ,186.4,16.06,5,166,209,20.9,13,"{""type"": ""PPR"", ""teams"": 12, ""rounds"": 15, ""total_drafts"": 5187, ""start_date"": ""2026-08-01"", ""end_date"": ""2026-08-08""}"
