sample,group,age,f_hat,se,lo,hi
primary,all,21.2,7.9392,0.3397,7.2733,8.6051
primary,all,21.3,8.0313,0.3293,7.3859,8.6767
primary,all,21.4,8.1229,0.3199,7.4959,8.75
primary,all,21.5,8.2141,0.3082,7.61,8.8181
primary,all,21.6,8.3046,0.2988,7.7191,8.8902
primary,all,21.7,8.3945,0.2889,7.8284,8.9607
primary,all,21.8,8.4837,0.2799,7.935,9.0323
primary,all,21.9,8.572,0.2708,8.0413,9.1027
primary,all,22.0,8.6594,0.2629,8.1441,9.1746
primary,all,22.1,8.7457,0.2533,8.2493,9.2422
primary,all,22.2,8.8311,0.2454,8.3501,9.312
primary,all,22.3,8.9152,0.2425,8.4399,9.3905
primary,all,22.4,8.9981,0.2383,8.5311,9.4651
primary,all,22.5,9.0797,0.2249,8.6388,9.5205
primary,all,22.6,9.1598,0.2213,8.726,9.5936
primary,all,22.7,9.2385,0.2185,8.8102,9.6668
primary,all,22.8,9.3156,0.2181,8.8881,9.7431
primary,all,22.9,9.3911,0.2111,8.9774,9.8048
primary,all,23.0,9.4648,0.2066,9.06,9.8697
primary,all,23.1,9.5367,0.2062,9.1326,9.9409
primary,all,23.2,9.6067,0.2009,9.213,10.0005
primary,all,23.3,9.6748,0.2002,9.2823,10.0672
primary,all,23.4,9.7408,0.1969,9.3549,10.1267
primary,all,23.5,9.8046,0.1932,9.4259,10.1833
primary,all,23.6,9.8662,0.1951,9.4838,10.2486
primary,all,23.7,9.9256,0.1962,9.541,10.3101
primary,all,23.8,9.9825,0.198,9.5944,10.3705
primary,all,23.9,10.037,0.1888,9.6668,10.4071
primary,all,24.0,10.0889,0.2016,9.6938,10.4839
primary,all,24.1,10.1382,0.1924,9.761,10.5154
primary,all,24.2,10.1847,0.1946,9.8033,10.5662
primary,all,24.3,10.2285,0.1959,9.8446,10.6124
primary,all,24.4,10.2694,0.1976,9.8821,10.6568
primary,all,24.5,10.3074,0.1992,9.917,10.6978
primary,all,24.6,10.3423,0.1904,9.9691,10.7156
primary,all,24.7,10.3743,0.2018,9.9788,10.7699
primary,all,24.8,10.4033,0.1933,10.0245,10.7821
primary,all,24.9,10.4295,0.2033,10.031,10.8279
primary,all,25.0,10.4527,0.204,10.0529,10.8526
primary,all,25.1,10.4732,0.1956,10.0899,10.8565
primary,all,25.2,10.4909,0.2058,10.0875,10.8943
primary,all,25.3,10.5059,0.196,10.1217,10.8902
primary,all,25.4,10.5183,0.2077,10.1111,10.9254
primary,all,25.5,10.528,0.2076,10.1212,10.9348
primary,all,25.6,10.5352,0.1982,10.1467,10.9237
primary,all,25.7,10.5398,0.1988,10.1501,10.9295
primary,all,25.8,10.5419,0.2087,10.1329,10.951
primary,all,25.9,10.5416,0.2074,10.1351,10.9482
primary,all,26.0,10.5389,0.2047,10.1378,10.9401
primary,all,26.1,10.5339,0.2106,10.1212,10.9466
primary,all,26.2,10.5266,0.2094,10.1161,10.9371
primary,all,26.3,10.517,0.2111,10.1033,10.9307
primary,all,26.4,10.5052,0.2182,10.0776,10.9328
primary,all,26.5,10.4913,0.217,10.0659,10.9166
primary,all,26.6,10.4752,0.2158,10.0522,10.8982
primary,all,26.7,10.4571,0.218,10.0298,10.8844
primary,all,26.8,10.4369,0.2216,10.0026,10.8712
primary,all,26.9,10.4148,0.2242,9.9754,10.8541
primary,all,27.0,10.3907,0.2231,9.9534,10.828
primary,all,27.1,10.3647,0.2307,9.9126,10.8168
primary,all,27.2,10.3369,0.2294,9.8873,10.7865
primary,all,27.3,10.3073,0.2362,9.8443,10.7703
primary,all,27.4,10.276,0.235,9.8154,10.7365
primary,all,27.5,10.2429,0.2335,9.7853,10.7005
primary,all,27.6,10.2081,0.2401,9.7376,10.6787
primary,all,27.7,10.1717,0.2389,9.7034,10.64
primary,all,27.8,10.1336,0.2452,9.6531,10.6142
primary,all,27.9,10.0939,0.2431,9.6174,10.5705
primary,all,28.0,10.0526,0.2489,9.5647,10.5404
primary,all,28.1,10.0096,0.2464,9.5266,10.4926
primary,all,28.2,9.9651,0.2518,9.4716,10.4585
primary,all,28.3,9.919,0.249,9.431,10.4069
primary,all,28.4,9.8713,0.2557,9.3701,10.3725
primary,all,28.5,9.8221,0.2682,9.2965,10.3477
primary,all,28.6,9.7714,0.2719,9.2385,10.3043
primary,all,28.7,9.7192,0.2684,9.1931,10.2452
primary,all,28.8,9.6654,0.2586,9.1586,10.1723
primary,all,28.9,9.6103,0.2627,9.0954,10.1252
primary,all,29.0,9.5536,0.2729,9.0187,10.0886
primary,all,29.1,9.4956,0.2726,8.9612,10.03
primary,all,29.2,9.4361,0.2731,8.9008,9.9715
primary,all,29.3,9.3752,0.269,8.8479,9.9026
primary,all,29.4,9.313,0.2756,8.7728,9.8531
primary,all,29.5,9.2494,0.2792,8.7022,9.7965
primary,all,29.6,9.1844,0.2782,8.6391,9.7297
primary,all,29.7,9.1181,0.2749,8.5793,9.6569
primary,all,29.8,9.0505,0.2815,8.4988,9.6023
primary,all,29.9,8.9816,0.286,8.421,9.5422
primary,all,30.0,8.9114,0.2927,8.3378,9.4851
primary,all,30.1,8.84,0.2893,8.2729,9.4071
primary,all,30.2,8.7673,0.283,8.2126,9.322
primary,all,30.3,8.6934,0.2906,8.1239,9.2629
primary,all,30.4,8.6183,0.2824,8.0648,9.1718
primary,all,30.5,8.542,0.3054,7.9434,9.1405
primary,all,30.6,8.4645,0.2983,7.8799,9.0491
primary,all,30.7,8.3859,0.2998,7.7982,8.9735
primary,all,30.8,8.3061,0.3032,7.7119,8.9003
primary,all,30.9,8.2252,0.2983,7.6404,8.8099
primary,all,31.0,8.1432,0.3192,7.5175,8.7689
primary,all,31.1,8.0601,0.3185,7.4357,8.6844
primary,all,31.2,7.9759,0.3116,7.3651,8.5867
primary,all,31.3,7.8907,0.3174,7.2685,8.5129
primary,all,31.4,7.8044,0.3246,7.1682,8.4406
primary,all,31.5,7.7172,0.3182,7.0934,8.3409
primary,all,31.6,7.6289,0.3325,6.9772,8.2806
primary,all,31.7,7.5396,0.3406,6.8721,8.2071
primary,all,31.8,7.4494,0.3407,6.7816,8.1172
primary,all,31.9,7.3582,0.3393,6.6931,8.0233
primary,all,32.0,7.2661,0.3517,6.5768,7.9554
primary,all,32.1,7.1731,0.3563,6.4747,7.8715
primary,all,32.2,7.0792,0.3517,6.3898,7.7686
primary,all,32.3,6.9844,0.3663,6.2664,7.7023
primary,all,32.4,6.8887,0.3632,6.1769,7.6005
primary,all,32.5,6.7922,0.3819,6.0436,7.5407
primary,all,32.6,6.6948,0.3826,5.9449,7.4448
primary,all,32.7,6.5967,0.384,5.844,7.3493
primary,all,32.8,6.4977,0.3921,5.7291,7.2663
primary,all,32.9,6.398,0.4013,5.6115,7.1845
primary,all,33.0,6.2975,0.4112,5.4916,7.1034
primary,all,33.1,6.1963,0.4165,5.3799,7.0126
primary,all,33.2,6.0943,0.4172,5.2765,6.9121
primary,all,33.3,5.9916,0.4365,5.1361,6.8472
primary,all,33.4,5.8883,0.4391,5.0277,6.7489
primary,all,33.5,5.7842,0.4404,4.9211,6.6474
primary,all,33.6,5.6796,0.4516,4.7945,6.5646
primary,all,33.7,5.5742,0.4676,4.6578,6.4907
primary,all,33.8,5.4683,0.4748,4.5377,6.3988
primary,all,33.9,5.3617,0.4802,4.4206,6.3029
primary,all,34.0,5.2546,0.4946,4.2851,6.224
primary,all,34.1,5.1469,0.497,4.1728,6.1209
primary,all,34.2,5.0386,0.5052,4.0484,6.0288
primary,all,34.3,4.9298,0.5198,3.911,5.9486
primary,all,34.4,4.8205,0.5303,3.7811,5.8598
primary,low_adot,21.2,7.1016,0.4674,6.1855,8.0177
primary,low_adot,21.3,7.2227,0.4508,6.3391,8.1064
primary,low_adot,21.4,7.3432,0.4349,6.4908,8.1957
primary,low_adot,21.5,7.4631,0.4193,6.6413,8.2848
primary,low_adot,21.6,7.5821,0.4043,6.7897,8.3744
primary,low_adot,21.7,7.7001,0.3894,6.9368,8.4634
primary,low_adot,21.8,7.8172,0.3753,7.0815,8.5528
primary,low_adot,21.9,7.933,0.3624,7.2228,8.6433
primary,low_adot,22.0,8.0477,0.3488,7.3639,8.7314
primary,low_adot,22.1,8.1609,0.3373,7.4999,8.8219
primary,low_adot,22.2,8.2727,0.3254,7.6348,8.9105
primary,low_adot,22.3,8.3828,0.3148,7.7658,8.9999
primary,low_adot,22.4,8.4913,0.3052,7.8931,9.0895
primary,low_adot,22.5,8.5979,0.2957,8.0183,9.1776
primary,low_adot,22.6,8.7026,0.2876,8.1388,9.2664
primary,low_adot,22.7,8.8052,0.2796,8.2572,9.3533
primary,low_adot,22.8,8.9057,0.2746,8.3676,9.4439
primary,low_adot,22.9,9.004,0.2681,8.4785,9.5295
primary,low_adot,23.0,9.0998,0.263,8.5843,9.6153
primary,low_adot,23.1,9.1931,0.2589,8.6856,9.7006
primary,low_adot,23.2,9.2839,0.2545,8.7849,9.7828
primary,low_adot,23.3,9.3719,0.253,8.876,9.8677
primary,low_adot,23.4,9.457,0.2508,8.9655,9.9485
primary,low_adot,23.5,9.5393,0.2506,9.0482,10.0304
primary,low_adot,23.6,9.6184,0.2478,9.1328,10.1041
primary,low_adot,23.7,9.6945,0.248,9.2083,10.1806
primary,low_adot,23.8,9.7672,0.2471,9.283,10.2514
primary,low_adot,23.9,9.8365,0.247,9.3524,10.3206
primary,low_adot,24.0,9.9023,0.2475,9.4171,10.3875
primary,low_adot,24.1,9.9646,0.2478,9.4788,10.4503
primary,low_adot,24.2,10.023,0.2463,9.5403,10.5057
primary,low_adot,24.3,10.0777,0.2465,9.5945,10.5609
primary,low_adot,24.4,10.1284,0.2464,9.6454,10.6113
primary,low_adot,24.5,10.175,0.2483,9.6883,10.6617
primary,low_adot,24.6,10.2175,0.2483,9.7308,10.7042
primary,low_adot,24.7,10.2559,0.2485,9.7689,10.7429
primary,low_adot,24.8,10.2903,0.2471,9.806,10.7746
primary,low_adot,24.9,10.3209,0.2448,9.8412,10.8006
primary,low_adot,25.0,10.3477,0.2433,9.8708,10.8245
primary,low_adot,25.1,10.3708,0.2438,9.8929,10.8487
primary,low_adot,25.2,10.3903,0.242,9.916,10.8646
primary,low_adot,25.3,10.4064,0.2409,9.9342,10.8786
primary,low_adot,25.4,10.4191,0.2396,9.9494,10.8887
primary,low_adot,25.5,10.4284,0.2393,9.9593,10.8976
primary,low_adot,25.6,10.4346,0.2374,9.9694,10.8998
primary,low_adot,25.7,10.4378,0.2364,9.9745,10.901
primary,low_adot,25.8,10.4379,0.237,9.9733,10.9025
primary,low_adot,25.9,10.4351,0.2355,9.9735,10.8967
primary,low_adot,26.0,10.4295,0.234,9.971,10.8881
primary,low_adot,26.1,10.4213,0.2345,9.9616,10.881
primary,low_adot,26.2,10.4104,0.2338,9.9521,10.8687
primary,low_adot,26.3,10.3971,0.2352,9.9361,10.8581
primary,low_adot,26.4,10.3813,0.2358,9.9192,10.8435
primary,low_adot,26.5,10.3633,0.2379,9.897,10.8295
primary,low_adot,26.6,10.343,0.2365,9.8794,10.8067
primary,low_adot,26.7,10.3207,0.2375,9.8552,10.7861
primary,low_adot,26.8,10.2963,0.2382,9.8294,10.7632
primary,low_adot,26.9,10.27,0.2398,9.8,10.74
primary,low_adot,27.0,10.2419,0.2418,9.7679,10.7159
primary,low_adot,27.1,10.2121,0.2445,9.7329,10.6914
primary,low_adot,27.2,10.1807,0.2457,9.6992,10.6622
primary,low_adot,27.3,10.1478,0.2502,9.6574,10.6382
primary,low_adot,27.4,10.1134,0.2507,9.622,10.6049
primary,low_adot,27.5,10.0778,0.2546,9.5787,10.5768
primary,low_adot,27.6,10.0407,0.2573,9.5364,10.545
primary,low_adot,27.7,10.0024,0.2595,9.4938,10.5111
primary,low_adot,27.8,9.9628,0.2604,9.4525,10.4732
primary,low_adot,27.9,9.9219,0.2651,9.4024,10.4415
primary,low_adot,28.0,9.8798,0.2646,9.3611,10.3985
primary,low_adot,28.1,9.8364,0.2674,9.3122,10.3606
primary,low_adot,28.2,9.7917,0.272,9.2586,10.3249
primary,low_adot,28.3,9.7459,0.2715,9.2138,10.278
primary,low_adot,28.4,9.6988,0.2767,9.1564,10.2412
primary,low_adot,28.5,9.6505,0.2757,9.1101,10.191
primary,low_adot,28.6,9.6011,0.2774,9.0574,10.1447
primary,low_adot,28.7,9.5504,0.2788,9.0039,10.0969
primary,low_adot,28.8,9.4986,0.284,8.9419,10.0553
primary,low_adot,28.9,9.4457,0.2818,8.8934,9.998
primary,low_adot,29.0,9.3916,0.2832,8.8366,9.9467
primary,low_adot,29.1,9.3365,0.2895,8.7689,9.904
primary,low_adot,29.2,9.2802,0.2875,8.7166,9.8438
primary,low_adot,29.3,9.2228,0.2938,8.6469,9.7987
primary,low_adot,29.4,9.1643,0.291,8.5939,9.7348
primary,low_adot,29.5,9.1048,0.2962,8.5242,9.6854
primary,low_adot,29.6,9.0442,0.2962,8.4638,9.6247
primary,low_adot,29.7,8.9826,0.3009,8.3929,9.5724
primary,low_adot,29.8,8.92,0.3005,8.331,9.509
primary,low_adot,29.9,8.8564,0.3008,8.2668,9.4459
primary,low_adot,30.0,8.7917,0.3025,8.1988,9.3846
primary,low_adot,30.1,8.7261,0.3088,8.1208,9.3314
primary,low_adot,30.2,8.6595,0.3114,8.0492,9.2698
primary,low_adot,30.3,8.592,0.3085,7.9873,9.1966
primary,low_adot,30.4,8.5235,0.3121,7.9117,9.1353
primary,low_adot,30.5,8.4541,0.3131,7.8404,9.0678
primary,low_adot,30.6,8.3837,0.3169,7.7625,9.0049
primary,low_adot,30.7,8.3125,0.3187,7.6878,8.9372
primary,low_adot,30.8,8.2404,0.3221,7.6091,8.8717
primary,low_adot,30.9,8.1674,0.3268,7.5269,8.8078
primary,low_adot,31.0,8.0935,0.3285,7.4497,8.7373
primary,low_adot,31.1,8.0188,0.3347,7.3629,8.6748
primary,low_adot,31.2,7.9433,0.3364,7.2839,8.6027
primary,low_adot,31.3,7.8669,0.3424,7.1958,8.538
primary,low_adot,31.4,7.7897,0.3438,7.1159,8.4636
primary,low_adot,31.5,7.7118,0.3503,7.0251,8.3984
primary,low_adot,31.6,7.633,0.3537,6.9398,8.3262
primary,low_adot,31.7,7.5535,0.3586,6.8506,8.2564
primary,low_adot,31.8,7.4732,0.3633,6.7612,8.1852
primary,low_adot,31.9,7.3922,0.3671,6.6726,8.1118
primary,low_adot,32.0,7.3104,0.3749,6.5757,8.0452
primary,low_adot,32.1,7.228,0.3805,6.4823,7.9737
primary,low_adot,32.2,7.1448,0.3892,6.382,7.9077
primary,low_adot,32.3,7.061,0.3935,6.2896,7.8323
primary,low_adot,32.4,6.9765,0.3993,6.1939,7.7591
primary,low_adot,32.5,6.8913,0.4101,6.0875,7.6951
primary,low_adot,32.6,6.8055,0.4177,5.9868,7.6241
primary,low_adot,32.7,6.719,0.4255,5.885,7.553
primary,low_adot,32.8,6.6319,0.4328,5.7837,7.4802
primary,low_adot,32.9,6.5443,0.4407,5.6805,7.4081
primary,low_adot,33.0,6.456,0.4493,5.5754,7.3365
primary,low_adot,33.1,6.3671,0.4602,5.4651,7.2691
primary,low_adot,33.2,6.2777,0.4672,5.3619,7.1935
primary,low_adot,33.3,6.1877,0.4775,5.2518,7.1237
primary,low_adot,33.4,6.0972,0.4879,5.1409,7.0535
primary,low_adot,33.5,6.0062,0.4996,5.0269,6.9854
primary,low_adot,33.6,5.9146,0.51,4.9149,6.9143
primary,low_adot,33.7,5.8226,0.5191,4.8051,6.84
primary,low_adot,33.8,5.73,0.5297,4.6919,6.7682
primary,low_adot,33.9,5.637,0.5393,4.5799,6.6941
primary,low_adot,34.0,5.5435,0.553,4.4597,6.6274
primary,low_adot,34.1,5.4496,0.5657,4.3409,6.5584
primary,low_adot,34.2,5.3553,0.5768,4.2248,6.4858
primary,low_adot,34.3,5.2605,0.5888,4.1064,6.4146
primary,low_adot,34.4,5.1654,0.6012,3.9869,6.3438
primary,high_adot,21.2,8.5693,0.426,7.7344,9.4042
primary,high_adot,21.3,8.6377,0.4086,7.8369,9.4386
primary,high_adot,21.4,8.7059,0.3981,7.9255,9.4862
primary,high_adot,21.5,8.7737,0.3787,8.0314,9.516
primary,high_adot,21.6,8.8412,0.3694,8.1171,9.5652
primary,high_adot,21.7,8.9082,0.3561,8.2101,9.6062
primary,high_adot,21.8,8.9747,0.3516,8.2856,9.6637
primary,high_adot,21.9,9.0406,0.3369,8.3804,9.7009
primary,high_adot,22.0,9.106,0.3239,8.4711,9.7409
primary,high_adot,22.1,9.1708,0.3176,8.5483,9.7932
primary,high_adot,22.2,9.2348,0.3083,8.6305,9.839
primary,high_adot,22.3,9.2981,0.2921,8.7256,9.8705
primary,high_adot,22.4,9.3606,0.2847,8.8025,9.9186
primary,high_adot,22.5,9.4222,0.2815,8.8705,9.9738
primary,high_adot,22.6,9.4829,0.2741,8.9456,10.0202
primary,high_adot,22.7,9.5426,0.2615,9.03,10.0552
primary,high_adot,22.8,9.6013,0.2628,9.0862,10.1165
primary,high_adot,22.9,9.659,0.2666,9.1364,10.1816
primary,high_adot,23.0,9.7155,0.2592,9.2075,10.2236
primary,high_adot,23.1,9.7709,0.2595,9.2622,10.2796
primary,high_adot,23.2,9.825,0.2507,9.3337,10.3163
primary,high_adot,23.3,9.8779,0.2554,9.3772,10.3785
primary,high_adot,23.4,9.9294,0.2621,9.4157,10.4431
primary,high_adot,23.5,9.9795,0.241,9.5072,10.4518
primary,high_adot,23.6,10.0282,0.2488,9.5406,10.5158
primary,high_adot,23.7,10.0754,0.2465,9.5923,10.5585
primary,high_adot,23.8,10.121,0.2491,9.6327,10.6093
primary,high_adot,23.9,10.1651,0.2693,9.6373,10.6928
primary,high_adot,24.0,10.2075,0.2542,9.7092,10.7058
primary,high_adot,24.1,10.2482,0.2428,9.7723,10.7241
primary,high_adot,24.2,10.2871,0.2618,9.774,10.8003
primary,high_adot,24.3,10.3243,0.2555,9.8234,10.8251
primary,high_adot,24.4,10.3595,0.2591,9.8517,10.8673
primary,high_adot,24.5,10.3929,0.2473,9.9082,10.8776
primary,high_adot,24.6,10.4243,0.258,9.9186,10.93
primary,high_adot,24.7,10.4537,0.2416,9.9802,10.9272
primary,high_adot,24.8,10.4811,0.245,10.001,10.9613
primary,high_adot,24.9,10.5066,0.2379,10.0402,10.9729
primary,high_adot,25.0,10.5299,0.2503,10.0393,11.0206
primary,high_adot,25.1,10.5513,0.246,10.0692,11.0334
primary,high_adot,25.2,10.5706,0.251,10.0786,11.0626
primary,high_adot,25.3,10.5879,0.2459,10.106,11.0698
primary,high_adot,25.4,10.603,0.2322,10.1478,11.0582
primary,high_adot,25.5,10.6161,0.243,10.1398,11.0924
primary,high_adot,25.6,10.6271,0.2458,10.1453,11.1088
primary,high_adot,25.7,10.6359,0.2426,10.1604,11.1114
primary,high_adot,25.8,10.6426,0.2356,10.1809,11.1044
primary,high_adot,25.9,10.6472,0.2368,10.1831,11.1113
primary,high_adot,26.0,10.6496,0.2337,10.1916,11.1076
primary,high_adot,26.1,10.6498,0.2296,10.1998,11.0999
primary,high_adot,26.2,10.6479,0.2401,10.1773,11.1184
primary,high_adot,26.3,10.6437,0.2275,10.1979,11.0895
primary,high_adot,26.4,10.6373,0.2299,10.1867,11.088
primary,high_adot,26.5,10.6287,0.2265,10.1849,11.0726
primary,high_adot,26.6,10.6179,0.2157,10.195,11.0407
primary,high_adot,26.7,10.6047,0.2379,10.1384,11.0711
primary,high_adot,26.8,10.5894,0.2383,10.1223,11.0564
primary,high_adot,26.9,10.5717,0.2362,10.1087,11.0347
primary,high_adot,27.0,10.5517,0.2263,10.1082,10.9952
primary,high_adot,27.1,10.5294,0.2289,10.0807,10.9781
primary,high_adot,27.2,10.5048,0.243,10.0285,10.981
primary,high_adot,27.3,10.4778,0.2464,9.9948,10.9608
primary,high_adot,27.4,10.4485,0.2532,9.9522,10.9447
primary,high_adot,27.5,10.4168,0.2353,9.9556,10.8779
primary,high_adot,27.6,10.3827,0.2498,9.8931,10.8723
primary,high_adot,27.7,10.3464,0.2402,9.8756,10.8172
primary,high_adot,27.8,10.3077,0.2418,9.8339,10.7816
primary,high_adot,27.9,10.2668,0.2567,9.7638,10.7699
primary,high_adot,28.0,10.2237,0.2685,9.6975,10.7499
primary,high_adot,28.1,10.1783,0.2645,9.6599,10.6967
primary,high_adot,28.2,10.1307,0.2674,9.6066,10.6548
primary,high_adot,28.3,10.0809,0.2453,9.6002,10.5616
primary,high_adot,28.4,10.029,0.2567,9.5259,10.5321
primary,high_adot,28.5,9.975,0.2794,9.4274,10.5226
primary,high_adot,28.6,9.9188,0.2535,9.4221,10.4156
primary,high_adot,28.7,9.8606,0.2608,9.3495,10.3717
primary,high_adot,28.8,9.8004,0.2904,9.2313,10.3694
primary,high_adot,28.9,9.738,0.2638,9.2209,10.2551
primary,high_adot,29.0,9.6737,0.2676,9.1492,10.1983
primary,high_adot,29.1,9.6074,0.2948,9.0296,10.1853
primary,high_adot,29.2,9.5392,0.285,8.9806,10.0978
primary,high_adot,29.3,9.469,0.2698,8.9401,9.9979
primary,high_adot,29.4,9.3969,0.2541,8.8988,9.8949
primary,high_adot,29.5,9.3229,0.2893,8.7559,9.8898
primary,high_adot,29.6,9.247,0.2799,8.6984,9.7956
primary,high_adot,29.7,9.1693,0.2885,8.6039,9.7347
primary,high_adot,29.8,9.0898,0.267,8.5665,9.6131
primary,high_adot,29.9,9.0085,0.2792,8.4613,9.5557
primary,high_adot,30.0,8.9254,0.3033,8.3309,9.5199
primary,high_adot,30.1,8.8406,0.3127,8.2276,9.4536
primary,high_adot,30.2,8.7541,0.2878,8.19,9.3181
primary,high_adot,30.3,8.6658,0.2879,8.1016,9.2301
primary,high_adot,30.4,8.5759,0.305,7.9781,9.1736
primary,high_adot,30.5,8.4843,0.3133,7.8702,9.0985
primary,high_adot,30.6,8.3911,0.3151,7.7735,9.0088
primary,high_adot,30.7,8.2963,0.3158,7.6773,8.9154
primary,high_adot,30.8,8.2,0.3385,7.5365,8.8635
primary,high_adot,30.9,8.1021,0.3192,7.4765,8.7276
primary,high_adot,31.0,8.0026,0.3428,7.3307,8.6745
primary,high_adot,31.1,7.9016,0.3454,7.2247,8.5786
primary,high_adot,31.2,7.7992,0.3581,7.0972,8.5012
primary,high_adot,31.3,7.6953,0.365,6.9799,8.4107
primary,high_adot,31.4,7.59,0.3781,6.8488,8.3311
primary,high_adot,31.5,7.4832,0.3861,6.7264,8.24
primary,high_adot,31.6,7.3751,0.395,6.6008,8.1493
primary,high_adot,31.7,7.2656,0.3916,6.4981,8.0331
primary,high_adot,31.8,7.1547,0.417,6.3374,7.9721
primary,high_adot,31.9,7.0426,0.3961,6.2663,7.8189
primary,high_adot,32.0,6.9292,0.4208,6.1044,7.7539
primary,high_adot,32.1,6.8144,0.4283,5.975,7.6539
primary,high_adot,32.2,6.6985,0.4475,5.8213,7.5757
primary,high_adot,32.3,6.5813,0.458,5.6837,7.479
primary,high_adot,32.4,6.463,0.4761,5.5297,7.3962
primary,high_adot,32.5,6.3434,0.4871,5.3887,7.2981
primary,high_adot,32.6,6.2227,0.4851,5.272,7.1734
primary,high_adot,32.7,6.1009,0.5088,5.1037,7.0982
primary,high_adot,32.8,5.978,0.5218,4.9553,7.0007
primary,high_adot,32.9,5.854,0.534,4.8073,6.9007
primary,high_adot,33.0,5.729,0.5429,4.6648,6.7931
primary,high_adot,33.1,5.6029,0.5609,4.5036,6.7022
primary,high_adot,33.2,5.4758,0.5792,4.3405,6.6111
primary,high_adot,33.3,5.3478,0.5974,4.1768,6.5187
primary,high_adot,33.4,5.2187,0.6093,4.0245,6.4129
primary,high_adot,33.5,5.0888,0.6148,3.8837,6.2938
primary,high_adot,33.6,4.9579,0.6386,3.7063,6.2096
primary,high_adot,33.7,4.8262,0.659,3.5346,6.1177
primary,high_adot,33.8,4.6936,0.6708,3.3787,6.0085
primary,high_adot,33.9,4.5601,0.685,3.2176,5.9027
primary,high_adot,34.0,4.4259,0.707,3.0401,5.8116
primary,high_adot,34.1,4.2908,0.7164,2.8867,5.695
primary,high_adot,34.2,4.155,0.7426,2.6995,5.6105
primary,high_adot,34.3,4.0185,0.7527,2.5432,5.4937
primary,high_adot,34.4,3.8812,0.7703,2.3714,5.391
top30_only,all,21.0,9.9843,1.0536,7.9193,12.0494
top30_only,all,21.1,10.2458,1.0166,8.2533,12.2383
top30_only,all,21.2,10.5068,0.983,8.5802,12.4335
top30_only,all,21.3,10.767,0.9544,8.8964,12.6376
top30_only,all,21.4,11.0258,0.9241,9.2146,12.8369
top30_only,all,21.5,11.2826,0.8993,9.52,13.0452
top30_only,all,21.6,11.5369,0.8846,9.8031,13.2708
top30_only,all,21.7,11.7883,0.8641,10.0947,13.482
top30_only,all,21.8,12.0362,0.8511,10.368,13.7044
top30_only,all,21.9,12.2801,0.8496,10.6148,13.9454
top30_only,all,22.0,12.5194,0.8441,10.8649,14.174
top30_only,all,22.1,12.7537,0.863,11.0622,14.4452
top30_only,all,22.2,12.9824,0.848,11.3203,14.6445
top30_only,all,22.3,13.205,0.8752,11.4896,14.9204
top30_only,all,22.4,13.4209,0.8817,11.6927,15.1491
top30_only,all,22.5,13.6297,0.8985,11.8687,15.3908
top30_only,all,22.6,13.8309,0.8888,12.0887,15.573
top30_only,all,22.7,14.0238,0.9262,12.2084,15.8392
top30_only,all,22.8,14.208,0.9387,12.3681,16.0479
top30_only,all,22.9,14.383,0.9452,12.5305,16.2355
top30_only,all,23.0,14.5482,0.9634,12.66,16.4365
top30_only,all,23.1,14.7032,0.9768,12.7886,16.6177
top30_only,all,23.2,14.8473,1.0311,12.8263,16.8684
top30_only,all,23.3,14.9802,1.0041,13.0121,16.9483
top30_only,all,23.4,15.1019,1.0205,13.1017,17.1021
top30_only,all,23.5,15.213,1.0449,13.1649,17.261
top30_only,all,23.6,15.3139,1.0756,13.2058,17.422
top30_only,all,23.7,15.4053,1.0598,13.328,17.4825
top30_only,all,23.8,15.4875,1.0764,13.3779,17.5972
top30_only,all,23.9,15.5613,1.1021,13.4011,17.7215
top30_only,all,24.0,15.627,1.1047,13.4618,17.7922
top30_only,all,24.1,15.6852,1.1125,13.5047,17.8657
top30_only,all,24.2,15.7364,1.129,13.5235,17.9493
top30_only,all,24.3,15.7812,1.1265,13.5733,17.9891
top30_only,all,24.4,15.82,1.1408,13.5841,18.0559
top30_only,all,24.5,15.8535,1.1459,13.6075,18.0994
top30_only,all,24.6,15.882,1.1535,13.6211,18.1429
top30_only,all,24.7,15.9062,1.1686,13.6157,18.1967
top30_only,all,24.8,15.9266,1.18,13.6137,18.2395
top30_only,all,24.9,15.9436,1.19,13.6112,18.2761
top30_only,all,25.0,15.9579,1.2033,13.5994,18.3164
top30_only,all,25.1,15.9699,1.2234,13.5719,18.3678
top30_only,all,25.2,15.9802,1.2475,13.5351,18.4252
top30_only,all,25.3,15.9891,1.2403,13.5581,18.4201
top30_only,all,25.4,15.9968,1.2868,13.4747,18.5189
top30_only,all,25.5,16.0032,1.2883,13.4781,18.5284
top30_only,all,25.6,16.0085,1.2995,13.4615,18.5555
top30_only,all,25.7,16.0125,1.3104,13.4441,18.581
top30_only,all,25.8,16.0154,1.3191,13.4299,18.6009
top30_only,all,25.9,16.0171,1.3222,13.4256,18.6087
top30_only,all,26.0,16.0177,1.3452,13.3812,18.6543
top30_only,all,26.1,16.0172,1.3817,13.309,18.7254
top30_only,all,26.2,16.0155,1.3896,13.2919,18.7391
top30_only,all,26.3,16.0128,1.4027,13.2634,18.7621
top30_only,all,26.4,16.0089,1.4299,13.2063,18.8115
top30_only,all,26.5,16.004,1.4277,13.2058,18.8022
top30_only,all,26.6,15.9981,1.4184,13.2181,18.7781
top30_only,all,26.7,15.9911,1.4602,13.1292,18.8531
top30_only,all,26.8,15.9832,1.4671,13.1077,18.8586
top30_only,all,26.9,15.9742,1.4763,13.0807,18.8677
top30_only,all,27.0,15.9643,1.496,13.032,18.8965
top30_only,all,27.1,15.9534,1.5299,12.9549,18.9519
top30_only,all,27.2,15.9416,1.553,12.8977,18.9854
top30_only,all,27.3,15.9288,1.5409,12.9087,18.9489
top30_only,all,27.4,15.9151,1.5848,12.8088,19.0214
top30_only,all,27.5,15.9006,1.5644,12.8343,18.9668
top30_only,all,27.6,15.8851,1.5931,12.7626,19.0076
top30_only,all,27.7,15.8688,1.6119,12.7095,19.0282
top30_only,all,27.8,15.8517,1.6315,12.654,19.0494
top30_only,all,27.9,15.8338,1.6536,12.5928,19.0747
top30_only,all,28.0,15.815,1.6656,12.5505,19.0796
top30_only,all,28.1,15.7955,1.6883,12.4863,19.1046
top30_only,all,28.2,15.7751,1.7163,12.4113,19.139
top30_only,all,28.3,15.7541,1.7434,12.337,19.1711
top30_only,all,28.4,15.7322,1.743,12.316,19.1485
top30_only,all,28.5,15.7097,1.7767,12.2273,19.1921
top30_only,all,28.6,15.6864,1.7915,12.1752,19.1977
top30_only,all,28.7,15.6625,1.8023,12.13,19.195
top30_only,all,28.8,15.6379,1.8223,12.0662,19.2096
top30_only,all,28.9,15.6126,1.8374,12.0114,19.2139
top30_only,all,29.0,15.5867,1.8655,11.9304,19.2431
top30_only,all,29.1,15.5602,1.8651,11.9046,19.2158
top30_only,all,29.2,15.5331,1.8795,11.8493,19.2169
top30_only,all,29.3,15.5054,1.9068,11.7681,19.2427
top30_only,all,29.4,15.4771,1.9318,11.6908,19.2634
top30_only,all,29.5,15.4483,1.9573,11.612,19.2846
top30_only,all,29.6,15.4189,1.9685,11.5607,19.2771
top30_only,all,29.7,15.389,2.0016,11.4659,19.312
top30_only,all,29.8,15.3586,2.0115,11.416,19.3012
top30_only,all,29.9,15.3277,2.0425,11.3243,19.3311
top30_only,all,30.0,15.2963,2.0606,11.2576,19.3351
top30_only,all,30.1,15.2645,2.1111,11.1268,19.4023
top30_only,all,30.2,15.2323,2.1143,11.0882,19.3764
top30_only,all,30.3,15.1996,2.1433,10.9987,19.4006
top30_only,all,30.4,15.1666,2.1756,10.9025,19.4307
top30_only,all,30.5,15.1331,2.1917,10.8374,19.4288
top30_only,all,30.6,15.0993,2.2317,10.7252,19.4734
top30_only,all,30.7,15.0651,2.2665,10.6228,19.5075
top30_only,all,30.8,15.0306,2.2803,10.5612,19.5
top30_only,all,30.9,14.9958,2.2951,10.4974,19.4942
top30_only,all,31.0,14.9607,2.331,10.392,19.5294
top30_only,all,31.1,14.9253,2.3582,10.3032,19.5473
top30_only,all,31.2,14.8896,2.3894,10.2063,19.5729
top30_only,all,31.3,14.8537,2.4249,10.1009,19.6064
top30_only,all,31.4,14.8175,2.4568,10.0021,19.6329
top30_only,all,31.5,14.7811,2.4707,9.9386,19.6236
top30_only,all,31.6,14.7445,2.4941,9.856,19.6331
top30_only,all,31.7,14.7078,2.5298,9.7494,19.6661
top30_only,all,31.8,14.6709,2.566,9.6414,19.7003
top30_only,all,31.9,14.6338,2.5876,9.5621,19.7055
top30_only,all,32.0,14.5966,2.6276,9.4464,19.7467
top30_only,low_adot,21.0,6.5104,1.9693,2.6504,10.3703
top30_only,low_adot,21.1,6.9683,1.961,3.1247,10.8118
top30_only,low_adot,21.2,7.4254,1.9545,3.5946,11.2562
top30_only,low_adot,21.3,7.8808,1.9532,4.0525,11.7091
top30_only,low_adot,21.4,8.3333,1.9553,4.501,12.1657
top30_only,low_adot,21.5,8.782,1.9666,4.9276,12.6365
top30_only,low_adot,21.6,9.2258,1.9766,5.3516,13.1
top30_only,low_adot,21.7,9.6636,1.9899,5.7634,13.5637
top30_only,low_adot,21.8,10.0943,2.0137,6.1475,14.0412
top30_only,low_adot,21.9,10.5171,2.031,6.5363,14.4979
top30_only,low_adot,22.0,10.9307,2.0616,6.89,14.9713
top30_only,low_adot,22.1,11.3341,2.0884,7.2409,15.4274
top30_only,low_adot,22.2,11.7264,2.1059,7.5988,15.854
top30_only,low_adot,22.3,12.1065,2.1544,7.8838,16.3291
top30_only,low_adot,22.4,12.4732,2.1786,8.2031,16.7434
top30_only,low_adot,22.5,12.8256,2.2201,8.4743,17.177
top30_only,low_adot,22.6,13.1627,2.2544,8.7441,17.5813
top30_only,low_adot,22.7,13.4833,2.296,8.9831,17.9835
top30_only,low_adot,22.8,13.7865,2.3347,9.2104,18.3625
top30_only,low_adot,22.9,14.0711,2.3798,9.4067,18.7355
top30_only,low_adot,23.0,14.3362,2.4342,9.5652,19.1072
top30_only,low_adot,23.1,14.5807,2.4684,9.7427,19.4187
top30_only,low_adot,23.2,14.8035,2.4852,9.9324,19.6746
top30_only,low_adot,23.3,15.0037,2.5379,10.0294,19.9781
top30_only,low_adot,23.4,15.1817,2.5979,10.0898,20.2735
top30_only,low_adot,23.5,15.3385,2.6436,10.157,20.5199
top30_only,low_adot,23.6,15.4752,2.6679,10.2462,20.7043
top30_only,low_adot,23.7,15.5932,2.7166,10.2686,20.9177
top30_only,low_adot,23.8,15.6934,2.7425,10.3181,21.0687
top30_only,low_adot,23.9,15.7772,2.8063,10.2769,21.2774
top30_only,low_adot,24.0,15.8455,2.8471,10.2652,21.4258
top30_only,low_adot,24.1,15.8996,2.9003,10.2151,21.5841
top30_only,low_adot,24.2,15.9407,2.9436,10.1713,21.7101
top30_only,low_adot,24.3,15.9699,2.9894,10.1107,21.8291
top30_only,low_adot,24.4,15.9883,3.0175,10.0739,21.9026
top30_only,low_adot,24.5,15.9971,3.0628,9.994,22.0002
top30_only,low_adot,24.6,15.9975,3.1275,9.8677,22.1273
top30_only,low_adot,24.7,15.9906,3.1696,9.7782,22.2031
top30_only,low_adot,24.8,15.9776,3.2084,9.6892,22.266
top30_only,low_adot,24.9,15.9596,3.2752,9.5403,22.379
top30_only,low_adot,25.0,15.9379,3.3347,9.4019,22.4739
top30_only,low_adot,25.1,15.9134,3.3841,9.2806,22.5463
top30_only,low_adot,25.2,15.8875,3.4299,9.1649,22.6101
top30_only,low_adot,25.3,15.861,3.4739,9.0522,22.6698
top30_only,low_adot,25.4,15.8341,3.5324,8.9105,22.7576
top30_only,low_adot,25.5,15.8067,3.5698,8.8098,22.8036
top30_only,low_adot,25.6,15.7789,3.6426,8.6393,22.9185
top30_only,low_adot,25.7,15.7507,3.7092,8.4807,23.0206
top30_only,low_adot,25.8,15.7221,3.7381,8.3953,23.0488
top30_only,low_adot,25.9,15.693,3.7979,8.2491,23.1369
top30_only,low_adot,26.0,15.6636,3.8478,8.1219,23.2052
top30_only,low_adot,26.1,15.6338,3.9008,7.9883,23.2792
top30_only,low_adot,26.2,15.6035,3.9888,7.7855,23.4216
top30_only,low_adot,26.3,15.5729,4.0071,7.7191,23.4268
top30_only,low_adot,26.4,15.542,4.0946,7.5166,23.5674
top30_only,low_adot,26.5,15.5106,4.1502,7.3761,23.6451
top30_only,low_adot,26.6,15.4789,4.1725,7.3009,23.657
top30_only,low_adot,26.7,15.4468,4.2312,7.1536,23.7401
top30_only,low_adot,26.8,15.4144,4.3099,6.967,23.8619
top30_only,low_adot,26.9,15.3816,4.3421,6.8712,23.8921
top30_only,low_adot,27.0,15.3485,4.4107,6.7035,23.9936
top30_only,low_adot,27.1,15.3151,4.4691,6.5557,24.0745
top30_only,low_adot,27.2,15.2813,4.5485,6.3662,24.1964
top30_only,low_adot,27.3,15.2472,4.6187,6.1946,24.2998
top30_only,low_adot,27.4,15.2128,4.6257,6.1464,24.2792
top30_only,low_adot,27.5,15.1781,4.6847,5.996,24.3601
top30_only,low_adot,27.6,15.143,4.7573,5.8187,24.4674
top30_only,low_adot,27.7,15.1077,4.8292,5.6425,24.5729
top30_only,low_adot,27.8,15.0721,4.8469,5.5722,24.5719
top30_only,low_adot,27.9,15.0362,4.9117,5.4093,24.663
top30_only,low_adot,28.0,15.0,4.9706,5.2575,24.7424
top30_only,low_adot,28.1,14.9635,5.0261,5.1123,24.8146
top30_only,low_adot,28.2,14.9267,5.0955,4.9396,24.9138
top30_only,low_adot,28.3,14.8897,5.1436,4.8082,24.9712
top30_only,low_adot,28.4,14.8525,5.2034,4.6538,25.0511
top30_only,low_adot,28.5,14.8149,5.2254,4.5732,25.0566
top30_only,low_adot,28.6,14.7772,5.2935,4.402,25.1523
top30_only,low_adot,28.7,14.7392,5.3884,4.1778,25.3005
top30_only,low_adot,28.8,14.7009,5.4415,4.0356,25.3663
top30_only,low_adot,28.9,14.6624,5.5088,3.8652,25.4597
top30_only,low_adot,29.0,14.6237,5.5749,3.6969,25.5505
top30_only,low_adot,29.1,14.5848,5.6122,3.585,25.5847
top30_only,low_adot,29.2,14.5457,5.6734,3.4258,25.6656
top30_only,low_adot,29.3,14.5064,5.7404,3.2551,25.7576
top30_only,low_adot,29.4,14.4668,5.7976,3.1035,25.8301
top30_only,low_adot,29.5,14.4271,5.8561,2.9491,25.9051
top30_only,low_adot,29.6,14.3872,5.8865,2.8497,25.9247
top30_only,low_adot,29.7,14.3471,5.9732,2.6397,26.0545
top30_only,low_adot,29.8,14.3068,6.0324,2.4833,26.1303
top30_only,low_adot,29.9,14.2664,6.1091,2.2925,26.2402
top30_only,low_adot,30.0,14.2258,6.158,2.156,26.2955
top30_only,low_adot,30.1,14.185,6.2398,1.9549,26.4151
top30_only,low_adot,30.2,14.1441,6.2927,1.8105,26.4777
top30_only,low_adot,30.3,14.103,6.3534,1.6504,26.5557
top30_only,low_adot,30.4,14.0618,6.4025,1.5129,26.6107
top30_only,low_adot,30.5,14.0205,6.4865,1.3069,26.7341
top30_only,low_adot,30.6,13.979,6.5595,1.1223,26.8357
top30_only,low_adot,30.7,13.9374,6.6225,0.9573,26.9175
top30_only,low_adot,30.8,13.8957,6.6823,0.7985,26.9929
top30_only,low_adot,30.9,13.8539,6.7525,0.619,27.0888
top30_only,low_adot,31.0,13.812,6.8294,0.4263,27.1977
top30_only,low_adot,31.1,13.7699,6.8921,0.2615,27.2784
top30_only,low_adot,31.2,13.7278,6.9608,0.0846,27.371
top30_only,low_adot,31.3,13.6856,7.024,-0.0815,27.4528
top30_only,low_adot,31.4,13.6433,7.0889,-0.2508,27.5375
top30_only,low_adot,31.5,13.601,7.1588,-0.4302,27.6321
top30_only,low_adot,31.6,13.5585,7.2341,-0.6203,27.7373
top30_only,low_adot,31.7,13.516,7.3037,-0.7991,27.8312
top30_only,low_adot,31.8,13.4735,7.3803,-0.9918,27.9388
top30_only,low_adot,31.9,13.4309,7.4507,-1.1726,28.0343
top30_only,low_adot,32.0,13.3882,7.521,-1.353,28.1294
top30_only,high_adot,21.0,12.7207,2.1064,8.5922,16.8492
top30_only,high_adot,21.1,12.7925,2.1133,8.6504,16.9345
top30_only,high_adot,21.2,12.8642,2.0656,8.8155,16.9128
top30_only,high_adot,21.3,12.9358,2.0772,8.8644,17.0071
top30_only,high_adot,21.4,13.0072,2.0251,9.0381,16.9763
top30_only,high_adot,21.5,13.0783,2.0179,9.1232,17.0334
top30_only,high_adot,21.6,13.1492,2.0436,9.1437,17.1547
top30_only,high_adot,21.7,13.2197,1.9987,9.3023,17.1371
top30_only,high_adot,21.8,13.2897,2.0642,9.2438,17.3356
top30_only,high_adot,21.9,13.3592,2.0889,9.265,17.4534
top30_only,high_adot,22.0,13.4282,2.0951,9.3217,17.5346
top30_only,high_adot,22.1,13.4965,2.1061,9.3685,17.6244
top30_only,high_adot,22.2,13.5641,2.1478,9.3543,17.7738
top30_only,high_adot,22.3,13.6309,2.192,9.3346,17.9272
top30_only,high_adot,22.4,13.6968,2.1825,9.4191,17.9746
top30_only,high_adot,22.5,13.7619,2.2686,9.3154,18.2085
top30_only,high_adot,22.6,13.826,2.2824,9.3525,18.2995
top30_only,high_adot,22.7,13.8891,2.3211,9.3397,18.4385
top30_only,high_adot,22.8,13.951,2.3614,9.3227,18.5793
top30_only,high_adot,22.9,14.0118,2.3918,9.3239,18.6997
top30_only,high_adot,23.0,14.0713,2.4164,9.3353,18.8074
top30_only,high_adot,23.1,14.1296,2.4755,9.2775,18.9816
top30_only,high_adot,23.2,14.1864,2.5351,9.2177,19.1552
top30_only,high_adot,23.3,14.2418,2.5703,9.2041,19.2796
top30_only,high_adot,23.4,14.2958,2.6078,9.1845,19.4071
top30_only,high_adot,23.5,14.3482,2.7173,9.0222,19.6741
top30_only,high_adot,23.6,14.399,2.709,9.0894,19.7087
top30_only,high_adot,23.7,14.4483,2.7878,8.9841,19.9124
top30_only,high_adot,23.8,14.4958,2.805,8.9979,19.9937
top30_only,high_adot,23.9,14.5417,2.835,8.9851,20.0983
top30_only,high_adot,24.0,14.5859,2.9,8.9019,20.2698
top30_only,high_adot,24.1,14.6283,2.9475,8.8512,20.4053
top30_only,high_adot,24.2,14.6688,3.0024,8.7841,20.5536
top30_only,high_adot,24.3,14.7075,3.0678,8.6947,20.7203
top30_only,high_adot,24.4,14.7443,3.0523,8.7619,20.7268
top30_only,high_adot,24.5,14.7792,3.14,8.6249,20.9335
top30_only,high_adot,24.6,14.8121,3.1782,8.5829,21.0413
top30_only,high_adot,24.7,14.843,3.232,8.5082,21.1778
top30_only,high_adot,24.8,14.8718,3.2463,8.5091,21.2345
top30_only,high_adot,24.9,14.8985,3.359,8.3149,21.4822
top30_only,high_adot,25.0,14.9231,3.3925,8.2739,21.5723
top30_only,high_adot,25.1,14.9455,3.4148,8.2525,21.6385
top30_only,high_adot,25.2,14.9657,3.4808,8.1433,21.7881
top30_only,high_adot,25.3,14.9836,3.5527,8.0203,21.9468
top30_only,high_adot,25.4,14.9993,3.5701,8.0018,21.9967
top30_only,high_adot,25.5,15.0128,3.632,7.8941,22.1315
top30_only,high_adot,25.6,15.0241,3.717,7.7389,22.3093
top30_only,high_adot,25.7,15.0333,3.7683,7.6473,22.4192
top30_only,high_adot,25.8,15.0404,3.7726,7.6461,22.4347
top30_only,high_adot,25.9,15.0454,3.8661,7.4678,22.6229
top30_only,high_adot,26.0,15.0483,3.936,7.3338,22.7629
top30_only,high_adot,26.1,15.0493,3.9734,7.2614,22.8372
top30_only,high_adot,26.2,15.0482,4.0179,7.1731,22.9233
top30_only,high_adot,26.3,15.0452,4.0804,7.0477,23.0428
top30_only,high_adot,26.4,15.0403,4.1449,6.9163,23.1643
top30_only,high_adot,26.5,15.0335,4.1379,6.9231,23.1438
top30_only,high_adot,26.6,15.0248,4.1726,6.8465,23.203
top30_only,high_adot,26.7,15.0142,4.2403,6.7032,23.3253
top30_only,high_adot,26.8,15.0019,4.3272,6.5205,23.4833
top30_only,high_adot,26.9,14.9878,4.3585,6.4451,23.5305
top30_only,high_adot,27.0,14.972,4.435,6.2794,23.6645
top30_only,high_adot,27.1,14.9544,4.5003,6.1338,23.775
top30_only,high_adot,27.2,14.9351,4.5676,5.9826,23.8876
top30_only,high_adot,27.3,14.9142,4.6096,5.8793,23.9491
top30_only,high_adot,27.4,14.8917,4.5999,5.8759,23.9074
top30_only,high_adot,27.5,14.8676,4.7321,5.5927,24.1424
top30_only,high_adot,27.6,14.8419,4.7633,5.5057,24.178
top30_only,high_adot,27.7,14.8146,4.808,5.3909,24.2383
top30_only,high_adot,27.8,14.7859,4.9172,5.1482,24.4236
top30_only,high_adot,27.9,14.7557,4.9704,5.0138,24.4976
top30_only,high_adot,28.0,14.7241,4.9695,4.9839,24.4642
top30_only,high_adot,28.1,14.691,5.0442,4.8044,24.5776
top30_only,high_adot,28.2,14.6565,5.0843,4.6913,24.6218
top30_only,high_adot,28.3,14.6207,5.1718,4.4841,24.7574
top30_only,high_adot,28.4,14.5836,5.2166,4.3591,24.8082
top30_only,high_adot,28.5,14.5452,5.3292,4.1001,24.9904
top30_only,high_adot,28.6,14.5055,5.3476,4.0242,24.9868
top30_only,high_adot,28.7,14.4646,5.3917,3.8968,25.0324
top30_only,high_adot,28.8,14.4225,5.4787,3.6842,25.1608
top30_only,high_adot,28.9,14.3792,5.5327,3.5351,25.2233
top30_only,high_adot,29.0,14.3348,5.576,3.4058,25.2638
top30_only,high_adot,29.1,14.2892,5.6409,3.2331,25.3454
top30_only,high_adot,29.2,14.2426,5.647,3.1745,25.3108
top30_only,high_adot,29.3,14.1949,5.734,2.9563,25.4336
top30_only,high_adot,29.4,14.1463,5.774,2.8292,25.4633
top30_only,high_adot,29.5,14.0966,5.8236,2.6824,25.5108
top30_only,high_adot,29.6,14.0459,5.8673,2.5459,25.5459
top30_only,high_adot,29.7,13.9943,5.9483,2.3356,25.6531
top30_only,high_adot,29.8,13.9419,6.0114,2.1596,25.7241
top30_only,high_adot,29.9,13.8885,6.0717,1.9879,25.7891
top30_only,high_adot,30.0,13.8343,6.1081,1.8624,25.8062
top30_only,high_adot,30.1,13.7793,6.1484,1.7285,25.8302
top30_only,high_adot,30.2,13.7235,6.2257,1.5211,25.926
top30_only,high_adot,30.3,13.667,6.3015,1.3161,26.0179
top30_only,high_adot,30.4,13.6097,6.3892,1.0868,26.1326
top30_only,high_adot,30.5,13.5518,6.4205,0.9676,26.136
top30_only,high_adot,30.6,13.4932,6.4984,0.7563,26.2301
top30_only,high_adot,30.7,13.434,6.5399,0.6157,26.2522
top30_only,high_adot,30.8,13.3741,6.597,0.4441,26.3042
top30_only,high_adot,30.9,13.3137,6.6463,0.287,26.3404
top30_only,high_adot,31.0,13.2528,6.7252,0.0713,26.4343
top30_only,high_adot,31.1,13.1913,6.776,-0.0896,26.4723
top30_only,high_adot,31.2,13.1294,6.8266,-0.2506,26.5095
top30_only,high_adot,31.3,13.067,6.9011,-0.4591,26.5932
top30_only,high_adot,31.4,13.0042,6.9635,-0.6441,26.6526
top30_only,high_adot,31.5,12.9411,7.0274,-0.8327,26.7148
top30_only,high_adot,31.6,12.8775,7.1015,-1.0413,26.7964
top30_only,high_adot,31.7,12.8137,7.1456,-1.1917,26.819
top30_only,high_adot,31.8,12.7495,7.1914,-1.3456,26.8445
top30_only,high_adot,31.9,12.6851,7.2589,-1.5424,26.9126
top30_only,high_adot,32.0,12.6204,7.3455,-1.7769,27.0176
