year,name,pos,adp,stdev,team,gsis_id,adp_rank,games,ppg,rookie_season,exp,tier,in_fit,m_ols,m_iso,resid_iso,resid_ols,m_hat,tau2,sig2,mu_hat,n_eff,V,B,theta_star
2015,Andrew Luck,QB,16.9,5.3,IND,00-0029668,1,7,18.69142857142857,2012,3,vet,True,22.621192771218247,21.825714285714284,-3.1342857142857135,-3.929764199789677,24.959999999999997,7.779942839947031,46.65759676869891,20.25517857142857,2.3333333333333335,19.99611290087096,0.7199046937209986,23.642201600976275
2015,Aaron Rodgers,QB,27.1,5.4,GB,00-0023459,2,16,18.8275,2005,10,vet,True,21.196641043675555,20.467268032212885,-1.639768032212885,-2.3691410436755547,20.960519148739532,7.779942839947031,46.65759676869891,21.835006190941673,2.9941463414634146,15.582937988894226,0.6669955688708233,21.25172720875789
2015,Peyton Manning,QB,54.9,9.9,DEN,00-0010346,3,10,9.136,1998,17,vet,True,19.066904347816767,19.516798543728473,-10.380798543728474,-9.930904347816767,19.744315534026487,7.779942839947031,46.65759676869891,21.015181541854524,2.667897342614953,17.488527771824696,0.6921086772729879,20.135604150185458
2015,Drew Brees,QB,56.8,8.7,NO,00-0020531,4,15,20.28,2001,14,vet,True,18.96426684816017,19.516798543728473,0.7632014562715241,1.315733151839826,19.744315534026487,7.779942839947031,46.65759676869891,20.431945481180602,2.9996338114128775,15.554430874588123,0.6665887443509638,19.973579098129022
2015,Ben Roethlisberger,QB,63.8,7.2,PIT,00-0022924,5,12,19.01,2004,11,vet,True,18.613674119936935,19.516798543728473,-0.5067985437284719,0.3963258800630633,19.744315534026487,7.779942839947031,46.65759676869891,17.696115702242718,2.9970717423133237,15.567727695662605,0.6667786266693656,19.061811573223924
2015,Tom Brady,QB,67.0,9.2,NE,00-0019596,6,16,21.54375,2000,15,vet,True,18.46603799156208,19.516798543728473,2.026951456271526,3.077712008437917,19.744315534026487,7.779942839947031,46.65759676869891,17.73137874626137,2.9996338114128775,15.554430874588123,0.6665887443509638,19.073179752075582
2015,Russell Wilson,QB,68.7,8.0,SEA,00-0029263,7,16,21.01625,2012,3,vet,True,18.39044952414331,19.516798543728473,1.499451456271526,2.625800475856689,19.744315534026487,7.779942839947031,46.65759676869891,19.021250000000002,2.3333333333333335,19.99611290087096,0.7199046937209986,19.54178827181355
2015,Matt Ryan,QB,78.2,7.9,ATL,00-0026143,8,16,14.62125,2008,7,vet,True,17.99972372470536,17.634423450195044,-3.013173450195044,-3.3784737247053584,17.88106339458354,7.779942839947031,46.65759676869891,17.15224106602059,2.953488372093023,15.797454024047662,0.6700253685839309,17.64057051534818
2015,Tony Romo,QB,80.8,7.4,DAL,00-0021678,9,4,10.165,2003,12,vet,True,17.901055189126375,17.634423450195044,-7.469423450195045,-7.736055189126375,17.88106339458354,7.779942839947031,46.65759676869891,17.60475293199951,2.9883040935672516,15.613403223967737,0.6674292416873221,17.78917061451224
2015,Sam Bradford,QB,82.1,8.1,PHI,00-0027854,10,14,13.921428571428573,2010,5,vet,True,17.852905306495764,17.634423450195044,-3.7129948787664713,-3.931476735067191,17.88106339458354,7.779942839947031,46.65759676869891,14.833050000000002,2.6470588235294117,17.6262032237307,0.6937771348536116,16.9476919998896
2015,Ryan Tannehill,QB,89.1,8.6,MIA,00-0029701,11,16,16.145,2012,3,vet,True,17.606074012227218,17.634423450195044,-1.4894234501950443,-1.4610740122272183,17.88106339458354,7.779942839947031,46.65759676869891,15.972523809523809,2.3333333333333335,19.99611290087096,0.7199046937209986,17.346490414960634
2015,Matthew Stafford,QB,94.6,9.2,DET,00-0026498,12,16,18.17375,2009,6,vet,True,17.425378611947618,17.634423450195044,0.5393265498049544,0.7483713880523801,17.88106339458354,7.779942839947031,46.65759676869891,16.714518518518517,2.9076923076923076,16.046263438970524,0.6734711876128154,17.500152881605672
2015,Eli Manning,QB,105.9,9.4,NYG,00-0022803,13,16,17.96125,2004,11,vet,True,17.08497961688562,17.634423450195044,0.3268265498049558,0.876270383114381,17.50618894195855,7.779942839947031,46.65759676869891,14.865846360527602,2.9970717423133237,15.567727695662605,0.6667786266693656,16.626370360910776
2015,Philip Rivers,QB,113.3,11.7,LAC,00-0022942,14,16,17.78,2004,11,vet,True,16.88121912428432,17.634423450195044,0.1455765498049572,0.8987808757156799,17.50618894195855,7.779942839947031,46.65759676869891,16.44421348314607,2.9970717423133237,15.567727695662605,0.6667786266693656,17.152316021129625
2015,Cam Newton,QB,119.1,11.2,CAR,00-0027939,15,16,24.3175,2011,4,vet,True,16.730611899439573,17.634423450195044,6.683076549804955,7.586888100560426,17.50618894195855,7.779942839947031,46.65759676869891,18.70120238095238,2.6470588235294117,17.6262032237307,0.6937771348536116,17.87212938113568
2015,Teddy Bridgewater,QB,122.5,9.3,MIN,00-0031237,16,16,12.5275,2014,1,soph,True,16.645698856486295,15.920930567961449,-3.393430567961449,-4.118198856486295,17.041428605911065,17.64657267980207,45.695895032996695,13.82,1.0,45.695895032996695,0.7214100852557018,16.14397108523546
2015,Carson Palmer,QB,128.4,10.5,ARI,00-0021429,17,16,19.3275,2003,12,vet,True,16.50379468401259,15.920930567961449,3.406569432038552,2.823705315987411,15.767516357591989,7.779942839947031,46.65759676869891,15.694041656601012,2.9970717423133237,15.567727695662605,0.6667786266693656,15.743033016822718
2015,Joe Flacco,QB,146.0,10.1,BAL,00-0026158,18,10,16.194,2008,7,vet,True,16.116279322645273,15.693481275118744,0.500518724881255,0.0777206773547263,15.670730423987779,7.779942839947031,46.65759676869891,14.934448818897637,2.953488372093023,15.797454024047662,0.6700253685839309,15.427776172729727
2015,Colin Kaepernick,QB,147.5,12.2,SF,00-0027974,19,8,13.775,2011,4,vet,True,16.085443845021373,15.56658179584737,-1.7915817958473692,-2.310443845021373,15.4575,7.779942839947031,46.65759676869891,16.104444444444447,2.3333333333333335,19.99611290087096,0.7199046937209986,15.638706102312167
2015,Tyrod Taylor,QB,154.5,13.0,BUF,00-0028118,20,14,19.4,2011,4,vet,True,15.945571248753804,15.56658179584737,3.833418204152633,3.4544287512461977,15.420767220210658,7.779942839947031,46.65759676869891,16.46,1.0,46.65759676869891,0.8570849657079028,15.569289208571723
2015,Jay Cutler,QB,155.7,12.5,CHI,00-0024226,21,15,15.097333333333331,2006,9,vet,True,15.92223100624744,15.56658179584737,-0.4692484625140363,-0.8248976729141066,15.420767220210658,7.779942839947031,46.65759676869891,15.647850679001365,2.9883040935672516,15.613403223967737,0.6674292416873221,15.496288538300949
2015,Marcus Mariota,QB,162.6,13.6,TEN,00-0032268,22,12,17.585,2015,0,rookie,True,15.791420014259591,15.56658179584737,2.0184182041526313,1.7935799857404078,15.240620751185087,10.285501721189316,42.53699383665799,,0.0,inf,1.0,15.240620751185087
2015,Derek Carr,QB,163.2,11.1,LV,00-0031280,23,16,16.955,2014,1,soph,True,15.780308726208617,15.56658179584737,1.3884182041526287,1.1746912737913835,15.240620751185087,17.64657267980207,45.695895032996695,12.0,1.0,45.695895032996695,0.7214100852557018,14.33781649239383
2016,Cam Newton,QB,34.5,7.9,CAR,00-0027939,1,15,16.950666666666667,2011,5,vet,True,20.468329720772125,20.467268032212885,-3.5166013655462187,-3.5176630541054585,20.490529971988796,8.721472059655422,46.87217435596307,21.5999366359447,2.8181818181818183,16.632061868244957,0.6560056643599553,20.872159580310946
2016,Aaron Rodgers,QB,38.7,7.4,GB,00-0023459,2,16,23.75125,2005,11,vet,True,20.12176909455185,20.467268032212885,3.283981967787114,3.629480905448147,20.490529971988796,8.721472059655422,46.87217435596307,20.33051848233187,2.9970717423133237,15.639323441681864,0.6419873866936465,20.433243840417674
2016,Russell Wilson,QB,53.2,6.4,SEA,00-0029263,3,16,16.87875,2012,4,vet,True,19.16179485731712,19.516798543728473,-2.6380485437284733,-2.283044857317119,19.49147597990245,8.721472059655422,46.87217435596307,20.08525,2.6470588235294117,17.70726586780827,0.6700004334829619,19.68742114914372
2016,Andrew Luck,QB,58.3,7.7,IND,00-0029668,4,15,20.513333333333332,2012,4,vet,True,18.88563395253011,19.516798543728473,0.9965347896048584,1.627699380803218,19.453133418584827,8.721472059655422,46.87217435596307,19.421178571428573,2.6470588235294117,17.70726586780827,0.6700004334829619,19.442588332875147
2016,Drew Brees,QB,61.1,6.8,NO,00-0020531,5,16,20.77,2001,15,vet,True,18.7441207109972,19.516798543728473,1.253201456271526,2.0258792890027983,19.453133418584827,8.721472059655422,46.87217435596307,20.355970422015496,2.999816900119015,15.625011764585851,0.641776934911166,19.77655045722938
2016,Tom Brady,QB,68.5,7.4,NE,00-0019596,6,12,21.546666666666667,2000,16,vet,True,18.399244607035964,19.516798543728473,2.0298681229381934,3.1474220596307028,19.453133418584827,8.721472059655422,46.87217435596307,19.637622547074802,2.999816900119015,15.625011764585851,0.641776934911166,19.519221679668075
2016,Ben Roethlisberger,QB,72.0,8.2,PIT,00-0022924,7,14,18.01142857142857,2004,12,vet,True,18.248914722275384,17.634423450195044,0.3770051212335268,-0.2374861508468129,17.707821771342566,8.721472059655422,46.87217435596307,18.35321827655454,2.9985355137905785,15.631688916270305,0.64187515254069,17.938954296322375
2016,Carson Palmer,QB,83.8,9.2,ARI,00-0021429,8,15,16.208000000000002,2003,13,vet,True,17.791077835557992,17.634423450195044,-1.426423450195042,-1.5830778355579902,17.707821771342566,8.721472059655422,46.87217435596307,17.511214474007883,2.9985355137905785,15.631688916270305,0.64187515254069,17.637411812975195
2016,Blake Bortles,QB,86.1,9.7,JAX,00-0031407,9,16,16.94375,2014,2,vet,True,17.70939614193701,17.634423450195044,-0.6906734501950424,-0.7656461419370082,17.707821771342566,8.721472059655422,46.87217435596307,17.176904761904762,1.8,26.040096864423926,0.7491059141000378,17.574617833570926
2016,Eli Manning,QB,93.3,9.5,NYG,00-0022803,10,16,14.01125,2004,12,vet,True,17.467121956908503,17.634423450195044,-3.623173450195043,-3.455871956908503,17.707821771342566,8.721472059655422,46.87217435596307,16.41392612942613,2.9985355137905785,15.631688916270305,0.64187515254069,17.244445591952974
2016,Philip Rivers,QB,96.8,9.4,LAC,00-0022942,11,16,16.18375,2004,12,vet,True,17.356025872643933,17.634423450195044,-1.450673450195044,-1.172275872643933,17.707821771342566,8.721472059655422,46.87217435596307,17.11226984126984,2.9985355137905785,15.631688916270305,0.64187515254069,17.494539827231172
2016,Derek Carr,QB,103.5,10.5,LV,00-0031280,12,15,17.898666666666667,2014,2,vet,True,17.15413362030891,17.634423450195044,0.2642432164716233,0.7445330463577555,17.707821771342566,8.721472059655422,46.87217435596307,15.303333333333333,1.8,26.040096864423926,0.7491059141000378,17.10454984263121
2016,Kirk Cousins,QB,109.6,9.1,WAS,00-0029604,13,16,18.7675,2012,4,vet,True,16.98137934982296,17.634423450195044,1.1330765498049544,1.7861206501770397,17.707821771342566,8.721472059655422,46.87217435596307,15.465155555555555,2.6470588235294117,17.70726586780827,0.6700004334829619,16.967742892290445
2016,Tyrod Taylor,QB,114.3,9.9,BUF,00-0028118,14,15,18.061333333333337,2011,5,vet,True,16.85471006710069,17.634423450195044,0.4269098831382898,1.2066232662326437,17.707821771342566,8.721472059655422,46.87217435596307,19.073333333333338,1.2461538461538462,37.61347324861234,0.8117733386403887,17.96484745370404
2016,Matthew Stafford,QB,118.6,9.5,DET,00-0026498,15,16,17.48625,2009,7,vet,True,16.743303173081607,17.634423450195044,-0.1481734501950455,0.7429468269183914,17.707821771342566,8.721472059655422,46.87217435596307,17.449879265091862,2.953488372093023,15.870106278003243,0.645347202204599,17.616341739830396
2016,Jameis Winston,QB,123.4,10.0,TB,00-0031503,16,16,16.00625,2015,1,soph,True,16.623616283982884,15.920930567961449,0.0853194320385526,-0.6173662839828822,15.895686742179388,18.255363224909463,45.63105550305534,17.18625,1.0,45.63105550305534,0.714252832004205,16.264461538221056
2016,Andy Dalton,QB,132.7,11.2,CIN,00-0027973,17,16,16.29,2011,5,vet,True,16.404422554503434,15.920930567961449,0.3690694320385503,-0.1144225545034345,15.731731125613598,8.721472059655422,46.87217435596307,17.878225806451614,2.8181818181818183,16.632061868244957,0.6560056643599553,16.47011313730336
2016,Marcus Mariota,QB,136.3,12.1,TEN,00-0032268,18,15,17.329333333333334,2015,1,soph,True,16.32367304452668,15.693481275118744,1.6358520582145903,1.0056602888066557,15.649938554821698,18.255363224909463,45.63105550305534,17.585,1.0,45.63105550305534,0.714252832004205,16.20287688267925
2016,Dak Prescott,QB,144.8,17.9,DAL,00-0033077,19,16,17.93,2016,0,rookie,True,16.141176668605105,15.693481275118744,2.2365187248812557,1.7888233313948945,15.649938554821698,10.334663170965795,43.525368341779746,,0.0,inf,1.0,15.649938554821698
2016,Matt Ryan,QB,146.5,12.3,ATL,00-0026143,20,16,21.71625,2008,8,vet,True,16.105965769709506,15.693481275118744,6.022768724881258,5.610284230290496,15.649938554821698,8.721472059655422,46.87217435596307,15.881782805429864,2.9766536964980546,15.746599750957527,0.6435570351778799,15.732577806885434
2016,Ryan Fitzpatrick,QB,151.1,15.5,NYJ,00-0023682,21,14,9.528571428571428,2005,11,vet,True,16.01269979347027,15.56658179584737,-6.038010367275941,-6.48412836489884,15.649938554821698,8.721472059655422,46.87217435596307,16.7359391289749,2.979570568514986,15.731184503988471,0.6433323292724575,16.037279850013693
2016,Ryan Tannehill,QB,157.4,12.9,MIA,00-0029701,22,13,14.63076923076923,2012,4,vet,True,15.88947176256371,15.56658179584737,-0.9358125650781391,-1.25870253179448,15.649938554821698,8.721472059655422,46.87217435596307,16.064511111111113,2.6470588235294117,17.70726586780827,0.6700004334829619,15.786747318687066
2016,Robert Griffin III,QB,159.3,15.4,CLE,00-0029665,23,5,13.288,2012,4,vet,True,15.85327460292217,15.56658179584737,-2.2785817958473693,-2.5652746029221696,15.649938554821698,8.721472059655422,46.87217435596307,14.425567765567767,2.3333333333333335,20.08807472398417,0.697271459174492,15.27928657236148
2016,Brock Osweiler,QB,163.3,13.2,HOU,00-0029682,24,15,11.265333333333334,2012,4,vet,True,15.778460817240957,15.311827668246783,-4.046494334913449,-4.5131274839076205,15.649938554821698,8.721472059655422,46.87217435596307,12.338,1.4705882352941178,31.873078562054886,0.7851565807211791,14.938390351262449
2017,Aaron Rodgers,QB,23.4,6.1,GB,00-0023459,1,6,21.48,2005,12,vet,True,21.639487340058952,21.807816088935574,-0.3278160889355739,-0.159487340058952,21.848217475879242,8.724955496442764,46.754911819378066,22.04130191290191,2.9985355137905785,15.592582313715257,0.6412072815695123,21.917494765925227
2017,Tom Brady,QB,29.6,5.8,NE,00-0019596,2,16,18.4925,2000,17,vet,True,20.930444528052885,20.467268032212885,-1.9747680322128855,-2.437944528052885,20.699740852591034,8.724955496442764,46.754911819378066,20.59215917194375,2.9999084486625875,15.585446229274842,0.6411019614203757,20.661129998419625
2017,Drew Brees,QB,41.7,8.7,NO,00-0020531,3,16,16.41,2001,16,vet,True,19.89653681738436,20.081856209150327,-3.6718562091503273,-3.486536817384362,20.699740852591034,8.724955496442764,46.754911819378066,20.56298836985095,2.9999084486625875,15.585446229274842,0.6411019614203757,20.650660654764724
2017,Matt Ryan,QB,56.4,7.8,ATL,00-0026143,4,16,14.25625,2008,9,vet,True,18.985586451348382,19.516798543728473,-5.260548543728474,-4.729336451348383,19.611559390211504,8.724955496442764,46.754911819378066,18.804725274725275,2.9883040935672516,15.645968534468981,0.6419932422186311,19.322707324458882
2017,Russell Wilson,QB,64.3,7.5,SEA,00-0029263,5,16,21.745,2012,5,vet,True,18.59012434151886,19.516798543728473,2.2282014562715275,3.154875658481142,19.611559390211504,8.724955496442764,46.754911819378066,18.430282258064516,2.8181818181818183,16.590452581069634,0.6553499959499718,19.20443222183284
2017,Derek Carr,QB,74.2,7.9,LV,00-0031280,6,15,13.762666666666666,2014,3,vet,True,18.15811765171466,17.634423450195044,-3.8717567835283777,-4.3954509850479955,17.97829519989814,8.724955496442764,46.754911819378066,16.786380952380952,2.3333333333333335,20.037819351162028,0.6966580747973511,17.61673763737981
2017,Marcus Mariota,QB,76.8,6.9,TEN,00-0032268,7,15,14.032,2015,2,vet,True,18.054220636572857,17.634423450195044,-3.602423450195044,-4.022220636572854,17.97829519989814,8.724955496442764,46.754911819378066,17.414555555555555,1.8,25.97495101076559,0.7485596828732004,17.836548324947692
2017,Jameis Winston,QB,82.4,8.0,TB,00-0031503,8,13,15.512307692307692,2015,2,vet,True,17.84190209200402,17.634423450195044,-2.122115757887352,-2.329594399696328,17.76753781368737,8.724955496442764,46.754911819378066,16.399583333333336,1.8,25.97495101076559,0.7485596828732004,17.423578905332125
2017,Kirk Cousins,QB,86.3,8.7,WAS,00-0029604,9,16,17.35125,2012,5,vet,True,17.70239680864539,17.634423450195044,-0.2831734501950436,-0.3511468086453888,17.76753781368737,8.724955496442764,46.754911819378066,17.16959139784946,2.8181818181818183,16.590452581069634,0.6553499959499718,17.561455579047134
2017,Cam Newton,QB,89.9,9.2,CAR,00-0027939,10,16,18.7175,2011,6,vet,True,17.57910881552295,17.634423450195044,1.0830765498049573,1.138391184477051,17.76753781368737,8.724955496442764,46.754911819378066,19.23840268329554,2.9076923076923076,16.079731578092986,0.6482537566297413,18.284909006077328
2017,Andrew Luck,QB,100.3,9.8,IND,00-0029668,11,0,,2012,5,vet,False,17.248876207089353,17.634423450195044,,,17.76753781368737,8.724955496442764,46.754911819378066,19.984871351766515,2.8181818181818183,16.590452581069634,0.6553499959499718,18.53174182656661
2017,Ben Roethlisberger,QB,101.0,11.0,PIT,00-0022924,12,15,17.404,2004,13,vet,True,17.227895517386635,17.634423450195044,-0.2304234501950439,0.1761044826133648,17.76753781368737,8.724955496442764,46.754911819378066,18.182302560256655,2.9992676675210546,15.588775995448845,0.6411511125162976,17.916375681561217
2017,Philip Rivers,QB,108.7,9.2,LAC,00-0022942,13,16,16.9,2004,13,vet,True,17.006253885312596,17.634423450195044,-0.7344234501950453,-0.1062538853125971,17.76753781368737,8.724955496442764,46.754911819378066,16.647953241362472,2.9992676675210546,15.588775995448845,0.6411511125162976,17.365776135464664
2017,Dak Prescott,QB,112.8,9.8,DAL,00-0033077,14,16,16.29125,2016,1,soph,True,16.894561522395637,17.634423450195044,-1.3431734501950423,-0.6033115223956358,17.76753781368737,17.289121749050665,45.70557010641933,17.93,1.0,45.70557010641933,0.7255463716098898,17.81212615019706
2017,Matthew Stafford,QB,116.5,9.5,DET,00-0026498,15,16,17.1025,2009,8,vet,True,16.797197364615926,17.634423450195044,-0.5319234501950447,0.3053026353840735,17.76753781368737,8.724955496442764,46.754911819378066,17.46813594771242,2.9766536964980546,15.707205670039428,0.642890555731423,17.66061857971608
2017,Andy Dalton,QB,126.5,7.7,CIN,00-0027973,16,16,13.16875,2011,6,vet,True,16.548768066657416,15.920930567961449,-2.7521805679614495,-3.380018066657417,16.088837688863425,8.724955496442764,46.754911819378066,17.07150793650794,2.9076923076923076,16.079731578092986,0.6482537566297413,16.434488256944103
2017,Carson Wentz,QB,132.3,9.8,PHI,00-0032950,17,13,21.672307692307697,2016,1,soph,True,16.413529614387095,15.920930567961449,5.751377124346245,5.258778077920599,15.716904735968459,17.289121749050665,45.70557010641933,13.37375,1.0,45.70557010641933,0.7255463716098898,15.073817416802445
2017,Eli Manning,QB,137.1,10.4,NYG,00-0022803,18,15,12.488,2004,13,vet,True,16.30601850228664,15.693481275118744,-3.2054812751187445,-3.818018502286641,15.716904735968459,8.724955496442764,46.754911819378066,15.21244139909657,2.9992676675210546,15.588775995448845,0.6411511125162976,15.535878628755665
2017,Carson Palmer,QB,142.3,10.6,ARI,00-0021429,19,7,14.617142857142856,2003,14,vet,True,16.1937156366726,15.693481275118744,-1.0763384179758866,-1.5765727795297426,15.716904735968459,8.724955496442764,46.754911819378066,16.859527685394003,2.9992676675210546,15.588775995448845,0.6411511125162976,16.126933710183163
2017,Jay Cutler,QB,155.9,10.4,MIA,00-0024226,20,13,12.123076923076924,2006,11,vet,True,15.918358462332629,15.56658179584737,-3.443504872770447,-3.795281539255704,15.696772004241675,8.724955496442764,46.754911819378066,12.360690944619622,2.9970717423133237,15.60019773944075,0.6413196080684067,14.500185142260872
2017,Tyrod Taylor,QB,162.4,12.8,BUF,00-0028118,21,15,14.844,2011,6,vet,True,15.795132890168745,15.56658179584737,-0.7225817958473701,-0.9511328901687436,15.696772004241675,8.724955496442764,46.754911819378066,18.425653333333333,1.9470404984423677,24.013322710432572,0.7334937579395839,16.424035912286726
2018,Aaron Rodgers,QB,31.4,7.0,GB,00-0023459,1,15,20.769333333333336,2005,13,vet,True,20.752357406516957,20.467268032212885,0.3020653011204501,0.0169759268163787,20.43980755029284,8.804505716582089,46.39313406448406,21.760616693118465,2.9992676675210546,15.468153965340736,0.6372665446655076,20.918909214507366
2018,Deshaun Watson,QB,46.5,7.1,HOU,00-0033537,2,16,20.73125,2017,1,soph,True,19.56786255060492,20.081856209150327,0.6493937908496719,1.163387449395081,19.951977450980394,16.15351157640926,44.871918129572975,24.122857142857146,1.0,44.871918129572975,0.7352986836104859,21.05601479592246
2018,Tom Brady,QB,50.3,10.0,NE,00-0019596,3,16,17.58125,2000,18,vet,True,19.330891538617458,19.516798543728473,-1.9355485437284727,-1.7496415386174533,19.578843564089297,8.804505716582089,46.39313406448406,19.542321576346662,2.999954223982056,15.464613990977202,0.6372136351595942,19.5655938849194
2018,Russell Wilson,QB,61.0,7.6,SEA,00-0029263,4,16,18.71375,2012,6,vet,True,18.74906209014523,19.516798543728473,-0.8030485437284725,-0.0353120901452328,19.578843564089297,8.804505716582089,46.39313406448406,20.113948412698413,2.9076923076923076,15.955310657097693,0.644403432412307,19.76912501155423
2018,Drew Brees,QB,66.9,7.1,NO,00-0020531,5,15,20.332,2001,17,vet,True,18.470543909196483,19.516798543728473,0.8152014562715273,1.861456090803518,19.578843564089297,8.804505716582089,46.39313406448406,18.486478342411225,2.999954223982056,15.464613990977202,0.6372136351595942,19.182548356238623
2018,Cam Newton,QB,71.0,8.7,CAR,00-0027939,6,14,20.185714285714287,2011,7,vet,True,18.291107176420432,17.634423450195044,2.551290835519243,1.8946071092938543,17.528541867197877,8.804505716582089,46.39313406448406,18.97590054368204,2.953488372093023,15.707911533644209,0.6408144644934678,18.048412168480866
2018,Kirk Cousins,QB,81.7,9.4,MIN,00-0029604,7,16,17.695,2012,6,vet,True,17.86763896848351,17.634423450195044,0.0605765498049564,-0.1726389684835112,17.528541867197877,8.804505716582089,46.39313406448406,17.261862433862433,2.9076923076923076,15.955310657097693,0.644403432412307,17.43371157605756
2018,Carson Wentz,QB,84.5,9.8,PHI,00-0032950,8,11,17.605454545454545,2016,2,vet,True,17.765983241573018,17.634423450195044,-0.0289689047404984,-0.1605286961184724,17.528541867197877,8.804505716582089,46.39313406448406,18.906121794871797,1.8,25.77396336915781,0.7453760692889364,17.879306683250874
2018,Andrew Luck,QB,87.6,8.8,IND,00-0029668,9,16,20.495,2012,6,vet,True,17.657292751827278,17.634423450195044,2.860576549804957,2.8377072481727232,17.528541867197877,8.804505716582089,46.39313406448406,19.984871351766515,2.8181818181818183,16.462079829333053,0.651535594289846,18.384485261266416
2018,Jimmy Garoppolo,QB,96.7,10.9,SF,00-0031345,10,3,16.006666666666664,2014,4,vet,False,17.359143920772038,17.634423450195044,-1.6277567835283795,-1.3524772541053736,17.528541867197877,8.804505716582089,46.39313406448406,16.240615384615385,2.0864197530864197,22.235762480610703,0.7163521377892493,17.16322427372874
2018,Matthew Stafford,QB,100.3,11.2,DET,00-0026498,11,16,13.26125,2009,9,vet,True,17.248876207089353,17.634423450195044,-4.373173450195043,-3.987626207089352,17.528541867197877,8.804505716582089,46.39313406448406,17.28496020874103,2.9883040935672516,15.524903962870399,0.6381126450421863,17.44039274510269
2018,Philip Rivers,QB,107.3,9.3,LAC,00-0022942,12,16,17.81375,2004,14,vet,True,17.045359949720705,17.634423450195044,0.179326549804955,0.7683900502792937,17.12666736280311,8.804505716582089,46.39313406448406,16.773984313007386,2.9996338114128775,15.466265878178016,0.637238326675905,16.99872746950617
2018,Matt Ryan,QB,108.1,11.6,ATL,00-0026143,13,16,22.185,2008,10,vet,True,17.022951591939638,17.634423450195044,4.550576549804955,5.162048408060361,17.12666736280311,8.804505716582089,46.39313406448406,16.528264531167757,2.9941463414634146,15.494611409611,0.637661497294018,16.909842976773337
2018,Ben Roethlisberger,QB,114.5,11.3,PIT,00-0022924,14,16,21.36625,2004,14,vet,True,16.849436094961305,17.634423450195044,3.731826549804957,4.5168139050386955,17.12666736280311,8.804505716582089,46.39313406448406,17.79312752676935,2.9996338114128775,15.466265878178016,0.637238326675905,17.368433567087354
2018,Patrick Mahomes,QB,118.1,11.1,KC,00-0033873,15,16,26.067500000000003,2017,1,soph,True,16.756048064430942,17.634423450195044,8.433076549804959,9.31145193556906,17.12666736280311,16.15351157640926,44.871918129572975,10.36,1.0,44.871918129572975,0.7352986836104859,15.335521604299167
2018,Jared Goff,QB,123.9,11.8,LAR,00-0033106,16,16,19.395,2016,2,vet,True,16.61141767740797,15.920930567961449,3.474069432038551,2.7835823225920286,15.898986317980658,8.804505716582089,46.39313406448406,13.876317460317459,1.8,25.77396336915781,0.7453760692889364,15.383966422915597
2018,Alex Smith,QB,134.5,10.3,WAS,00-0023436,17,10,13.8,2005,13,vet,True,16.36377762580309,15.693481275118744,-1.893481275118743,-2.5637776258030875,15.898986317980658,8.804505716582089,46.39313406448406,17.566076661148948,2.9934204329571656,15.49836887384804,0.6377175184021612,16.50294394455146
2018,Marcus Mariota,QB,136.0,11.2,TEN,00-0032268,18,14,12.565714285714288,2015,3,vet,True,16.33032022597935,15.693481275118744,-3.1277669894044564,-3.764605940265062,15.898986317980658,8.804505716582089,46.39313406448406,15.481666666666667,2.3333333333333335,19.88277174192174,0.693086744487419,15.770905385206504
2018,Derek Carr,QB,141.1,11.8,LV,00-0031280,19,16,13.5475,2014,4,vet,True,16.219263097432407,15.693481275118744,-2.1459812751187446,-2.6717630974324074,15.898986317980658,8.804505716582089,46.39313406448406,15.173733333333333,2.6470588235294117,17.52629509102731,0.6656195236554425,15.656475879503972
2018,Jameis Winston,QB,151.7,12.2,TB,00-0031503,20,11,17.798181818181817,2015,3,vet,True,16.000744515093956,15.56658179584737,2.231600022334447,1.797437303087861,15.438688685181567,8.804505716582089,46.39313406448406,15.89256868131868,2.3333333333333335,19.88277174192174,0.693086744487419,15.577990472408047
2018,Tyrod Taylor,QB,156.8,30.1,CLE,00-0028118,21,3,13.659999999999998,2011,7,vet,False,15.90099327101303,15.56658179584737,-1.9065817958473712,-2.240993271013032,15.438688685181567,8.804505716582089,46.39313406448406,16.41490058479532,2.4156133828996285,19.205529491145292,0.6856660246484406,15.745545252372656
2018,Eli Manning,QB,157.2,13.9,NYG,00-0022803,22,16,14.9975,2004,14,vet,True,15.893307378204875,15.56658179584737,-0.5690817958473708,-0.8958073782048768,15.438688685181567,8.804505716582089,46.39313406448406,13.850137551120062,2.9996338114128775,15.466265878178016,0.637238326675905,14.862423217628528
2018,Dak Prescott,QB,158.6,14.4,DAL,00-0033077,23,16,17.86875,2016,2,vet,True,15.866559921070571,15.56658179584737,2.302168204152629,2.002190078929426,15.438688685181567,8.804505716582089,46.39313406448406,16.837500000000002,1.8,25.77396336915781,0.7453760692889364,15.794859520483747
2018,Mitchell Trubisky,QB,164.3,13.8,CHI,00-0033869,24,14,18.787142857142857,2017,1,soph,True,15.76004371916338,15.311827668246783,3.475315188896074,3.0270991379794783,14.913143288084463,16.15351157640926,44.871918129572975,11.21,1.0,44.871918129572975,0.7352986836104859,13.932916384949511
2018,Case Keenum,QB,165.9,11.9,DEN,00-0028986,25,16,13.43125,2012,6,vet,True,15.730808250663465,15.311827668246783,-1.880577668246783,-2.2995582506634644,14.913143288084463,8.804505716582089,46.39313406448406,13.33537634408602,2.8181818181818183,16.462079829333053,0.651535594289846,14.36334766759492
2019,Patrick Mahomes,QB,19.3,5.7,KC,00-0033873,1,14,20.502857142857145,2017,2,vet,True,22.220599231727775,21.807816088935574,-1.304958946078429,-1.7177420888706294,21.95678890445067,8.633219963870353,46.465471705814316,20.831666666666667,1.8,25.81415094767462,0.7493794232936092,21.674810120352056
2019,Deshaun Watson,QB,47.1,7.1,HOU,00-0033537,2,15,21.398666666666667,2017,2,vet,True,19.52918623500648,20.081856209150327,1.3168104575163395,1.8694804316601896,19.81551870324487,8.633219963870353,46.465471705814316,21.861785714285716,1.8,25.81415094767462,0.7493794232936092,20.328355321647187
2019,Aaron Rodgers,QB,55.7,7.6,GB,00-0023459,3,16,17.39875,2005,14,vet,True,19.02326219362201,19.516798543728473,-2.1180485437284737,-1.6245121936220102,19.807289800648434,8.633219963870353,46.465471705814316,21.264944759812003,2.9996338114128775,15.490381368893926,0.6421255746692822,20.328947231489565
2019,Baker Mayfield,QB,63.2,9.3,CLE,00-0034855,4,16,14.32375,2018,1,soph,True,18.64217869070909,19.516798543728473,-5.193048543728473,-4.318428690709091,19.807289800648434,14.38800454522946,45.916484274002144,17.15,1.0,45.916484274002144,0.7614107203800555,19.1732889413703
2019,Matt Ryan,QB,69.2,6.9,ATL,00-0026143,5,15,17.82266666666667,2008,11,vet,True,18.368573349268388,19.516798543728473,-1.6941318770618032,-0.5459066826017178,19.807289800648434,8.633219963870353,46.465471705814316,19.35801397918154,2.9970717423133237,15.50362343677146,0.6423219134097381,19.646593684474887
2019,Drew Brees,QB,73.9,8.0,NO,00-0020531,6,10,22.524,2001,18,vet,True,18.170339321214463,17.634423450195044,4.889576549804957,4.353660678785538,17.44965099387829,8.633219963870353,46.465471705814316,19.409242691272254,2.9999771119037173,15.48860873686079,0.642099275681836,18.15099028174345
2019,Carson Wentz,QB,74.6,6.4,PHI,00-0032950,7,16,17.24125,2016,3,vet,True,18.14189873471504,17.634423450195044,-0.393173450195043,-0.9006487347150411,17.44965099387829,8.633219963870353,46.465471705814316,18.162883366633366,2.3333333333333335,19.913773588206134,0.6975786627715695,17.665347681801485
2019,Jared Goff,QB,81.5,6.7,LAR,00-0033106,8,16,15.47,2016,3,vet,True,17.87503287241873,17.634423450195044,-2.1644234501950432,-2.405032872418728,17.44965099387829,8.633219963870353,46.465471705814316,17.029850340136054,2.3333333333333335,19.913773588206134,0.6975786627715695,17.322694318804196
2019,Russell Wilson,QB,88.4,11.0,SEA,00-0029263,9,16,20.5375,2012,7,vet,True,17.629867914810173,17.634423450195044,2.9030765498049576,2.907632085189828,17.44965099387829,8.633219963870353,46.465471705814316,19.40833661417323,2.953488372093023,15.732403805905635,0.6456803221849254,18.14365185180221
2019,Cam Newton,QB,94.4,9.9,CAR,00-0027939,10,2,8.34,2011,8,vet,False,17.431763188500852,17.634423450195044,-9.294423450195044,-9.091763188500853,17.44965099387829,8.633219963870353,46.465471705814316,19.583179598506067,2.9766536964980546,15.609968926005594,0.6438909087790996,18.20941992636608
2019,Lamar Jackson,QB,97.6,10.3,BAL,00-0034796,11,15,27.712,2018,1,soph,True,17.33119683293223,17.634423450195044,10.077576549804956,10.380803167067771,17.44965099387829,14.38800454522946,45.916484274002144,18.594285714285714,1.0,45.916484274002144,0.7614107203800555,17.722748567248274
2019,Jameis Winston,QB,105.1,8.4,TB,00-0031503,12,16,19.085,2015,4,vet,True,17.107855262389428,17.634423450195044,1.450576549804957,1.9771447376105729,17.44965099387829,8.633219963870353,46.465471705814316,16.908895687645686,2.6470588235294117,17.55362264441874,0.6703222265849789,17.271375988557168
2019,Ben Roethlisberger,QB,106.8,9.1,PIT,00-0022924,13,2,6.37,2004,15,vet,False,17.059450172885896,17.634423450195044,-11.264423450195045,-10.689450172885897,17.44965099387829,8.633219963870353,46.465471705814316,19.579743286570704,2.999816900119015,15.489435939897145,0.6421115486490852,18.2119864257445
2019,Kyler Murray,QB,110.9,8.1,ARI,00-0035228,14,16,17.830000000000002,2019,0,rookie,True,16.94580773872473,17.634423450195044,0.1955765498049579,0.8841922612752704,17.44965099387829,11.011919069433267,42.720471957392455,,0.0,inf,1.0,17.44965099387829
2019,Tom Brady,QB,114.6,13.0,NE,00-0019596,15,16,16.48,2000,19,vet,True,16.846802562454137,17.634423450195044,-1.1544234501950434,-0.3668025624541364,17.44965099387829,8.633219963870353,46.465471705814316,18.561782047711876,2.9999771119037173,15.48860873686079,0.642099275681836,17.847683503582054
2019,Philip Rivers,QB,116.1,9.1,LAC,00-0022942,16,16,14.71875,2004,15,vet,True,16.807572994088634,17.634423450195044,-2.915673450195044,-2.088822994088634,17.44965099387829,8.633219963870353,46.465471705814316,17.293883022553178,2.999816900119015,15.489435939897145,0.6421115486490852,17.39390343585067
2019,Dak Prescott,QB,127.2,10.2,DAL,00-0033077,17,16,21.11125,2016,3,vet,True,16.53212081978659,15.920930567961449,5.1903194320385495,4.579129180213407,15.589754795355475,8.633219963870353,46.465471705814316,17.426785714285714,2.3333333333333335,19.913773588206134,0.6975786627715695,16.14531214238833
2019,Kirk Cousins,QB,130.7,10.0,MIN,00-0029604,18,15,16.294666666666664,2012,7,vet,True,16.450235299718408,15.920930567961449,0.3737360987052156,-0.1555686330517431,15.589754795355475,8.633219963870353,46.465471705814316,17.48013648293963,2.953488372093023,15.732403805905635,0.6456803221849254,16.25955422584781
2019,Mitchell Trubisky,QB,139.2,11.2,CHI,00-0033869,19,14,14.461428571428572,2017,2,vet,True,16.260160987193416,15.693481275118744,-1.2320527036901725,-1.798732415764844,15.584030512204881,8.633219963870353,46.465471705814316,16.26142857142857,1.8,25.81415094767462,0.7493794232936092,15.753800404467313
2019,Josh Allen,QB,145.8,12.3,BUF,00-0034857,20,15,19.224,2018,1,soph,True,16.120414636925965,15.693481275118744,3.530518724881256,3.1035853630740355,15.584030512204881,14.38800454522946,45.916484274002144,17.238333333333333,1.0,45.916484274002144,0.7614107203800555,15.97872943057116
2019,Jimmy Garoppolo,QB,147.5,17.1,SF,00-0031345,21,16,15.4575,2014,5,vet,True,16.085443845021373,15.56658179584737,-0.1090817958473699,-0.6279438450213739,15.449216571088419,8.633219963870353,46.465471705814316,16.111540229885055,2.4955489614243325,18.61933884049872,0.6832143349971859,15.659031211787408
2019,Derek Carr,QB,157.4,14.5,LV,00-0031280,22,16,15.2725,2014,5,vet,True,15.88947176256371,15.56658179584737,-0.2940817958473687,-0.6169717625637094,15.449216571088419,8.633219963870353,46.465471705814316,14.334387096774194,2.8181818181818183,16.48774802464379,0.6563341043299904,15.066087701278896
2019,Matthew Stafford,QB,160.8,17.9,DET,00-0026498,23,8,20.82,2009,10,vet,True,15.825001562838604,15.56658179584737,5.253418204152631,4.994998437161398,15.37336198964434,8.633219963870353,46.465471705814316,15.271138481590095,2.9941463414634146,15.518771097575652,0.6425462421749724,15.336821812552293
2019,Sam Darnold,QB,164.2,12.8,NYJ,00-0034869,24,13,14.55076923076923,2018,1,soph,True,15.76188037754302,15.311827668246783,-0.7610584374775531,-1.2111111467737905,15.37336198964434,14.38800454522946,45.916484274002144,12.930769230769231,1.0,45.916484274002144,0.7614107203800555,14.790585542899436
2020,Patrick Mahomes,QB,18.7,5.4,KC,00-0033873,1,15,24.959999999999997,2017,3,vet,True,22.31587171685762,21.825714285714284,3.1342857142857135,2.6441282831423756,21.371077993697476,7.885892762088516,46.54085435550666,20.643775510204083,2.3333333333333335,19.946080438074283,0.7166606655814691,21.165004592103514
2020,Lamar Jackson,QB,22.7,5.6,BAL,00-0034796,2,15,22.185333333333332,2018,2,vet,True,21.73110817407533,21.807816088935574,0.3775172443977581,0.4542251592580015,21.371077993697476,7.885892762088516,46.54085435550666,24.672761904761902,1.8,25.8560301975037,0.7662879862676379,22.142721189260083
2020,Dak Prescott,QB,54.7,7.6,DAL,00-0033077,3,5,27.128000000000004,2016,4,vet,True,19.07791425527622,19.516798543728473,7.61120145627153,8.050085744723784,18.90677168289227,7.885892762088516,46.54085435550666,19.391833333333334,2.6470588235294117,17.582100534302516,0.6903606550263229,19.05696585460669
2020,Russell Wilson,QB,62.0,8.1,SEA,00-0029263,4,16,22.48625,2012,8,vet,True,18.700008793162645,19.516798543728473,2.969451456271525,3.786241206837353,18.90677168289227,7.885892762088516,46.54085435550666,19.97513235294118,2.9766536964980546,15.635293554725767,0.6647323542328631,19.264958449569768
2020,Kyler Murray,QB,62.6,8.1,ARI,00-0035228,5,16,23.67125,2019,1,soph,True,18.670955169281093,19.516798543728473,4.154451456271527,5.000294830718907,18.90677168289227,18.309131746665773,45.54953096101708,17.830000000000002,1.0,45.54953096101708,0.7132866400526269,18.598046855794042
2020,Deshaun Watson,QB,69.3,6.4,HOU,00-0033537,6,16,23.0825,2017,3,vet,True,18.36421708671302,19.516798543728473,3.565701456271526,4.718282913286981,18.90677168289227,7.885892762088516,46.54085435550666,21.597146258503404,2.3333333333333335,19.946080438074283,0.7166606655814691,19.669060624482466
2020,Drew Brees,QB,80.1,9.2,NO,00-0020531,7,12,17.456666666666667,2001,19,vet,True,17.927303930328165,17.634423450195044,-0.1777567835283768,-0.4706372636614979,17.406294458339243,7.885892762088516,46.54085435550666,20.96662431610584,2.999988555930031,15.513677298371713,0.6629898437572654,18.606161779980837
2020,Matt Ryan,QB,84.8,8.7,ATL,00-0026143,8,16,17.6525,2008,12,vet,True,17.755291991297067,17.634423450195044,0.0180765498049559,-0.1027919912970674,17.406294458339243,7.885892762088516,46.54085435550666,18.590152856829782,2.9985355137905785,15.521194977168156,0.6630980816608438,17.805138623832626
2020,Tom Brady,QB,88.0,9.5,TB,00-0019596,9,16,21.12,2000,20,vet,True,17.643549168623892,17.634423450195044,3.485576549804957,3.476450831376109,17.406294458339243,7.885892762088516,46.54085435550666,17.52088903851008,2.999988555930031,15.513677298371713,0.6629898437572654,17.44491399570719
2020,Aaron Rodgers,QB,94.3,9.1,GB,00-0023459,10,16,23.95375,2005,15,vet,True,17.434960551063412,17.634423450195044,6.319326549804956,6.518789448936587,17.406294458339243,7.885892762088516,46.54085435550666,19.331788384655294,2.999816900119015,15.514565023505334,0.6630026286518483,18.055180850054583
2020,Josh Allen,QB,101.5,10.0,BUF,00-0034857,11,16,24.75375,2018,2,vet,True,17.212998147381747,17.634423450195044,7.119326549804956,7.540751852618253,17.406294458339243,7.885892762088516,46.54085435550666,18.56211111111111,1.8,25.8560301975037,0.7662879862676379,17.676422695763954
2020,Carson Wentz,QB,107.9,9.4,PHI,00-0032950,12,12,16.533333333333335,2016,4,vet,True,17.02853809593499,17.634423450195044,-1.1010901168617089,-0.4952047626016558,17.406294458339243,7.885892762088516,46.54085435550666,17.67134557109557,2.6470588235294117,17.582100534302516,0.6903606550263229,17.488364711277658
2020,Matthew Stafford,QB,111.3,8.1,DET,00-0026498,13,15,17.325333333333333,2009,11,vet,True,16.934946480204186,17.634423450195044,-0.3090901168617108,0.3903868531291472,17.406294458339243,7.885892762088516,46.54085435550666,18.046924605113173,2.9970717423133237,15.528775537279456,0.6632071545381927,17.622054108359848
2020,Cam Newton,QB,120.7,8.9,NE,00-0027939,14,15,17.398666666666667,2011,9,vet,True,16.69035493779593,17.580871794871797,-0.1822051282051298,0.7083117288707363,17.406294458339243,7.885892762088516,46.54085435550666,13.950588645047059,2.9883040935672516,15.574336780414166,0.663861227452966,16.244697747975557
2020,Daniel Jones,QB,125.4,9.3,NYG,00-0035710,15,14,12.858571428571429,2019,1,soph,True,16.57511505766935,15.920930567961449,-3.06235913939002,-3.716543629097922,16.085980392156866,18.309131746665773,45.54953096101708,17.983333333333334,1.0,45.54953096101708,0.7132866400526269,16.629976828927603
2020,Ben Roethlisberger,QB,129.5,10.6,PIT,00-0022924,16,15,17.814666666666664,2004,16,vet,True,16.47806065882525,15.920930567961449,1.8937360987052152,1.3366060078414144,15.935790909254145,7.885892762088516,46.54085435550666,12.974770859404321,2.9999084486625875,15.514091563779354,0.6629958100710804,14.937914745991216
2020,Joe Burrow,QB,135.7,9.2,CIN,00-0036442,17,10,17.372,2020,0,rookie,True,16.336982086534377,15.693481275118744,1.678518724881256,1.035017913465623,15.602032633053222,10.837266904903391,42.212594431970096,,0.0,inf,1.0,15.602032633053222
2020,Baker Mayfield,QB,144.7,11.6,CLE,00-0034855,18,16,15.53875,2018,2,vet,True,16.14326075248445,15.693481275118744,-0.1547312751187437,-0.6045107524844511,15.602032633053222,7.885892762088516,46.54085435550666,15.265833333333333,1.8,25.8560301975037,0.7662879862676379,15.523458817700275
2020,Jared Goff,QB,147.2,14.1,LAR,00-0033106,19,15,15.998666666666669,2016,4,vet,True,16.09158577716411,15.693481275118744,0.3051853915479228,-0.0929191104974425,15.517473175054143,7.885892762088516,46.54085435550666,16.19793015873016,2.6470588235294117,17.582100534302516,0.6903606550263229,15.72816942976235
2020,Ryan Tannehill,QB,156.4,13.9,TEN,00-0029701,20,16,21.5225,2012,8,vet,True,15.908698795752612,15.56658179584737,5.955918204152631,5.6138012042473875,15.481356434978139,7.885892762088516,46.54085435550666,17.568585290643586,2.388405936314298,19.486157544611878,0.7118998148210282,16.082687454806248
2020,Jimmy Garoppolo,QB,157.2,17.0,SF,00-0031345,21,6,10.723333333333334,2014,6,vet,True,15.893307378204875,15.56658179584737,-4.843248462514035,-5.169974044871541,15.481356434978139,7.885892762088516,46.54085435550666,15.768437158469943,2.734019103600294,17.02287094271555,0.6834089055745632,15.572243635416855
2020,Gardner Minshew II,QB,159.2,15.0,JAX,00-0035289,22,9,17.85111111111111,2019,1,soph,True,15.855168927188734,15.56658179584737,2.2845293152637396,1.9959421839223752,15.481356434978139,18.309131746665773,45.54953096101708,16.374285714285715,1.0,45.54953096101708,0.7132866400526269,15.737371188843799
2020,Philip Rivers,QB,159.6,16.0,IND,00-0022942,23,16,14.9975,2004,16,vet,True,15.8475987568539,15.56658179584737,-0.5690817958473691,-0.8500987568538996,15.481356434978139,7.885892762088516,46.54085435550666,16.006296864271,2.9999084486625875,15.514091563779354,0.6629958100710804,15.658263559112918
2020,Drew Lock,QB,162.4,15.4,DEN,00-0035704,24,12,15.21,2019,1,soph,True,15.795132890168745,15.56658179584737,-0.3565817958473687,-0.585132890168742,15.481356434978139,18.309131746665773,45.54953096101708,13.6,1.0,45.54953096101708,0.7132866400526269,14.941946410246944
2021,Patrick Mahomes,QB,22.9,6.2,KC,00-0033873,1,17,21.274117647058823,2017,4,vet,True,21.70464562460653,21.807816088935574,-0.5336984418767479,-0.4305279775477046,21.871093292872704,8.889388359406107,46.650882410035734,22.945761904761905,2.6470588235294117,17.623666688235723,0.6647165578077445,22.23141188428289
2021,Josh Allen,QB,34.4,4.6,BUF,00-0034857,2,17,23.68117647058823,2018,3,vet,True,20.47708650862006,20.467268032212885,3.2139084383753485,3.2040899619681724,20.0596450017507,8.889388359406107,46.650882410035734,22.100190476190477,2.3333333333333335,19.99323531858674,0.6922236546612839,20.68767663037123
2021,Kyler Murray,QB,41.3,4.3,ARI,00-0035228,3,14,21.462857142857143,2019,2,vet,True,19.92561377787119,20.467268032212885,0.9955891106442571,1.537243364985951,20.0596450017507,8.889388359406107,46.650882410035734,21.724166666666665,1.8,25.917156894464295,0.7446058408104255,20.484754112814745
2021,Lamar Jackson,QB,50.9,6.7,BAL,00-0034796,4,11,21.70909090909091,2018,3,vet,True,19.29511983929055,19.516798543728473,2.1922923653624373,2.413971069800361,19.28660541729512,8.889388359406107,46.650882410035734,23.25137414965986,2.3333333333333335,19.99323531858674,0.6922236546612839,20.506867447855555
2021,Aaron Rodgers,QB,59.0,6.6,GB,00-0023459,5,16,20.83125,2005,16,vet,True,18.849628445713854,19.516798543728473,1.3144514562715273,1.9816215542861464,19.28660541729512,8.889388359406107,46.650882410035734,21.642804455634398,2.9999084486625875,15.550768701236041,0.6362794094428563,20.143603522990055
2021,Dak Prescott,QB,66.7,8.6,DAL,00-0033077,6,16,20.035,2016,5,vet,True,18.47957598569016,19.516798543728473,0.5182014562715267,1.555424014309839,19.28660541729512,8.889388359406107,46.650882410035734,23.384693548387098,2.8181818181818183,16.553538919690098,0.6506145593274723,20.718417744891546
2021,Justin Herbert,QB,69.3,7.4,LAC,00-0036355,7,17,22.39764705882353,2020,1,soph,True,18.36421708671302,19.516798543728473,2.8808485150950567,4.033429972110511,19.28660541729512,19.203718399495344,45.014278377588724,22.18933333333333,1.0,45.014278377588724,0.7009604882856123,20.15463575594691
2021,Russell Wilson,QB,69.4,7.0,SEA,00-0029263,8,14,17.344285714285714,2012,9,vet,True,18.35986710572083,17.634423450195044,-0.2901377359093295,-1.0155813914351164,18.95926023277412,8.889388359406107,46.650882410035734,21.233148238747557,2.9883040935672516,15.611156344649922,0.6371758886677127,19.78428162781058
2021,Tom Brady,QB,77.8,7.9,TB,00-0019596,9,17,22.043529411764705,2000,21,vet,True,18.01519407294457,17.634423450195044,4.4091059615696615,4.028335338820135,17.49757804682293,8.889388359406107,46.650882410035734,19.32044623544652,2.9999942779595585,15.550323796539125,0.6362727882110648,18.160604810529733
2021,Matthew Stafford,QB,85.0,10.7,LAR,00-0026498,10,17,19.396470588235296,2009,12,vet,True,17.748185483192355,17.634423450195044,1.762047138040252,1.648285105042941,17.49757804682293,8.889388359406107,46.650882410035734,17.686040862840862,2.9985355137905785,15.557888907929703,0.6363853421303777,17.566105889190435
2021,Ryan Tannehill,QB,96.1,9.6,TEN,00-0029701,11,17,15.785882352941178,2012,9,vet,True,17.377920192768702,17.634423450195044,-1.8485410972538665,-1.5920378398275243,17.49757804682293,8.889388359406107,46.650882410035734,19.681742212554322,2.6568894241346968,17.55845839358901,0.6638899021751395,18.231697678232464
2021,Jalen Hurts,QB,100.2,10.2,PHI,00-0036389,12,15,20.81066666666667,2020,1,soph,True,17.251885395663436,17.634423450195044,3.176243216471626,3.558781271003234,17.49757804682293,19.203718399495344,45.014278377588724,20.244,1.0,45.014278377588724,0.7009604882856123,18.318866726662677
2021,Joe Burrow,QB,112.4,8.7,CIN,00-0036442,13,16,19.64,2020,1,soph,True,16.905278092441243,17.634423450195044,2.0055765498049567,2.7347219075587574,17.49757804682293,19.203718399495344,45.014278377588724,17.372,1.0,45.014278377588724,0.7009604882856123,17.460025249018955
2021,Trey Lance,QB,118.2,9.8,SF,00-0037012,14,3,18.006666666666664,2021,0,rookie,False,16.753494774989157,17.634423450195044,0.3722432164716203,1.253171891677507,17.49757804682293,4.263220438956459,42.7222637039162,,0.0,inf,1.0,17.49757804682293
2021,Justin Fields,QB,125.6,12.0,CHI,00-0036945,15,11,10.918181818181818,2021,0,rookie,True,16.570307548611467,15.920930567961449,-5.002748749779631,-5.652125730429649,16.358675786151565,4.263220438956459,42.7222637039162,,0.0,inf,1.0,16.358675786151565
2021,Matt Ryan,QB,129.8,14.2,ATL,00-0026143,16,17,13.112941176470589,2008,13,vet,True,16.471080220781154,15.920930567961449,-2.807989391490862,-3.358139044310567,16.358675786151565,8.889388359406107,46.650882410035734,18.121269191639353,2.9992676675210546,15.554091058699498,0.6363288463416702,16.999680163355873
2021,Baker Mayfield,QB,134.3,13.7,CLE,00-0034855,17,14,12.921428571428573,2018,3,vet,True,16.368266780344854,15.693481275118744,-2.772052703690171,-3.4468382089162812,16.106614456893865,8.889388359406107,46.650882410035734,15.421785714285715,2.3333333333333335,19.99323531858674,0.6922236546612839,15.89584036931102
2021,Jameis Winston,QB,137.3,11.8,NO,00-0031503,18,7,16.771428571428572,2015,6,vet,True,16.301620963176468,15.693481275118744,1.0779472963098282,0.4698076082521041,16.106614456893865,8.889388359406107,46.650882410035734,10.051324370074369,2.9076923076923076,16.04395426800171,0.6434738617984375,13.947745266549905
2021,Ben Roethlisberger,QB,143.2,15.3,PIT,00-0022924,19,16,13.63125,2004,17,vet,True,16.174696027850377,15.693481275118744,-2.0622312751187444,-2.5434460278503774,16.106614456893865,8.889388359406107,46.650882410035734,15.394737225913655,2.999954223982056,15.550531417146976,0.6362758781256591,15.84768753617325
2021,Trevor Lawrence,QB,144.7,14.7,JAX,00-0036971,20,17,11.708235294117646,2021,0,rookie,True,16.14326075248445,15.693481275118744,-3.985245981001098,-4.435025458366805,16.106614456893865,4.263220438956459,42.7222637039162,,0.0,inf,1.0,16.106614456893865
2021,Zach Wilson,QB,149.1,24.8,NYJ,00-0037013,21,13,11.68153846153846,2021,0,rookie,True,16.05289640811455,15.56658179584737,-3.885043334308909,-4.371357946576088,15.70093184686462,4.263220438956459,42.7222637039162,,0.0,inf,1.0,15.70093184686462
2021,Mac Jones,QB,157.4,24.5,NE,00-0036972,22,16,14.03,2021,0,rookie,True,15.88947176256371,15.56658179584737,-1.5365817958473702,-1.859471762563711,15.662709096459096,4.263220438956459,42.7222637039162,,0.0,inf,1.0,15.662709096459096
2021,Tua Tagovailoa,QB,160.6,20.0,MIA,00-0036212,23,12,15.033333333333331,2020,1,soph,True,15.828756026665314,15.56658179584737,-0.5332484625140363,-0.7954226933319806,15.588405525846703,19.203718399495344,45.014278377588724,15.011111111111111,1.0,45.014278377588724,0.7009604882856123,15.415771685948728
2021,Kirk Cousins,QB,160.9,17.8,MIN,00-0029604,24,16,18.77125,2012,9,vet,True,15.82312608171175,15.56658179584737,3.204668204152629,2.948123918288248,15.588405525846703,8.889388359406107,46.650882410035734,18.01349249836921,2.9883040935672516,15.611156344649922,0.6371758886677127,16.468285551555688
2021,Ryan Fitzpatrick,QB,163.3,19.0,WAS,00-0023682,25,1,0.72,2005,16,vet,False,15.778460817240957,15.311827668246783,-14.591827668246784,-15.058460817240954,15.338663790131438,8.889388359406107,46.650882410035734,17.170744936876606,2.9993592076843862,15.553616349290788,0.6363217834572017,16.004951794141405
2021,Deshaun Watson,QB,163.6,15.9,HOU,00-0033537,26,0,,2017,4,vet,False,15.772923872348455,15.311827668246783,,,15.338663790131438,8.889388359406107,46.650882410035734,22.38933492063492,2.6470588235294117,17.623666688235723,0.6647165578077445,17.702637076532206
2021,Carson Wentz,QB,167.1,11.8,IND,00-0032950,27,17,15.177647058823528,2016,5,vet,True,15.709066093158793,15.311827668246783,-0.1341806094232556,-0.5314190343352649,15.338663790131438,8.889388359406107,46.650882410035734,17.083984416121513,2.8181818181818183,16.553538919690098,0.6506145593274723,15.948453406157832
2022,Josh Allen,QB,20.4,5.3,BUF,00-0034857,1,16,24.72,2018,4,vet,True,22.053383513066848,21.807816088935574,2.9121839110644245,2.666616486933151,21.39178981592637,8.486371276956456,46.922420405158746,22.94338300653595,2.6470588235294117,17.726247708615528,0.6762486311792214,21.89412023523922
2022,Justin Herbert,QB,33.2,4.3,LAC,00-0036355,2,17,16.54470588235294,2020,2,vet,True,20.584199936749393,20.467268032212885,-3.922562149859946,-4.039494054396453,20.45095693277311,8.486371276956456,46.922420405158746,22.328209150326796,1.8,26.0680113361993,0.7544053565661024,20.912000021778702
2022,Patrick Mahomes,QB,38.3,7.7,KC,00-0033873,3,17,24.552941176470583,2017,5,vet,True,20.153111831509147,20.467268032212885,4.085673144257701,4.399829344961439,20.45095693277311,8.486371276956456,46.922420405158746,22.082977771753864,2.8181818181818183,16.64989111150794,0.6623853162492828,21.001951132200176
2022,Joe Burrow,QB,46.1,6.3,CIN,00-0036442,4,16,21.91875,2020,2,vet,True,19.593925013317147,20.081856209150327,1.836893790849672,2.3248249866828523,19.714477450980393,8.486371276956456,46.922420405158746,18.884,1.8,26.0680113361993,0.7544053565661024,19.510516637526973
2022,Lamar Jackson,QB,51.3,6.3,BAL,00-0034796,5,11,21.34,2018,4,vet,True,19.271505540273587,19.516798543728473,1.8232014562715264,2.0684944597264128,19.25943496193876,8.486371276956456,46.922420405158746,22.428823088023087,2.6470588235294117,17.726247708615528,0.6762486311792214,20.285528706082882
2022,Jalen Hurts,QB,56.3,6.3,PHI,00-0036389,6,15,25.20266666666667,2020,2,vet,True,18.990939977678607,19.516798543728473,5.685868122938196,6.211726688988062,19.25943496193876,8.486371276956456,46.922420405158746,20.62177777777778,1.8,26.0680113361993,0.7544053565661024,19.594019060029474
2022,Kyler Murray,QB,61.6,5.9,ARI,00-0035228,7,10,19.985999999999997,2019,3,vet,True,18.719534500781226,19.516798543728473,0.4692014562715236,1.266465499218775,19.25943496193876,8.486371276956456,46.922420405158746,21.57484693877551,2.3333333333333335,20.109608745068034,0.7032320182619972,19.9465751011966
2022,Russell Wilson,QB,72.5,8.0,DEN,00-0029263,8,15,15.050666666666666,2012,10,vet,True,18.22803774417716,17.634423450195044,-2.5837567835283775,-3.1773710775104913,18.036849206349206,8.486371276956456,46.922420405158746,19.286816261695293,2.9941463414634146,15.671385114137411,0.6487102883409699,18.47594977280502
2022,Aaron Rodgers,QB,80.2,9.6,GB,00-0023459,9,17,14.070588235294116,2005,17,vet,True,17.923540097905573,17.634423450195044,-3.5638352149009265,-3.852951862611455,17.870420941877494,8.486371276956456,46.922420405158746,21.237024131959018,2.999954223982056,15.64104546331218,0.6482685499109936,19.054561163799143
2022,Dak Prescott,QB,83.6,7.6,DAL,00-0033077,10,12,16.55,2016,6,vet,True,17.798286229179826,17.634423450195044,-1.0844234501950432,-1.2482862291798256,17.870420941877494,8.486371276956456,46.922420405158746,21.683261904761906,2.9076923076923076,16.137340350980523,0.6553577541361315,19.184487014447733
2022,Tom Brady,QB,86.8,8.6,TB,00-0019596,11,17,15.980000000000002,2000,22,vet,True,17.684969196367234,17.634423450195044,-1.6544234501950417,-1.704969196367232,17.870420941877494,8.486371276956456,46.922420405158746,20.681988472839546,2.999997138978415,15.64082171796243,0.6482652881027785,18.859346837360015
2022,Matthew Stafford,QB,90.3,7.8,LAR,00-0026498,12,9,12.042222222222222,2009,13,vet,True,17.565716068574435,17.634423450195044,-5.592201227972822,-5.523493846352213,17.870420941877494,8.486371276956456,46.922420405158746,18.541360134628874,2.9992676675210546,15.644625824256932,0.6483207369607726,18.106376342728435
2022,Trey Lance,QB,97.7,10.3,SF,00-0037012,13,1,9.96,2021,1,soph,False,17.328107522579934,17.634423450195044,-7.674423450195043,-7.368107522579933,17.870420941877494,17.360905823200646,45.46177003031133,18.006666666666664,1.0,45.46177003031133,0.7236522388240468,17.908072142892777
2022,Derek Carr,QB,103.1,8.6,LV,00-0031280,14,15,14.605333333333334,2014,8,vet,True,17.165814995196733,17.634423450195044,-3.0290901168617097,-2.560481661863399,17.870420941877494,8.486371276956456,46.922420405158746,15.764092733564013,2.9766536964980546,15.763479796242873,0.6500443960938176,17.13329958171252
2022,Kirk Cousins,QB,108.6,10.1,MIN,00-0029604,15,17,17.151764705882353,2012,10,vet,True,17.009030426047374,17.634423450195044,-0.4826587443126904,0.1427342798349791,17.870420941877494,8.486371276956456,46.922420405158746,18.392741609644833,2.9941463414634146,15.671385114137411,0.6487102883409699,18.053906818651036
2022,Tua Tagovailoa,QB,121.2,10.6,MIA,00-0036212,16,13,17.763076923076923,2020,2,vet,True,16.677884017615902,17.580871794871797,0.1822051282051262,1.085192905461021,16.98598538354378,8.486371276956456,46.922420405158746,15.025925925925925,1.8,26.0680113361993,0.7544053565661024,16.504605279940886
2022,Matt Ryan,QB,132.9,12.0,IND,00-0026143,17,12,12.94,2008,14,vet,True,16.399879313742048,15.693481275118744,-2.7534812751187445,-3.4598793137420483,15.89893129565488,8.486371276956456,46.922420405158746,15.616952332684184,2.9996338114128775,15.642716196433826,0.6482929043083256,15.799757293542307
2022,Justin Fields,QB,138.0,15.7,CHI,00-0036945,18,15,19.732000000000003,2021,1,soph,True,16.28627986286664,15.693481275118744,4.038518724881259,3.445720137133364,15.543380201008144,17.360905823200646,45.46177003031133,10.918181818181818,1.0,45.46177003031133,0.7236522388240468,14.265216982919451
2022,Trevor Lawrence,QB,142.9,13.4,JAX,00-0036971,19,17,17.389411764705883,2021,1,soph,True,16.18102258304303,15.693481275118744,1.6959304895871394,1.2083891816628525,15.543380201008144,17.360905823200646,45.46177003031133,11.708235294117646,1.0,45.46177003031133,0.7236522388240468,14.483546492203597
2022,Jameis Winston,QB,150.1,17.4,NO,00-0031503,20,3,14.64,2015,7,vet,False,16.032731150572545,15.56658179584737,-0.926581795847369,-1.3927311505725442,15.543380201008144,8.486371276956456,46.922420405158746,13.437833573906408,2.953488372093023,15.887118719856899,0.6518196090069176,14.810270153129697
2023,Patrick Mahomes,QB,19.6,5.2,KC,00-0033873,1,16,17.51375,2017,6,vet,True,22.17406805787126,21.807816088935574,-4.294066088935573,-4.660318057871258,22.21857142857143,8.523060270514891,46.78813030267854,23.337562358276646,2.9076923076923076,16.091155924201615,0.6537342402824762,22.606039672962822
2023,Josh Allen,QB,26.6,4.3,BUF,00-0034857,2,17,23.09647058823529,2018,5,vet,True,21.25281978626986,21.807816088935574,1.288654499299717,1.8436508019654312,21.027182332203093,8.523060270514891,46.78813030267854,23.86034661606578,2.8181818181818183,16.602239784821418,0.6607777717383042,21.988254633606445
2023,Jalen Hurts,QB,26.9,4.1,PHI,00-0036389,3,17,20.98941176470588,2020,3,vet,True,21.21898715544831,20.98941176470588,0.0,-0.2295753907424327,20.810611698841818,8.523060270514891,46.78813030267854,23.239428571428572,2.3333333333333335,20.052055844005086,0.7017313862747862,21.535051540420678
2023,Lamar Jackson,QB,36.9,4.7,BAL,00-0034796,4,16,20.70125,2018,5,vet,True,20.265449167914426,20.467268032212885,0.2339819677871162,0.4358008320855759,20.667568977591035,8.523060270514891,46.78813030267854,21.866849881301494,2.8181818181818183,16.602239784821418,0.6607777717383042,21.074391718059395
2023,Joe Burrow,QB,43.2,6.1,CIN,00-0036442,5,10,14.716,2020,3,vet,True,19.78992815145739,20.081856209150327,-5.365856209150328,-5.073928151457389,20.667568977591035,8.523060270514891,46.78813030267854,20.618142857142857,2.3333333333333335,20.052055844005086,0.7017313862747862,20.65282671716314
2023,Justin Fields,QB,48.8,6.3,CHI,00-0036945,6,13,17.706153846153846,2021,2,vet,True,19.42222176188497,19.516798543728473,-1.810644697574627,-1.7160679157311236,20.0882157826295,8.523060270514891,46.78813030267854,16.794060606060608,1.8,25.9934057237103,0.75307262707773,19.27479869888105
2023,Justin Herbert,QB,50.3,5.9,LAC,00-0036355,7,13,18.012307692307694,2020,3,vet,True,19.330891538617458,19.516798543728473,-1.5044908514207798,-1.3185838463097603,19.723998030590536,8.523060270514891,46.78813030267854,19.02335014005602,2.3333333333333335,20.052055844005086,0.7017313862747862,19.51501675557131
2023,Trevor Lawrence,QB,58.4,5.8,JAX,00-0036971,8,16,16.40875,2021,2,vet,True,18.880463923337757,19.516798543728473,-3.108048543728472,-2.471713923337756,19.723998030590536,8.523060270514891,46.78813030267854,15.495686274509803,1.8,25.9934057237103,0.75307262707773,18.67991211676517
2023,Deshaun Watson,QB,76.2,8.0,CLE,00-0033537,9,5,17.72,2017,6,vet,True,18.07788123861116,17.634423450195044,0.085576549804955,-0.3578812386111636,17.75297759356321,8.523060270514891,46.78813030267854,16.856738095238093,1.9918845807033363,23.489378228008377,0.7337578556876241,17.51436086771168
2023,Dak Prescott,QB,82.2,9.1,DAL,00-0033077,10,17,20.167058823529413,2016,7,vet,True,17.849233107265228,17.634423450195044,2.5326353733343687,2.317825716264185,17.75297759356321,8.523060270514891,46.78813030267854,19.09642125984252,2.953488372093023,15.84165041744234,0.650188324430727,18.2229298734973
2023,Tua Tagovailoa,QB,84.9,10.5,MIA,00-0036212,11,17,15.903529411764708,2020,3,vet,True,17.75173664463289,17.634423450195044,-1.7308940384303373,-1.848207232868182,17.75297759356321,8.523060270514891,46.78813030267854,16.590012210012212,2.3333333333333335,20.052055844005086,0.7017313862747862,17.40610152080104
2023,Kirk Cousins,QB,99.4,12.7,MIN,00-0029604,12,8,18.7175,2012,11,vet,True,17.27606757962502,17.634423450195044,1.0830765498049573,1.44143242037498,17.75297759356321,8.523060270514891,46.78813030267854,17.771950036878454,2.9970717423133237,15.611281385798456,0.6468492742877315,17.759677725688523
2023,Aaron Rodgers,QB,103.6,14.2,NYJ,00-0023459,13,0,,2005,18,vet,False,17.151220330564993,17.634423450195044,,,17.75297759356321,8.523060270514891,46.78813030267854,17.653792514682713,2.9999771119037173,15.596162423048574,0.6466279042736571,17.717928354374425
2023,Daniel Jones,QB,103.9,12.3,NYG,00-0035710,14,6,9.493333333333334,2019,4,vet,True,17.142497303873974,17.634423450195044,-8.14109011686171,-7.64916397054064,17.75297759356321,8.523060270514891,46.78813030267854,16.607789321789323,2.6470588235294117,17.675515892123006,0.6746746763028393,17.38041884835418
2023,Geno Smith,QB,109.9,13.4,SEA,00-0030565,15,15,15.150666666666666,2013,10,vet,True,16.973133209029058,17.634423450195044,-2.483756783528378,-1.822466542362392,17.75297759356321,8.523060270514891,46.78813030267854,16.180256189459513,1.946219906652318,24.0405157416967,0.7382639957196754,17.341339777406965
2023,Jared Goff,QB,122.6,11.6,DET,00-0033106,16,17,17.00588235294118,2016,7,vet,True,16.643237239625613,15.920930567961449,1.0849517849797294,0.3626451133155655,15.71493851937404,8.523060270514891,46.78813030267854,15.85748207944595,2.953488372093023,15.84165041744234,0.650188324430727,15.764801920964405
2023,Anthony Richardson Sr.,QB,125.5,12.9,IND,00-0039164,17,4,18.17,2023,0,rookie,True,16.57271034546918,15.920930567961449,2.249069432038553,1.5972896545308224,15.71493851937404,10.284143805206476,42.679950164168744,,0.0,inf,1.0,15.71493851937404
2023,Russell Wilson,QB,129.9,20.7,DEN,00-0029263,18,15,17.126666666666665,2012,11,vet,True,16.468756992868585,15.920930567961449,1.2057360987052164,0.6579096737980805,15.71493851937404,8.523060270514891,46.78813030267854,17.167706742736176,2.9970717423133237,15.611281385798456,0.6468492742877315,16.2279846717461
2023,Derek Carr,QB,145.3,17.2,NO,00-0031280,19,17,14.183529411764706,2014,9,vet,True,16.130777791381625,15.693481275118744,-1.509951863354038,-1.947248379616919,15.71493851937404,8.523060270514891,46.78813030267854,15.183579217988564,2.9883040935672516,15.657084700113561,0.6475182311409701,15.527644052921989
2023,Matthew Stafford,QB,151.0,18.1,LAR,00-0026498,20,15,16.206666666666667,2009,14,vet,True,16.014696954281625,15.56658179584737,0.6400848708192974,0.1919697123850419,15.459846405679063,8.523060270514891,46.78813030267854,15.291592828370234,2.9996338114128775,15.59794736432863,0.6466540536141171,15.400394686172064
2023,Kenny Pickett,QB,152.3,25.1,PIT,00-0038102,21,12,9.183333333333334,2022,1,soph,True,15.988836428728774,15.56658179584737,-6.383248462514036,-6.805503095395441,15.459846405679063,16.062446040138987,45.43710334711028,12.354999999999999,1.0,45.43710334711028,0.7388201019328245,14.648922937929568
2023,Brock Purdy,QB,152.5,33.6,SF,00-0037834,22,16,18.475,2022,1,soph,True,15.98487748945275,15.56658179584737,2.908418204152632,2.490122510547252,15.459846405679063,16.062446040138987,45.43710334711028,15.151428571428571,1.0,45.43710334711028,0.7388201019328245,15.37929386716742
2023,Jordan Love,QB,155.5,23.1,GB,00-0036264,23,17,18.76823529411765,2020,3,vet,True,15.926108527726496,15.56658179584737,3.2016534982702787,2.842126766391152,15.459846405679063,8.523060270514891,46.78813030267854,7.888888888888889,1.8,25.9934057237103,0.75307262707773,13.590369755551952
2023,Kyler Murray,QB,157.3,16.4,ARI,00-0035228,24,8,18.295,2019,4,vet,True,15.891388960782272,15.56658179584737,2.728418204152632,2.4036110392177292,15.459846405679063,8.523060270514891,46.78813030267854,20.727461904761906,2.6470588235294117,17.675515892123006,0.6746746763028393,17.17353512303037
2024,Josh Allen,QB,25.1,5.2,BUF,00-0034857,1,16,23.69,2018,6,vet,True,21.427919875114405,21.807816088935574,1.882183911064427,2.262080124885596,21.53893267306923,8.464192843905664,46.484162186724745,23.472346093993153,2.9076923076923076,15.986616625064066,0.6538277043691546,22.20822683539395
2024,Patrick Mahomes,QB,30.8,6.2,KC,00-0033873,2,16,17.68875,2017,7,vet,True,20.810559429733967,20.467268032212885,-2.778518032212886,-3.121809429733968,20.57341806722689,8.464192843905664,46.484162186724745,20.402727784026997,2.953488372093023,15.738732078969797,0.6502822336193875,20.51372464264335
2024,Jalen Hurts,QB,37.3,5.4,PHI,00-0036389,3,14,22.18428571428571,2020,4,vet,True,20.232923663667783,20.467268032212885,1.717017682072829,1.9513620506179308,20.57341806722689,8.464192843905664,46.484162186724745,22.039419607843136,2.6470588235294117,17.56068349276268,0.6747653001532289,21.050212638264117
2024,Lamar Jackson,QB,44.2,4.9,BAL,00-0034796,4,17,25.316470588235298,2018,6,vet,True,19.72089284376292,20.081856209150327,5.234614379084967,5.595577744472376,19.667769430732665,8.464192843905664,46.484162186724745,21.27479914794201,2.9076923076923076,15.986616625064066,0.6538277043691546,20.224078597086013
2024,C.J. Stroud,QB,49.9,6.6,HOU,00-0039163,5,17,12.963529411764704,2023,1,soph,True,19.354977185886845,19.516798543728473,-6.553269131963768,-6.39144777412214,19.667769430732665,14.77216156619931,45.84965606045288,18.401333333333334,1.0,45.84965606045288,0.7563226880266821,19.359167686732416
2024,Anthony Richardson Sr.,QB,55.2,4.3,IND,00-0039164,6,10,15.812,2023,1,soph,True,19.050464463559123,19.516798543728473,-3.704798543728472,-3.238464463559122,19.667769430732665,14.77216156619931,45.84965606045288,18.17,1.0,45.84965606045288,0.7563226880266821,19.30279700189592
2024,Joe Burrow,QB,59.7,7.5,CIN,00-0036442,7,17,21.930588235294117,2020,4,vet,True,18.814047613583742,19.516798543728473,2.4137896915656434,3.116540621710371,19.667769430732665,8.464192843905664,46.484162186724745,17.470333333333333,2.6470588235294117,17.56068349276268,0.6747653001532289,18.953086961162533
2024,Dak Prescott,QB,69.8,7.2,DAL,00-0033077,8,8,14.565,2016,8,vet,True,18.34252963676233,17.634423450195044,-3.0694234501950444,-3.7775296367623294,18.765,8.464192843905664,46.484162186724745,19.63383933102653,2.9766536964980546,15.61624795031145,0.6485034092092563,19.070394062800737
2024,Jordan Love,QB,73.2,8.3,GB,00-0036264,9,15,15.590666666666667,2020,4,vet,True,18.199050590374497,17.634423450195044,-2.0437567835283765,-2.60838392370783,18.528698412698414,8.464192843905664,46.484162186724745,14.105658263305324,2.3333333333333335,19.921783794310603,0.7018178042001819,17.209826588841626
2024,Kyler Murray,QB,76.1,8.2,ARI,00-0035228,10,17,17.48470588235294,2019,5,vet,True,18.081842777322784,17.634423450195044,-0.149717567842103,-0.597136894969843,17.620103639397303,8.464192843905664,46.484162186724745,19.471997695852536,2.8181818181818183,16.494380130773298,0.6608703208916319,18.24813587650566
2024,Tua Tagovailoa,QB,88.6,8.9,MIA,00-0036212,11,11,16.507272727272724,2020,4,vet,True,17.623050485252524,17.634423450195044,-1.1271507229223197,-1.1157777579797994,17.620103639397303,8.464192843905664,46.484162186724745,16.223888050946876,2.6470588235294117,17.56068349276268,0.6747653001532289,17.166005881566246
2024,Jared Goff,QB,94.3,13.1,DET,00-0033106,12,17,19.085882352941177,2016,8,vet,True,17.434960551063412,17.634423450195044,1.4514589027461329,1.6509218018777645,17.620103639397303,8.464192843905664,46.484162186724745,16.43393398143571,2.9766536964980546,15.61624795031145,0.6485034092092563,17.20316904852438
2024,Jayden Daniels,QB,99.2,12.1,WAS,00-0039910,13,16,21.91125,2024,0,rookie,True,17.282143535949643,17.634423450195044,4.276826549804955,4.629106464050356,17.620103639397303,9.208951488402775,42.51054889953107,,0.0,inf,1.0,17.620103639397303
2024,Brock Purdy,QB,105.7,10.4,SF,00-0037834,14,15,17.790666666666667,2022,2,vet,True,17.09068228643896,17.634423450195044,0.1562432164716227,0.6999843802277077,17.620103639397303,8.464192843905664,46.484162186724745,17.367142857142856,1.8,25.824534548180413,0.7531494025100733,17.557660119156274
2024,Justin Herbert,QB,114.6,12.7,LAC,00-0036355,15,17,16.788235294117644,2020,4,vet,True,16.846802562454137,17.634423450195044,-0.8461881560773996,-0.0585672683364926,17.620103639397303,8.464192843905664,46.484162186724745,18.484127501256914,2.6470588235294117,17.56068349276268,0.6747653001532289,17.901114180769664
2024,Caleb Williams,QB,116.7,13.3,CHI,00-0039918,16,17,14.972941176470588,2024,0,rookie,True,16.7920229014341,17.634423450195044,-2.661482273724456,-1.8190817249635105,17.620103639397303,9.208951488402775,42.51054889953107,,0.0,inf,1.0,17.620103639397303
2024,Matthew Stafford,QB,123.1,11.3,LAR,00-0026498,17,16,13.41125,2009,15,vet,True,16.63095919542664,15.920930567961449,-2.509680567961448,-3.21970919542664,16.43400896456485,8.464192843905664,46.484162186724745,15.749143710863253,2.999816900119015,15.495666480471035,0.6467344515961236,16.192069665133197
2024,Trevor Lawrence,QB,126.7,11.0,JAX,00-0036971,18,10,14.52,2021,3,vet,True,16.544002329022696,15.920930567961449,-1.4009305679614492,-2.0240023290226965,16.43400896456485,8.464192843905664,46.484162186724745,16.017436974789916,2.3333333333333335,19.921783794310603,0.7018178042001819,16.30979461394506
2024,Kirk Cousins,QB,130.1,10.8,ATL,00-0029604,19,14,12.594285714285714,2012,12,vet,True,16.4641158976526,15.920930567961449,-3.3266448536757345,-3.8698301833668864,16.43400896456485,8.464192843905664,46.484162186724745,18.244840470205176,2.9985355137905785,15.502288358079877,0.646832057965838,17.073536600782468
2024,Aaron Rodgers,QB,130.4,13.6,NYJ,00-0023459,20,17,15.092941176470587,2005,19,vet,True,16.457167615205726,15.920930567961449,-0.8279893914908616,-1.3642264387351393,16.43400896456485,8.464192843905664,46.484162186724745,17.653792514682713,2.9999771119037173,15.494838944696799,0.6467222499394921,16.86493135271131
2024,Justin Fields,QB,134.7,55.4,PIT,00-0036945,21,6,18.89,2021,3,vet,True,16.359295141627136,15.693481275118744,3.1965187248812565,2.5307048583728644,15.620193338367264,8.464192843905664,46.484162186724745,17.315256743256743,2.3333333333333335,19.921783794310603,0.7018178042001819,16.125631066457125
2024,Deshaun Watson,QB,149.3,13.2,CLE,00-0033537,22,7,10.96,2017,7,vet,True,16.048852558587605,15.56658179584737,-4.6065817958473705,-5.088852558587606,15.620193338367264,8.464192843905664,46.484162186724745,17.354474688974687,2.3671469740634006,19.63720998148708,0.6987982095948134,16.142561986236544
2024,Baker Mayfield,QB,156.0,14.3,TB,00-0034855,23,17,21.51764705882353,2018,6,vet,True,15.916424052971458,15.56658179584737,5.951065262976162,5.6012230058520736,15.620193338367264,8.464192843905664,46.484162186724745,14.112617602596595,2.9076923076923076,15.986616625064066,0.6538277043691546,15.09831238507817
2024,Geno Smith,QB,159.8,13.4,SEA,00-0030565,24,17,15.647058823529411,2013,11,vet,True,15.843820783541874,15.56658179584737,0.0804770276820416,-0.1967619600124628,15.620193338367264,8.464192843905664,46.484162186724745,15.601923950655413,2.4141626053231264,19.254776825814936,0.6946425879187096,15.614614645415262
2024,Will Levis,QB,160.0,10.7,TEN,00-0039152,25,11,10.94909090909091,2023,1,soph,True,15.840047535651108,15.56658179584737,-4.61749088675646,-4.8909566265601985,15.620193338367264,14.77216156619931,45.84965606045288,11.335555555555555,1.0,45.84965606045288,0.7563226880266821,14.57612432067239
2024,Bo Nix,QB,177.5,21.3,DEN,00-0039732,26,17,18.65882352941176,2024,0,rookie,True,15.526922575727951,15.311827668246783,3.346995861164979,3.131900953683811,14.304448529411765,9.208951488402775,42.51054889953107,,0.0,inf,1.0,14.304448529411765
