log_adp,m
0.1823215567939546,20.486666666666668
0.3364722366212129,20.3425
0.9162907318741551,20.3425
0.9555114450274363,19.556530987394957
1.547562508716013,19.556530987394957
1.7227665977411035,18.379251629089865
1.9740810260220096,18.379251629089865
2.028148247292285,17.943725961538462
2.4159137783010487,17.943725961538462
2.4336133554004498,16.94065359477124
2.4849066497880004,16.94065359477124
2.4932054526026954,16.461948529411764
2.5257286443082556,16.461948529411764
2.5572273113676265,16.42261932202348
2.917770732084279,16.42261932202348
2.9391619220655967,15.39774859415863
3.261935314328648,15.39774859415863
3.265759410767051,14.881502854988153
3.481240089335692,14.881502854988153
3.484312288372662,14.626785714285713
3.5115454388310208,14.626785714285713
3.5409593240373143,14.318447404719464
3.735285826928092,14.318447404719464
3.7400477406883357,13.894337842606387
3.9473901492654373,13.894337842606387
3.949318790171843,13.173062271062273
3.979681653901961,13.173062271062273
3.9871304779149512,12.853924073475543
4.229749199228304,12.853924073475543
4.23410650459726,12.739458663273002
4.290459441148391,12.739458663273002
4.291828366755733,12.438209229710779
4.364371699435161,12.438209229710779
4.375757021660286,12.200000000000001
4.401829261970061,12.200000000000001
4.405498990859024,11.866666666666667
4.412798293340635,11.063778356464837
4.534747721691546,11.063778356464837
4.535820107853298,10.823809344250519
4.6568134191399295,10.823809344250519
4.660604892876192,10.169649826735766
4.959341999708705,10.169649826735766
4.960043507980195,10.016483516483516
4.96563792816552,10.016483516483516
4.971894465779825,10.0
4.973971309724664,9.338003994797472
5.0689042022202315,9.338003994797472
5.070789216916003,8.413288726154798
5.099256485749784,8.413288726154798
5.101085197018328,8.115833333333333
5.116795489924646,8.115833333333333
5.11739483066779,7.737402755974185
5.141078590121546,7.737402755974185
