pos,window,rate,fit,n_fit,alpha,beta,prior_mean,prior_n,mu_phat,var_phat,binom_noise,var_p,degenerate
QB,career,boom,board,24,9.841600249327026,18.399973164606305,0.3484791766053498,28.24157341393333,0.3484791766053498,0.013858379203950494,0.0060940418728537985,0.007764337331096696,False
QB,career,boom,population,135,1.7410356138035252,7.936816842758725,0.17989896225613392,9.67785245656225,0.17989896225613392,0.02090333812580071,0.007086390735351449,0.013816947390449263,False
QB,career,bust,board,24,4.674911232157197,24.746732784610877,0.1588936100747075,29.421644016768074,0.1588936100747075,0.007980353508791562,0.0035872171392229133,0.004393136369568649,False
QB,career,bust,population,135,2.1905584392905593,3.9778021782093522,0.3551281410292142,6.1683606174999115,0.3551281410292142,0.04294750256641179,0.010999870925326661,0.031947631641085134,False
QB,last3,boom,board,23,12.234830699069777,22.330043428709978,0.35396717065538674,34.56487412777975,0.35396717065538674,0.01365107622586108,0.007221293515763161,0.006429782710097919,False
QB,last3,boom,population,62,2.97638122804265,10.098406892960101,0.22764278858649536,13.07478812100275,0.22764278858649536,0.02196803998314024,0.009476089988618175,0.012491949994522066,False
QB,last3,bust,board,23,6.370254793141932,36.561783411134634,0.14837997587795343,42.932038204276566,0.14837997587795343,0.006866757056518794,0.00399041979101695,0.002876337265501844,False
QB,last3,bust,population,62,3.5465929224252273,8.297171257822676,0.29944812041597013,11.843764180247902,0.2994481204159701,0.027639395704947094,0.011306259978434267,0.016333135726512828,False
QB,recent,boom,board,21,3098.8664653752767,5429.089445607384,0.3633774022429485,8527.95591098266,0.3633774022429485,0.016547983064400463,0.016520859666390605,2.7123398009858135e-05,False
QB,recent,boom,population,36,14.563156546043032,35.833478362431094,0.288970812684048,50.39663490847413,0.288970812684048,0.020646108598890458,0.016648440610185382,0.003997667988705076,False
QB,recent,bust,board,21,5.744843349323225,30.292360738643332,0.159414235779782,36.03720408796656,0.159414235779782,0.013187796574979352,0.009569776788921383,0.003618019786057969,False
QB,recent,bust,population,36,3.0347164041042305,9.815379734313872,0.23616293383450251,12.850096138418102,0.23616293383450251,0.027640999804747858,0.014616541294542436,0.013024458510205422,False
QB,season_2018,boom,board,7,2.4582251403833033,5.112553656187998,0.3246991104133961,7.570778796571302,0.3246991104133961,0.0406718028504724,0.015088410335679805,0.025583392514792594,False
QB,season_2018,boom,population,33,3.8026122227768813,8.486893788589075,0.3094194526012708,12.289506011365956,0.3094194526012708,0.03220120972898479,0.016122428864560636,0.016078780864424155,False
QB,season_2018,bust,board,7,2.8226188891811503,12.049756633066457,0.18978937728937728,14.872375522247607,0.18978937728937728,0.02026906053348361,0.010581199422715662,0.009687861110767948,False
QB,season_2018,bust,population,33,3.052724542562454,10.69944782413311,0.22198125948125946,13.752172366695564,0.2219812594812595,0.02473804283883094,0.013030914178222787,0.011707128660608154,False
QB,season_2019,boom,board,10,2.9402340610863615,4.178676828144168,0.4130173992673992,7.118910889230529,0.4130173992673993,0.04780097440164977,0.01794056202892946,0.029860412372720312,False
QB,season_2019,boom,population,34,2.4509689414895055,6.027715510548,0.289074201941849,8.478684452037506,0.289074201941849,0.03773891326676318,0.016057602030649997,0.021681311236113183,False
QB,season_2019,bust,board,10,7.156178117449364,55.28276962139212,0.11461080586080585,62.438947738841485,0.11461080586080585,0.009108920432352209,0.007509348360972898,0.001599572071379311,False
QB,season_2019,bust,population,34,1.4239116277921502,5.67664368322463,0.20053524906466083,7.10055531101678,0.20053524906466083,0.03231805515551182,0.012526712859607929,0.019791342295903888,False
QB,season_2020,boom,board,11,2.781811586083962,4.517333396285996,0.38111471861471863,7.299144982369958,0.38111471861471863,0.045051168573489994,0.01663061556821077,0.028420553005279223,False
QB,season_2020,boom,population,34,3.341218999343019,6.422283059376326,0.3422152194211017,9.763502058719345,0.3422152194211017,0.03870152550357966,0.01778788960797301,0.020913635895606648,False
QB,season_2020,bust,board,11,1.4936016053287238,8.949742195834657,0.14301948051948052,10.443343801163381,0.14301948051948052,0.019352472428365287,0.008641887232195793,0.010710585196169494,False
QB,season_2020,bust,population,34,3.4226503644310546,18.52411533115739,0.15595238095238095,21.946765695588443,0.15595238095238095,0.016137976514960642,0.010401602266237183,0.005736374248723459,False
QB,season_2021,boom,board,14,3.379468130161057,6.001807523870917,0.36023545781949146,9.381275654031974,0.36023545781949146,0.03808947999988654,0.015889330381514504,0.022200149618372033,False
QB,season_2021,boom,population,31,2.8028813989036485,6.811852842785038,0.2915193835260249,9.614734241688687,0.2915193835260249,0.03351157385646785,0.014054107672955212,0.01945746618351264,False
QB,season_2021,bust,board,14,2.067220776236134,9.285684469689281,0.1820873804067082,11.352905245925415,0.18208738040670816,0.022324396834438823,0.010267996875210142,0.012056399959228681,False
QB,season_2021,bust,population,31,2.979886997401282,11.8797511970493,0.20053563609066458,14.859638194450582,0.20053563609066458,0.021018090052057237,0.010909341492807331,0.010108748559249906,False
QB,season_2022,boom,board,13,1.8933353369579289,3.494821418164814,0.35138831756478817,5.3881567551227425,0.35138831756478817,0.052475812106911705,0.016798139097242957,0.035677673009668745,False
QB,season_2022,boom,population,33,1.246769152875599,4.262557331508335,0.2263015554459405,5.509326484383934,0.2263015554459405,0.04040098553939579,0.013502786183635637,0.026898199355760155,False
QB,season_2022,bust,board,13,0.8869239741236087,6.291110854346388,0.12356083459024636,7.178034828469997,0.12356083459024636,0.021223634092903124,0.0079816319472766,0.013242002145626524,False
QB,season_2022,bust,population,33,2.301948815655016,10.29929325406519,0.18267634276992564,12.601242069720207,0.18267634276992567,0.022491736111164885,0.01151437861713701,0.010977357494027874,False
QB,season_2023,boom,board,15,8.019639026008708,14.591628322350061,0.3546744595274006,22.61126734835877,0.3546744595274007,0.025535242306885243,0.015841544636638987,0.009693697670246255,False
QB,season_2023,boom,population,35,2.955199730926593,8.8292373785151,0.25077139480500826,11.784437109441692,0.25077139480500826,0.029448861915381076,0.014752469673457487,0.01469639224192359,False
QB,season_2023,bust,board,15,5.011239863088077,35.823099937119565,0.12272121669180494,40.834339800207644,0.12272121669180494,0.01002504106024202,0.007451539956133437,0.0025735011041085826,False
QB,season_2023,bust,population,35,1.8836219273393642,5.114330931900891,0.2691675644616821,6.997952859240256,0.2691675644616821,0.04004173172906253,0.015445889497237363,0.024595842231825166,False
QB,season_2024,boom,board,21,2.3774857314872775,4.553207581999693,0.3430372148859544,6.930693313486971,0.3430372148859544,0.04399155278357841,0.015575035440007804,0.028416517343570605,False
QB,season_2024,boom,population,36,1.6182345126407118,4.534455563490431,0.2630125185272244,6.152690076131142,0.2630125185272244,0.042511401773895036,0.015411537029016232,0.027099864744878806,False
QB,season_2024,bust,board,21,4.420273840621603,26.6205476219191,0.14240196078431366,31.040821462540706,0.14240196078431366,0.012251585928489043,0.008440084326013819,0.0038115016024752243,False
QB,season_2024,bust,population,36,8.978198543477198,35.23852766994153,0.20304982553757062,44.21672621341873,0.20304982553757062,0.01644476744124695,0.012865990129440815,0.0035787773118061365,False
QB,season_2025,boom,board,21,3098.8664653752767,5429.089445607384,0.3633774022429485,8527.95591098266,0.3633774022429485,0.016547983064400463,0.016520859666390605,2.7123398009858135e-05,False
QB,season_2025,boom,population,36,14.563156546043032,35.833478362431094,0.288970812684048,50.39663490847413,0.288970812684048,0.020646108598890458,0.016648440610185382,0.003997667988705076,False
QB,season_2025,bust,board,21,5.744843349323225,30.292360738643332,0.159414235779782,36.03720408796656,0.159414235779782,0.013187796574979352,0.009569776788921383,0.003618019786057969,False
QB,season_2025,bust,population,36,3.0347164041042305,9.815379734313872,0.23616293383450251,12.850096138418102,0.23616293383450251,0.027640999804747858,0.014616541294542436,0.013024458510205422,False
RB,career,boom,board,58,1.93923178323276,3.7137860872556407,0.34304363220865197,5.653017870488401,0.34304363220865197,0.04057551014601082,0.006701454342038811,0.03387405580397201,False
RB,career,boom,population,345,1.1200615349086376,4.9309279340159815,0.18510386452675395,6.0509894689246195,0.18510386452675395,0.02774546835762892,0.006352666038350961,0.021392802319277957,False
RB,career,bust,board,58,1.0070133741384388,5.358372891708567,0.15820145582389747,6.365386265847006,0.15820145582389747,0.02204108848122296,0.003960060495410715,0.018081027985812247,False
RB,career,bust,population,345,1.792620965591383,3.8206556149196684,0.31935375709353997,5.613276580511052,0.31935375709353997,0.042022705745463504,0.009154439572482295,0.032868266172981206,False
RB,last3,boom,board,58,1.8154663302152676,3.3693629094832467,0.35014968599444807,5.184829239698514,0.35014968599444807,0.044882568986282255,0.008091758023887858,0.036790810962394394,False
RB,last3,boom,population,136,0.6900686932026552,2.830101469118242,0.1960327658557515,3.5201701623208974,0.1960327658557515,0.043268239762463745,0.008401428357785715,0.03486681140467803,False
RB,last3,bust,board,58,0.8890890048501199,5.05699268008604,0.1495251918759447,5.94608168493616,0.1495251918759447,0.022830010050633797,0.004522219466167703,0.018307790584466094,False
RB,last3,bust,population,136,1.0676983755847234,2.0994821005217004,0.3371132095690674,3.1671804761064237,0.3371132095690674,0.06553813590559895,0.01191245427639697,0.053625681629201984,False
RB,recent,boom,board,56,1.6158527353513905,3.088478699549203,0.34348190762318914,4.704331434900594,0.34348190762318914,0.055606666703626344,0.016074937292000074,0.03953172941162627,False
RB,recent,boom,population,78,0.9567076794507079,2.6634575117381196,0.264271829854409,3.6201651911888275,0.264271829854409,0.057333357759766175,0.015249964254569575,0.042083393505196603,False
RB,recent,bust,board,56,0.8416084119812824,4.868415692170051,0.1473913939118771,5.7100241041513335,0.1473913939118771,0.02768647014277145,0.008958196002169828,0.01872827414060162,False
RB,recent,bust,population,78,0.7881082034258307,2.577345497901819,0.234175916048088,3.3654537013276498,0.234175916048088,0.05514711982207792,0.014066038985832757,0.04108108083624516,False
RB,season_2017,boom,board,6,1.1809951449955343,2.8656605806267486,0.2918447293447293,4.046655725622283,0.2918447293447293,0.05771475576496943,0.01676260952500629,0.04095214623996314,False
RB,season_2017,boom,population,81,1.0476430116439344,3.1941043780128213,0.2469838289282734,4.241747389656756,0.2469838289282734,0.05042729231225905,0.014946220190547848,0.0354810721217112,False
RB,season_2017,bust,board,6,0.22477933033694492,0.49925893704033225,0.3104522792022792,0.7240382673772772,0.3104522792022792,0.14153156921920276,0.01736282796147566,0.1241687412577271,False
RB,season_2017,bust,population,81,1.386666243626718,5.718572145840953,0.19516111460555907,7.1052383894676705,0.19516111460555907,0.03200217496628131,0.012622948051057778,0.019379226915223535,False
RB,season_2018,boom,board,6,3.20207614464049,1.367088077302491,0.7008012820512821,4.569164221942981,0.7008012820512821,0.05213259163379356,0.014482625360504483,0.03764996627328908,False
RB,season_2018,boom,population,77,1.0843312284203315,2.4634602028739856,0.3056355621290686,3.547791431294317,0.3056355621290686,0.06400315015314133,0.017338198935112927,0.0466649512180284,False
RB,season_2018,bust,board,6,0.8858527887442922,62.89554800084475,0.013888888888888888,63.78140078958904,0.013888888888888888,0.0011574074074074076,0.000945988890867363,0.00021141851654004457,False
RB,season_2018,bust,population,77,1.0247384919143803,4.5650441688583125,0.18332349468713108,5.589782660772693,0.18332349468713108,0.034950943434441474,0.012231530869585599,0.022719412564855875,False
RB,season_2019,boom,board,11,1.1876609885658571,1.480162067937757,0.44517982017982016,2.667823056503614,0.44517982017982016,0.08528674244711333,0.017945776408273613,0.06734096603883971,False
RB,season_2019,boom,population,76,1.368231452402968,3.4777331273994365,0.2823445012589749,4.845964579802405,0.2823445012589749,0.050930474823806984,0.016269627823833465,0.034660846999973516,False
RB,season_2019,bust,board,11,0.2411434406527761,1.2601211731600443,0.16062687312687313,1.5012646138128205,0.16062687312687313,0.06369906364240156,0.009795977974534643,0.05390308566786692,False
RB,season_2019,bust,population,76,0.8188807377656017,3.474226856238616,0.19074312018390965,4.293107594004217,0.19074312018390965,0.041556660063129684,0.012394172895616182,0.029162487167513504,False
RB,season_2020,boom,board,12,2.0829441920631453,2.483291254364816,0.45616224053724047,4.566235446427961,0.4561622405372405,0.06338094530473765,0.018812537584132635,0.04456840772060501,False
RB,season_2020,boom,population,81,1.3240785217350288,3.503300193413078,0.2742851969703822,4.8273787151481065,0.2742851969703822,0.05060445343576177,0.016446243128292192,0.03415821030746957,False
RB,season_2020,bust,board,12,0.4249260232199096,3.4693046334429694,0.10911680911680911,3.894230656662879,0.10911680911680911,0.0272339879177486,0.007371758712707903,0.0198622292050407,False
RB,season_2020,bust,population,81,1.3551874921067752,5.41069415111728,0.20029725076021368,6.765881643224056,0.2002972507602137,0.03386022451521802,0.01323432916206469,0.02062589535315333,False
RB,season_2021,boom,board,17,3.0601699800907216,4.302774820495648,0.4156176724083299,7.362944800586369,0.4156176724083299,0.04671086608710013,0.017668509766252175,0.029042356320847954,False
RB,season_2021,boom,population,80,1.6523254184947171,3.999909911186931,0.2923313206401442,5.652235329681648,0.2923313206401442,0.0480507785302041,0.01695240191537174,0.03109837661483236,False
RB,season_2021,bust,board,17,1.1848029571568244,13.896210362646345,0.07856255624421714,15.08101331980317,0.07856255624421714,0.009767726475601465,0.005266114570868748,0.0045016119047327175,False
RB,season_2021,bust,population,80,0.9750931998698954,3.9031347403436203,0.19988676458345578,4.878227940213516,0.19988676458345578,0.040313262931669536,0.013105735841114985,0.027207527090554552,False
RB,season_2022,boom,board,28,1.6907666979538853,3.4367171558501552,0.32974588436773306,5.127483853804041,0.32974588436773306,0.05228639619925907,0.016217180615269257,0.03606921558398982,False
RB,season_2022,boom,population,78,1.5047557497437014,4.453858088354021,0.2525345307867932,5.9586138380977225,0.2525345307867932,0.04199265549285293,0.014866442436792759,0.02712621305606017,False
RB,season_2022,bust,board,28,0.6025891893477466,3.5086291939619185,0.14657192422423512,4.111218383309665,0.14657192422423512,0.03365189443537168,0.009178552489758773,0.024473341945612903,False
RB,season_2022,bust,population,78,1.272675729957262,4.55357753681559,0.21843810622091167,5.826253266772852,0.21843810622091167,0.038455560504434515,0.013445808697753664,0.02500975180668085,False
RB,season_2023,boom,board,38,1.5025515797595463,2.6716987107803156,0.3599572318806065,4.174250290539862,0.3599572318806065,0.06104830135960932,0.01652242608088949,0.04452587527871983,False
RB,season_2023,boom,population,77,0.9147818119517891,2.785784911835192,0.2472004642077216,3.700566723786981,0.2472004642077216,0.053835020013025744,0.014245667145956036,0.03958935286706971,False
RB,season_2023,bust,board,38,0.4615534011806012,3.040794985733334,0.13178397754636142,3.502348386913935,0.13178397754636142,0.03361821565236855,0.00820548634404266,0.025412729308325888,False
RB,season_2023,bust,population,77,0.6633872734494699,2.061499077779666,0.24345502451881365,2.7248863512291357,0.24345502451881365,0.06354668732929605,0.014099628227860556,0.0494470591014355,False
RB,season_2024,boom,board,42,1.505061355484081,2.2752313308565997,0.3981335521776698,3.7802926863406805,0.3981335521776698,0.06658096973288083,0.01645365692361175,0.050127312809269076,False
RB,season_2024,boom,population,81,0.7478070723026263,2.1207213331098975,0.26069362635266774,2.868528405412524,0.26069362635266774,0.06489888903589305,0.015078275269141819,0.04982061376675123,False
RB,season_2024,bust,board,42,0.6315595279878604,4.072611683968368,0.13425521723841052,4.704171211956229,0.13425521723841052,0.028357398834551295,0.007980949817899721,0.020376449016651574,False
RB,season_2024,bust,population,81,0.972142700983767,2.783281288733784,0.25886363394533324,3.755423989717551,0.25886363394533324,0.055353581124374183,0.015009491221815377,0.040344089902558805,False
RB,season_2025,boom,board,56,1.6158527353513905,3.088478699549203,0.34348190762318914,4.704331434900594,0.34348190762318914,0.055606666703626344,0.016074937292000074,0.03953172941162627,False
RB,season_2025,boom,population,78,0.9567076794507079,2.6634575117381196,0.264271829854409,3.6201651911888275,0.264271829854409,0.057333357759766175,0.015249964254569575,0.042083393505196603,False
RB,season_2025,bust,board,56,0.8416084119812824,4.868415692170051,0.1473913939118771,5.7100241041513335,0.1473913939118771,0.02768647014277145,0.008958196002169828,0.01872827414060162,False
RB,season_2025,bust,population,78,0.7881082034258307,2.577345497901819,0.234175916048088,3.3654537013276498,0.234175916048088,0.05514711982207792,0.014066038985832757,0.04108108083624516,False
TE,career,boom,board,23,10.512757675567011,15.296803541445067,0.4073202789917113,25.809561217012078,0.4073202789917113,0.015291221174463937,0.00628658035398538,0.009004640820478558,False
TE,career,boom,population,212,1.658937699848092,7.1401102774610585,0.18853604436822427,8.79904797730915,0.18853604436822427,0.02235344067467807,0.006740678629173843,0.015612762045504226,False
TE,career,bust,board,23,3.108271320525069,27.954925355058975,0.10006282846504971,31.063196675584045,0.10006282846504971,0.005153526685605943,0.002345002640553488,0.002808524045052455,False
TE,career,bust,population,212,3.427031663702911,8.506121784827666,0.28718575341247354,11.933153448530577,0.28718575341247354,0.024847753878563993,0.009019433487558196,0.015828320391005797,False
TE,last3,boom,board,23,10.038410027207162,14.948983531789048,0.401738981038822,24.98739355899621,0.401738981038822,0.017055753375979425,0.007807239414504845,0.00924851396147458,False
TE,last3,boom,population,84,1.5034442278991018,5.520366228964155,0.21404965824925185,7.023810456863258,0.21404965824925185,0.0294769188771396,0.008510271801281662,0.020966647075857936,False
TE,last3,bust,board,23,4.264432773978916,42.24809559161576,0.09168352966022199,46.512528365594676,0.09168352966022199,0.00445790147174195,0.0027051498730800453,0.001752751598661905,False
TE,last3,bust,population,84,2.8981314913775242,9.12243787525007,0.24109768871876686,12.020569366627594,0.24109768871876686,0.023308122904356913,0.009255773267312915,0.014052349637043998,False
TE,recent,boom,board,23,11.030837085292076,15.539280929950229,0.4151595065917317,26.570118015242304,0.4151595065917317,0.026885380773409063,0.018078668718567406,0.008806712054841657,False
TE,recent,boom,population,51,2.645611432735962,6.590935744596953,0.2864286168784439,9.236547177332914,0.2864286168784439,0.037566318675980995,0.017599892422006786,0.01996642625397421,False
TE,recent,bust,board,23,3.0202995268941852,33.60162557209042,0.08247244017704376,36.621925098984605,0.08247244017704376,0.007645672955097532,0.005634326204786501,0.002011346750311031,False
TE,recent,bust,population,51,2.5604280586234673,11.921568126360166,0.17680076875578607,14.481996184983633,0.17680076875578607,0.021933460910981785,0.012532718578780843,0.009400742332200942,False
TE,season_2019,boom,board,6,3.2136056981148142,2.7046211123916066,0.543001443001443,5.918226810506421,0.543001443001443,0.05432603711824492,0.01845689279893216,0.03586914431931276,False
TE,season_2019,boom,population,42,1.9342148978944935,4.416558223251797,0.304563690277976,6.350773121146291,0.304563690277976,0.047117252298334286,0.018303324109892532,0.028813928188441754,False
TE,season_2019,bust,board,6,0.8346235522940959,6.657528283713786,0.1113997113997114,7.492151836007881,0.1113997113997114,0.019019258759518504,0.007362635372258504,0.01165662338726,False
TE,season_2019,bust,population,42,2.844372352196927,11.242091503415642,0.20192238317238315,14.08646385561257,0.20192238317238317,0.02460766908112309,0.013925925772109266,0.010681743309013824,False
TE,season_2020,boom,board,7,13.097984420070688,12.142177822669858,0.5189342403628118,25.240162242740546,0.5189342403628118,0.029864311134506716,0.020350593489298647,0.009513717645208069,False
TE,season_2020,boom,population,48,1.737233927102531,4.695435685931672,0.2700642239704739,6.432669613034204,0.27006422397047397,0.04361237971011792,0.017090342654144653,0.02652203705597327,False
TE,season_2020,bust,board,7,73.3407095396288,1523.8569648789542,0.04591836734693877,1597.197674418583,0.04591836734693877,0.0035987609329446064,0.003571348885243393,2.74120477012133e-05,False
TE,season_2020,bust,population,48,35.19405152268523,157.20843258716144,0.18291890401265398,192.40248410984668,0.182918904012654,0.013730338113640496,0.012957547736850015,0.0007727903767904814,False
TE,season_2021,boom,board,9,18.681705180625546,16.339548016525807,0.5334390827037887,35.02125319715135,0.5334390827037887,0.023554065124312212,0.01664476004306614,0.006909305081246073,False
TE,season_2021,boom,population,51,1.1676728896764232,3.9390642062781454,0.22865341758075328,5.106737095954569,0.22865341758075325,0.0442118185616892,0.015330432407660629,0.028881386154028573,False
TE,season_2021,bust,board,9,4940.6402224682115,62734.1561413138,0.07300561638796933,67674.796363782,0.07300561638796933,0.0029791947039083198,0.004526033103306522,0.0,True
TE,season_2021,bust,population,51,3.129242236902309,9.258010852088557,0.25261793025633855,12.387253088990866,0.25261793025633855,0.030514085898633834,0.01641096031235464,0.014103125586279193,False
TE,season_2022,boom,board,13,5.065126124914692,8.497905242713863,0.37345088923143227,13.563031367628554,0.37345088923143227,0.034355795637769825,0.018288720270219685,0.01606707536755014,False
TE,season_2022,boom,population,46,2.5298822929315126,7.238287699366582,0.2589924514956484,9.768169992298095,0.2589924514956484,0.034458280810887226,0.016635813139854027,0.0178224676710332,False
TE,season_2022,bust,board,13,2.346222000783415,15.638587266810939,0.1304557621865314,17.984809267594354,0.1304557621865314,0.014841596142578815,0.008866447554044343,0.0059751485885344725,False
TE,season_2022,bust,population,46,2.9048697995165536,12.122159685132292,0.19330964928791014,15.027029484648846,0.19330964928791014,0.023247324655200394,0.013517447454346663,0.00972987720085373,False
TE,season_2023,boom,board,17,5.701087383203725,8.94563841652009,0.3892397154940408,14.646725799723814,0.3892397154940408,0.03320257765906505,0.018008845601693965,0.015193732057371085,False
TE,season_2023,boom,population,44,1.3099913411077866,3.758849644978212,0.25844001512450704,5.068840986085998,0.25844001512450704,0.047222659398496014,0.01564352029329556,0.03157913910520045,False
TE,season_2023,bust,board,17,1.1405789483958915,9.204345605220686,0.11025493153520835,10.344924553616577,0.11025493153520835,0.016078175699369424,0.007431244541409227,0.008646931157960197,False
TE,season_2023,bust,population,44,1.975038172224998,9.264242567922848,0.17572638480058267,11.239280740147846,0.17572638480058267,0.023657818332090914,0.011823248510486307,0.011834569821604607,False
TE,season_2024,boom,board,19,4.8720887823331624,7.89668250466958,0.3815628514931921,12.768771287002743,0.3815628514931921,0.034106738395165224,0.01696848858805814,0.017138249807107084,False
TE,season_2024,boom,population,48,2.2216916342284834,6.159256425721033,0.2650883430295195,8.380948059949516,0.2650883430295195,0.037428281957483274,0.016661029844541535,0.02076725211294174,False
TE,season_2024,bust,board,19,2.271186118881911,20.225566193861187,0.1009561774654654,22.496752312743098,0.10095617746546538,0.010389557160405096,0.0065267242680567186,0.0038628328923483776,False
TE,season_2024,bust,population,48,1.110664693351834,4.656103949398156,0.1925974080385845,5.766768642749991,0.19259740803858452,0.03627941668868741,0.013298928561313306,0.0229804881273741,False
TE,season_2025,boom,board,23,11.030837085292076,15.539280929950229,0.4151595065917317,26.570118015242304,0.4151595065917317,0.026885380773409063,0.018078668718567406,0.008806712054841657,False
TE,season_2025,boom,population,51,2.645611432735962,6.590935744596953,0.2864286168784439,9.236547177332914,0.2864286168784439,0.037566318675980995,0.017599892422006786,0.01996642625397421,False
TE,season_2025,bust,board,23,3.0202995268941852,33.60162557209042,0.08247244017704376,36.621925098984605,0.08247244017704376,0.007645672955097532,0.005634326204786501,0.002011346750311031,False
TE,season_2025,bust,population,51,2.5604280586234673,11.921568126360166,0.17680076875578607,14.481996184983633,0.17680076875578607,0.021933460910981785,0.012532718578780843,0.009400742332200942,False
WR,career,boom,board,72,2.436198024201462,12.77130014052801,0.160197160493611,15.207498164729472,0.160197160493611,0.011844277819828004,0.0035435500396351137,0.00830072778019289,False
WR,career,boom,population,451,0.8281606854570839,10.83513328084096,0.07100572855748263,11.663293966298044,0.07100572855748263,0.007997394238173614,0.002788329736863025,0.00520906450131059,False
WR,career,bust,board,72,2.8701449957403096,4.971495257383076,0.3660133470924159,7.841640253123385,0.3660133470924159,0.0323568577202083,0.0061120015397445205,0.02624485618046378,False
WR,career,bust,population,451,3.8548239422957473,2.8605735490662973,0.5740276651164987,6.715397491362045,0.5740276651164987,0.04202844349290353,0.010335986290127192,0.03169245720277634,False
WR,last3,boom,board,72,2.471054861727661,13.062895376932348,0.15907446745759754,15.533950238660008,0.15907446745759754,0.01242900032413087,0.004338388018555148,0.008090612305575721,False
WR,last3,boom,population,180,0.8347040176221039,9.13700856424175,0.0837071877843962,9.971712581863853,0.0837071877843962,0.010915018008880497,0.0039242867146239415,0.006990731294256556,False
WR,last3,bust,board,72,2.679340676778997,4.6223356888875085,0.366948703639842,7.301676365666506,0.366948703639842,0.035515790781366345,0.007533809515799234,0.027981981265567113,False
WR,last3,bust,population,180,2.6431239931396933,2.0950473005242465,0.5578363105348635,4.73817129366394,0.5578363105348635,0.05560477359474554,0.01261983143101648,0.04298494216372906,False
WR,recent,boom,board,66,1.327515343928626,7.425572407539562,0.15166251974407052,8.753087751468188,0.15166251974407052,0.022915812213392898,0.0097239899794976,0.013191822233895298,False
WR,recent,boom,population,105,0.7620407406600643,6.529320766859819,0.10451281833634775,7.291361507519884,0.10451281833634775,0.01891019434464037,0.007622556113589945,0.011287638231050424,False
WR,recent,bust,board,66,3.237605255497208,5.238728588794231,0.38195820445152,8.476333844291439,0.38195820445152,0.042752620838459494,0.01784149609522374,0.024911124743235754,False
WR,recent,bust,population,105,2.740208324101079,2.8272255337167516,0.49218516000028606,5.56743385781783,0.4921851600002861,0.058413936206456865,0.020356616759188553,0.03805731944726831,False
WR,season_2017,boom,board,5,17385.798770111214,104721.81800993413,0.14238095238095236,122107.61678004534,0.14238095238095236,0.007461451247165532,0.008780191016088972,0.0,True
WR,season_2017,boom,population,110,1.4423262122437863,14.035802083233074,0.09318479500297683,15.47812829547686,0.09318479500297683,0.012114035328101406,0.006985941440980434,0.0051280938871209715,False
WR,season_2017,bust,board,5,2.682430992548153,5.207071926711122,0.33999999999999997,7.889502919259275,0.33999999999999997,0.04137868480725624,0.016135428571428568,0.025243256235827672,False
WR,season_2017,bust,population,110,3.1884493174810324,3.012334030476833,0.5142010514737787,6.200783347957866,0.5142010514737787,0.055341891770619114,0.020651453513247903,0.03469043825737121,False
WR,season_2018,boom,board,8,0.7979307321847399,2.7158926756012707,0.22708333333333333,3.5138234077860107,0.2270833333333333,0.050585317460317455,0.011701099537037032,0.03888421792328042,False
WR,season_2018,boom,population,105,0.9010296353818937,5.993296225130927,0.13069147783433496,6.894325860512821,0.13069147783433496,0.02372802958275697,0.009336526436922524,0.014391503145834445,False
WR,season_2018,bust,board,8,2.8797029223880317,8.004213634669096,0.26458333333333334,10.883916557057127,0.26458333333333334,0.029345238095238094,0.012971932870370366,0.016373305224867726,False
WR,season_2018,bust,population,105,2.10184840332824,2.688863350274502,0.4387340569483427,4.790711753602742,0.43873405694834267,0.06276083220061589,0.020236442332861433,0.042524389867754454,False
WR,season_2019,boom,board,14,74.5245126672466,261.38289627693223,0.22186028257456833,335.9074089441788,0.22186028257456833,0.013059977141798481,0.012547556538964232,0.0005124206028342491,False
WR,season_2019,boom,population,110,2.0040687474556145,13.878410324025124,0.12618110424928602,15.882479071480738,0.12618110424928602,0.01574223441803482,0.009211236647335605,0.006530997770699215,False
WR,season_2019,bust,board,14,2.6321670500207146,8.408829989672174,0.23839939822082676,11.04099703969289,0.2383993982208268,0.02827528017202611,0.013196368969718781,0.015078911202307328,False
WR,season_2019,bust,population,110,2.5997224834301007,3.145946127490505,0.4524664855346674,5.745668610920606,0.45246648553466734,0.05742248684120143,0.020696614390025098,0.03672587245117633,False
WR,season_2020,boom,board,18,3.986903997107124,12.60889820528693,0.24023569023569025,16.595802202394054,0.24023569023569025,0.023064705986465598,0.01269163511005861,0.010373070876406989,False
WR,season_2020,boom,population,105,1.5721059390194323,9.183466076298094,0.14616665080950794,10.755572015317526,0.14616665080950794,0.020746548835299545,0.010130139796418051,0.010616409038881494,False
WR,season_2020,bust,board,18,2.637960550237806,9.267489520057342,0.2215758778258778,11.90545007029515,0.22157587782587781,0.025358230690883637,0.0119933339029311,0.013364896787952538,False
WR,season_2020,bust,population,105,3.2052082927821917,4.919604902524929,0.3944962444962445,8.124813195307121,0.3944962444962445,0.04556688149006755,0.01938892557339698,0.026177955916670572,False
WR,season_2021,boom,board,26,2.0962901236098426,6.24192847448758,0.25140743180901554,8.338218598097422,0.25140743180901554,0.03292769974047438,0.01277377711988429,0.02015392262059009,False
WR,season_2021,boom,population,112,0.8680602557171597,6.566271870720845,0.1167637174333603,7.4343321264380045,0.1167637174333603,0.02055427437154317,0.00832687448042024,0.012227399891122929,False
WR,season_2021,bust,board,26,2.030989205708646,5.827991595968287,0.25842908348564453,7.858980801676934,0.2584290834856446,0.03464005828276259,0.013007378792347875,0.021632679490414718,False
WR,season_2021,bust,population,112,3.0853183425937005,3.7922100715776366,0.4486085926211976,6.877528414171337,0.4486085926211976,0.05137272363593498,0.019972148450114274,0.031400575185820706,False
WR,season_2022,boom,board,34,1.5905486697642126,6.265361183082437,0.20246523948946094,7.855909852846649,0.20246523948946094,0.02966965037135942,0.011436282036424057,0.018233368334935364,False
WR,season_2022,boom,population,108,0.9473530655162592,7.212040963606343,0.11610581155107301,8.159394029122602,0.11610581155107301,0.019401050225057292,0.008196678871576999,0.011204371353480293,False
WR,season_2022,bust,board,34,1.7072462016152539,4.368912701063931,0.280974580974581,6.076158902679185,0.280974580974581,0.042859062425152694,0.014308563687165396,0.028550498737987297,False
WR,season_2022,bust,population,108,2.5760391919781602,3.169974338777317,0.44831763416322246,5.746013530755477,0.44831763416322246,0.05641713798710788,0.019754161855511616,0.03666297613159626,False
WR,season_2023,boom,board,50,1.5785385177272409,7.2450515998824425,0.17889980117921297,8.823590117609683,0.17889980117921297,0.025487455738138893,0.010534199285192131,0.014953256452946762,False
WR,season_2023,boom,population,109,0.6966497232784973,5.248155543519795,0.11718629829126322,5.9448052667982925,0.1171862982912632,0.02313880958669274,0.008242255139205878,0.014896554447486861,False
WR,season_2023,bust,board,50,1.6019778094127797,3.1149825307359262,0.3396207926060867,4.716960340148706,0.3396207926060867,0.05531397385057355,0.016083596781022926,0.039230377069550626,False
WR,season_2023,bust,population,109,1.765654328525004,1.8656166878441829,0.486235899376752,3.631271016369187,0.486235899376752,0.0738426058657856,0.01990265101298602,0.05393995485279958,False
WR,season_2024,boom,board,61,4.939708466748583,22.666842216953537,0.17893247596719147,27.60655068370212,0.17893247596719147,0.015915758318389865,0.010780023967336367,0.005135734351053498,False
WR,season_2024,boom,population,107,1.8240354957655331,12.826736421499144,0.12450098234182895,14.650771917264677,0.12450098234182895,0.015388962151051818,0.008424418273346466,0.006964543877705351,False
WR,season_2024,bust,board,61,2.498688034381159,5.174153521442204,0.3256535425894153,7.6728415558233625,0.3256535425894153,0.04143432841872795,0.01611352538377259,0.025320803034955357,False
WR,season_2024,bust,population,107,2.1963869488977257,2.6040896964837033,0.45753518059730264,4.800476645381429,0.45753518059730264,0.06197162837643431,0.019182603562289,0.04278902481414531,False
WR,season_2025,boom,board,66,1.327515343928626,7.425572407539562,0.15166251974407052,8.753087751468188,0.15166251974407052,0.022915812213392898,0.0097239899794976,0.013191822233895298,False
WR,season_2025,boom,population,105,0.7620407406600643,6.529320766859819,0.10451281833634775,7.291361507519884,0.10451281833634775,0.01891019434464037,0.007622556113589945,0.011287638231050424,False
WR,season_2025,bust,board,66,3.237605255497208,5.238728588794231,0.38195820445152,8.476333844291439,0.38195820445152,0.042752620838459494,0.01784149609522374,0.024911124743235754,False
WR,season_2025,bust,population,105,2.740208324101079,2.8272255337167516,0.49218516000028606,5.56743385781783,0.4921851600002861,0.058413936206456865,0.020356616759188553,0.03805731944726831,False
