pos,a,b,adp_a,adp_b,val_a,val_b,d_p25,d_p90,d_bust,d_boom,shape_dist,p25_a,p25_b,p90_a,p90_b,bust_a,bust_b,boom_a,boom_b,n_a,n_b
RB,AJ Dillon,James Conner,161.4,163.1,7.481169871794872,7.481169871794872,-6.075000000000001,-14.780000000000008,0.25427354150481524,-0.4876981240725896,20.85500000000001,1.975,8.05,11.14,25.92000000000001,0.3040570480216435,0.0497835065168283,0.0720857113199549,0.5597838353925445,20,32
RB,Bhayshul Tuten,TreVeyon Henderson,51.2,55.7,11.36028003858886,11.36028003858886,-3.45,-16.96,0.2029885837064361,-0.12265280092451672,20.41,2.05,5.5,11.88,28.84,0.3288963114186918,0.1259077277122557,0.1394842778594306,0.2621370787839473,15,17
RB,Tank Bigsby,James Conner,155.6,163.1,7.491790151433535,7.481169871794872,-6.65,-13.520000000000007,0.3626879268868598,-0.4399508929283253,20.17000000000001,1.4,8.05,12.400000000000002,25.92000000000001,0.4124714334036881,0.0497835065168283,0.1198329424642192,0.5597838353925445,35,32
RB,Keaton Mitchell,James Conner,157.1,163.1,7.491790151433535,7.481169871794872,-5.175000000000001,-14.570000000000006,0.25427354150481524,-0.4479916805433354,19.745000000000005,2.875,8.05,11.350000000000003,25.92000000000001,0.3040570480216435,0.0497835065168283,0.1117921548492091,0.5597838353925445,20,32
RB,James Conner,Emari Demercado,163.1,164.4,7.481169871794872,7.481169871794872,5.700000000000001,13.22000000000001,-0.2990786303334056,0.4543400234308923,18.92000000000001,8.05,2.35,25.92000000000001,12.7,0.0497835065168283,0.3488621368502339,0.5597838353925445,0.1054438119616522,32,31
RB,James Conner,Samaje Perine,163.1,165.1,7.481169871794872,7.481169871794872,4.250000000000001,13.940000000000008,-0.16395401057410489,0.5036818943703341,18.19000000000001,8.05,3.8,25.92000000000001,11.98,0.0497835065168283,0.2137375170909332,0.5597838353925445,0.0561019410222104,32,45
RB,Alvin Kamara,Woody Marks,132.8,144.7,7.491790151433535,7.491790151433535,6.300000000000001,11.299999999999999,-0.1342245702448667,0.2538104378737038,17.6,11.05,4.75,27.15,15.85,0.0429865173963316,0.1772110876411983,0.5283213279269308,0.274510890053227,38,16
RB,James Conner,Ty Johnson,163.1,167.0,7.481169871794872,7.481169871794872,5.750000000000001,11.72000000000001,-0.3290144256522751,0.418579745498937,17.47000000000001,8.05,2.3,25.92000000000001,14.2,0.0497835065168283,0.3787979321691034,0.5597838353925445,0.1412040898936075,32,36
RB,James Conner,Dylan Sampson,163.1,164.1,7.481169871794872,7.481169871794872,6.050000000000001,11.310000000000004,-0.29560207415353223,0.36090448741690284,17.360000000000007,8.05,2.0,25.92000000000001,14.610000000000005,0.0497835065168283,0.3453855806703605,0.5597838353925445,0.1988793479756417,32,14
WR,Matthew Golden,Calvin Ridley,119.9,130.2,10.169649826735766,10.169649826735766,-3.9250000000000003,-13.04,0.1714562699406023,-0.1206012927938593,16.965,2.725,6.65,11.18,24.22,0.5532856563575601,0.3818293864169578,0.0897457444467263,0.2103470372405856,12,39
RB,Ray Davis,James Conner,161.4,163.1,7.481169871794872,7.481169871794872,-6.6000000000000005,-10.170000000000009,0.3536803402224053,-0.3733000074544349,16.77000000000001,1.45,8.05,15.75,25.92000000000001,0.4034638467392336,0.0497835065168283,0.1864838279381096,0.5597838353925445,26,32
WR,Cooper Kupp,Adonai Mitchell,159.7,160.7,8.413288726154798,8.413288726154798,3.4250000000000003,13.119999999999996,-0.24562963652584952,0.09128352041898521,16.544999999999995,5.325,1.9,25.22,12.100000000000003,0.4564806942210989,0.7021103307469484,0.176916794286704,0.0856332738677188,38,25
RB,Chris Rodriguez Jr.,James Conner,160.6,163.1,7.491790151433536,7.481169871794872,-5.300000000000001,-11.040000000000008,0.24705295771153238,-0.36052050297925053,16.34000000000001,2.75,8.05,14.88,25.92000000000001,0.2968364642283607,0.0497835065168283,0.199263332413294,0.5597838353925445,24,32
WR,Tank Dell,Malik Washington,153.1,155.7,9.338003994797472,9.338003994797472,2.250000000000001,13.979999999999997,-0.2555773660983494,0.1264735744800561,16.229999999999997,6.325,4.074999999999999,24.389999999999997,10.41,0.3411747202297675,0.5967520863281169,0.1889782026998597,0.0625046282198036,24,24
RB,James Conner,Justice Hill,163.1,163.6,7.481169871794872,7.481169871794872,5.000000000000001,10.999999999999998,-0.2147354139129984,0.40553482170411304,16.0,8.05,3.05,25.92000000000001,14.92000000000001,0.0497835065168283,0.2645189204298267,0.5597838353925445,0.1542490136884315,32,39
RB,Tyler Allgeier,James Conner,161.4,163.1,7.481169871794872,7.481169871794872,-4.8500000000000005,-10.840000000000007,0.18060061720850829,-0.40003945543034924,15.690000000000008,3.2,8.05,15.080000000000002,25.92000000000001,0.2303841237253366,0.0497835065168283,0.1597443799621953,0.5597838353925445,50,32
RB,Tyrone Tracy Jr.,AJ Dillon,156.1,161.4,7.491790151433533,7.481169871794872,4.125,11.559999999999999,-0.198793138359586,0.2820811204570311,15.684999999999999,6.1,1.975,22.7,11.14,0.1052639096620575,0.3040570480216435,0.354166831776986,0.0720857113199549,31,20
RB,Alvin Kamara,Zach Charbonnet,132.8,139.1,7.491790151433535,7.491790151433535,6.3500000000000005,9.09,-0.13699153930213678,0.3287181090560053,15.440000000000001,11.05,4.7,27.15,18.06,0.0429865173963316,0.1799780566984684,0.5283213279269308,0.1996032188709255,38,49
RB,Tank Bigsby,Tyrone Tracy Jr.,155.6,156.1,7.491790151433535,7.491790151433533,-4.699999999999999,-10.299999999999997,0.3072075237416306,-0.23433388931276677,14.999999999999996,1.4,6.1,12.400000000000002,22.7,0.4124714334036881,0.1052639096620575,0.1198329424642192,0.354166831776986,35,31
WR,Tetairoa McMillan,Malik Nabers,33.9,33.9,14.932431794850404,14.841912644377548,-3.25,-11.719999999999992,0.09694066705372908,-0.138606197463852,14.969999999999992,8.6,11.85,18.46,30.179999999999993,0.2748510257595065,0.1779103587057774,0.1066902370067258,0.2452964344705778,17,19
RB,Tyrone Tracy Jr.,Keaton Mitchell,156.1,157.1,7.491790151433533,7.491790151433535,3.2249999999999996,11.349999999999996,-0.198793138359586,0.2423746769277769,14.574999999999996,6.1,2.875,22.7,11.350000000000003,0.1052639096620575,0.3040570480216435,0.354166831776986,0.1117921548492091,31,20
RB,Tyrone Tracy Jr.,Emari Demercado,156.1,164.4,7.491790151433533,7.481169871794872,3.7499999999999996,10.0,-0.24359822718817636,0.2487230198153338,13.75,6.1,2.35,22.7,12.7,0.1052639096620575,0.3488621368502339,0.354166831776986,0.1054438119616522,31,31
WR,John Metchie III,Rashid Shaheed,116.3,119.0,10.169649826735766,10.169649826735766,-4.325,-9.07,0.3614577694678679,-0.0712920536337143,13.395,1.825,6.15,10.910000000000004,19.980000000000004,0.7557527976979198,0.3942950282300519,0.0567615584660005,0.1280536120997148,28,35
RB,Tyrone Tracy Jr.,Samaje Perine,156.1,165.1,7.491790151433533,7.481169871794872,2.3,10.719999999999999,-0.1084736074288757,0.2980648907547756,13.02,6.1,3.8,22.7,11.98,0.1052639096620575,0.2137375170909332,0.354166831776986,0.0561019410222104,31,45
RB,James Conner,Brian Robinson Jr.,163.1,164.9,7.481169871794872,7.481169871794872,4.65,8.02000000000001,-0.1835826054910655,0.36419751022376656,12.67000000000001,8.05,3.4,25.92000000000001,17.9,0.0497835065168283,0.2333661120078938,0.5597838353925445,0.1955863251687779,32,45
RB,Tyrone Tracy Jr.,Ty Johnson,156.1,167.0,7.491790151433533,7.481169871794872,3.8,8.5,-0.2735340225070459,0.2129627418833785,12.3,6.1,2.3,22.7,14.2,0.1052639096620575,0.3787979321691034,0.354166831776986,0.1412040898936075,31,36
WR,Rome Odunze,Mike Evans,49.7,60.0,13.715793052998112,13.822567390523623,-4.65,-7.620000000000008,0.2288177953228247,-0.12005253458790141,12.270000000000008,5.1,9.75,20.28,27.90000000000001,0.4594647505742745,0.2306469552514498,0.1453061052758379,0.2653586398637393,29,39
WR,Rashid Shaheed,Matthew Golden,119.0,119.9,10.169649826735766,10.169649826735766,3.4250000000000003,8.800000000000004,-0.1589906281275082,0.038307867652988506,12.225000000000005,6.15,2.725,19.980000000000004,11.18,0.3942950282300519,0.5532856563575601,0.1280536120997148,0.0897457444467263,35,12
RB,Tyrone Tracy Jr.,Dylan Sampson,156.1,164.1,7.491790151433533,7.481169871794872,4.1,8.089999999999995,-0.240121671008303,0.1552874838013443,12.189999999999994,6.1,2.0,22.7,14.610000000000005,0.1052639096620575,0.3453855806703605,0.354166831776986,0.1988793479756417,31,14
RB,James Conner,Kimani Vidal,163.1,172.2,7.481169871794872,7.481169871794872,5.65,6.2200000000000095,-0.3543230768510057,0.3376908716775661,11.87000000000001,8.05,2.4,25.92000000000001,19.7,0.0497835065168283,0.404106583367834,0.5597838353925445,0.2220929637149784,32,21
WR,Romeo Doubs,John Metchie III,111.1,116.3,10.169649826735766,10.169649826735766,4.175,7.649999999999995,-0.3794868336934176,0.0005790718421612023,11.824999999999996,6.0,1.825,18.56,10.910000000000004,0.3762659640045022,0.7557527976979198,0.0573406303081617,0.0567615584660005,45,28
RB,Isiah Pacheco,Tank Bigsby,148.9,155.6,7.491790151433535,7.491790151433535,4.324999999999999,7.339999999999996,-0.3151129731791222,0.15617862987301628,11.664999999999996,5.725,1.4,19.74,12.400000000000002,0.0973584602245659,0.4124714334036881,0.2760115723372355,0.1198329424642192,34,35
RB,Tyrone Tracy Jr.,Ray Davis,156.1,161.4,7.491790151433533,7.481169871794872,4.6499999999999995,6.949999999999999,-0.29819993707717607,0.16768300383887638,11.599999999999998,6.1,1.45,22.7,15.75,0.1052639096620575,0.4034638467392336,0.354166831776986,0.1864838279381096,31,26
RB,Isiah Pacheco,Keaton Mitchell,148.9,157.1,7.491790151433535,7.491790151433535,2.8499999999999996,8.389999999999995,-0.20669858779707762,0.1642194174880264,11.239999999999995,5.725,2.875,19.74,11.350000000000003,0.0973584602245659,0.3040570480216435,0.2760115723372355,0.1117921548492091,34,20
RB,Tyrone Tracy Jr.,Chris Rodriguez Jr.,156.1,160.6,7.491790151433533,7.491790151433536,3.3499999999999996,7.8199999999999985,-0.19157255456630318,0.154903499363692,11.169999999999998,6.1,2.75,22.7,14.88,0.1052639096620575,0.2968364642283607,0.354166831776986,0.199263332413294,31,24
WR,Calvin Ridley,Tre Tucker,130.2,136.2,10.169649826735766,10.169649826735766,2.1000000000000005,8.999999999999998,-0.20333678111595016,0.11182973677455499,11.099999999999998,6.65,4.55,24.22,15.22,0.3818293864169578,0.585166167532908,0.2103470372405856,0.0985173004660306,39,40
RB,Tyrone Tracy Jr.,Justice Hill,156.1,163.6,7.491790151433533,7.481169871794872,3.05,7.779999999999989,-0.1592550107677692,0.1999178180885545,10.829999999999988,6.1,3.05,22.7,14.92000000000001,0.1052639096620575,0.2645189204298267,0.354166831776986,0.1542490136884315,31,39
RB,Cam Skattebo,Javonte Williams,30.6,36.7,14.169081014677856,14.169081014677854,4.95,5.75,0.0646765168447568,0.18812662951779752,10.7,12.25,7.3,26.17,20.42,0.1354566140890037,0.0707800972442469,0.5169172998990703,0.3287906703812728,8,49
RB,TreVeyon Henderson,David Montgomery,55.7,63.6,11.36028003858886,11.25138799732762,-2.8000000000000007,7.879999999999999,0.0691989699570078,-0.1526389929008652,10.68,5.5,8.3,28.84,20.96,0.1259077277122557,0.0567087577552479,0.2621370787839473,0.4147760716848125,17,45
WR,Romeo Doubs,Matthew Golden,111.1,119.9,10.169649826735766,10.169649826735766,3.275,7.379999999999999,-0.17701969235305792,-0.032405114138564596,10.655,6.0,2.725,18.56,11.18,0.3762659640045022,0.5532856563575601,0.0573406303081617,0.0897457444467263,45,12
RB,Tyrone Tracy Jr.,Tyler Allgeier,156.1,161.4,7.491790151433533,7.481169871794872,2.8999999999999995,7.619999999999997,-0.1251202140632791,0.1944224518147907,10.519999999999996,6.1,3.2,22.7,15.080000000000002,0.1052639096620575,0.2303841237253366,0.354166831776986,0.1597443799621953,31,50
WR,John Metchie III,Jalen Coker,116.3,126.1,10.169649826735766,10.169649826735762,-3.7249999999999996,-6.569999999999997,0.23565892662300858,-0.043749817665013006,10.294999999999996,1.825,5.55,10.910000000000004,17.48,0.7557527976979198,0.5200938710749112,0.0567615584660005,0.1005113761310135,28,19
WR,Jalen Nailor,Cooper Kupp,159.5,159.7,8.413288726154798,8.413288726154798,-2.0250000000000004,-7.999999999999993,0.15275519973071455,-0.09128352041898521,10.024999999999993,3.3,5.325,17.220000000000006,25.22,0.6092358939518134,0.4564806942210989,0.0856332738677188,0.176916794286704,25,38
WR,CeeDee Lamb,A.J. Brown,11.3,17.5,16.38947712721178,16.363657566574044,2.799999999999999,7.149999999999995,-0.1008260571671619,0.012070538056960456,9.949999999999994,14.35,11.55,34.63000000000001,27.480000000000015,0.0717196968487638,0.1725457540159257,0.2934637260200206,0.2813931879630601,44,43
WR,Calvin Ridley,Jayden Higgins,130.2,135.6,10.169649826735766,10.169649826735766,0.5499999999999998,9.159999999999998,-0.01602935555422552,0.1206012927938593,9.709999999999997,6.65,6.1000000000000005,24.22,15.06,0.3818293864169578,0.3978587419711833,0.2103470372405856,0.0897457444467263,39,12
WR,Rashod Bateman,Tank Dell,148.2,153.1,9.338003994797472,9.338003994797472,-2.4250000000000003,-7.069999999999997,0.2782270580187027,-0.10699157157996601,9.494999999999997,3.9,6.325,17.32,24.389999999999997,0.6194017782484702,0.3411747202297675,0.0819866311198937,0.1889782026998597,39,24
WR,John Metchie III,Ricky Pearsall,116.3,118.3,10.169649826735766,10.169649826735762,-1.1249999999999998,-8.229999999999997,0.333672437391419,-0.046747119665394,9.354999999999997,1.825,2.9499999999999997,10.910000000000004,19.14,0.7557527976979198,0.4220803603065008,0.0567615584660005,0.1035086781313945,28,18
WR,Matthew Golden,Jalen Coker,119.9,126.1,10.169649826735766,10.169649826735762,-2.8249999999999997,-6.300000000000001,0.03319178528264888,-0.010765631684287208,9.125,2.725,5.55,11.18,17.48,0.5532856563575601,0.5200938710749112,0.0897457444467263,0.1005113761310135,12,19
RB,Samaje Perine,Kimani Vidal,165.1,172.2,7.481169871794872,7.481169871794872,1.4,-7.719999999999999,-0.1903690662769008,-0.165991022692768,9.12,3.8,2.4,11.98,19.7,0.2137375170909332,0.404106583367834,0.0561019410222104,0.2220929637149784,45,21
RB,AJ Dillon,Kimani Vidal,161.4,172.2,7.481169871794872,7.481169871794872,-0.4249999999999998,-8.559999999999999,-0.10004953534619049,-0.1500072523950235,8.985,1.975,2.4,11.14,19.7,0.3040570480216435,0.404106583367834,0.0720857113199549,0.2220929637149784,20,21
QB,Jordan Love,Daniel Jones,148.4,158.5,15.56658179584737,15.56658179584737,6.43,2.5519999999999996,-0.06778930509415088,-0.03347033328371879,8.982,13.59,7.16,25.968,23.416,0.1597901602152121,0.227579465309363,0.2848631956774681,0.3183335289611869,47,29
WR,Calvin Ridley,Jerry Jeudy,130.2,133.6,10.169649826735766,10.169649826735766,2.4000000000000004,6.579999999999998,-0.0314105426502303,0.11160348770387189,8.979999999999999,6.65,4.25,24.22,17.64,0.3818293864169578,0.4132399290671881,0.2103470372405856,0.0987435495367137,39,50
TE,Tucker Kraft,George Kittle,110.6,121.0,10.059453965152493,10.059453965152493,-2.1500000000000004,-6.75,-0.0052032719026465085,-0.18948140442987793,8.9,5.75,7.9,17.15,23.9,0.07780693143225,0.0830102033348965,0.3566594276820454,0.5461408321119233,34,41
QB,Jaxson Dart,Caleb Williams,104.3,106.4,17.634423450195044,17.634423450195044,8.425,0.4720000000000013,-0.039622643163329,0.038142158252012004,8.897000000000002,18.46,10.035,27.144,26.671999999999997,0.1341704228365614,0.1737930659998904,0.3916005581595937,0.3534583999075817,12,34
WR,Garrett Wilson,Tee Higgins,28.5,39.2,14.55056921854534,14.62262584890312,2.3499999999999996,-6.48,-0.09504595278943911,-0.04281841378962781,8.83,9.1,6.75,22.5,28.98,0.2003934729615141,0.2954394257509532,0.1675286234509578,0.2103470372405856,41,39
WR,Ricky Pearsall,Calvin Ridley,118.3,130.2,10.169649826735762,10.169649826735766,-3.7000000000000006,-5.079999999999998,0.04025097388954302,-0.1068383591091911,8.78,2.9499999999999997,6.65,19.14,24.22,0.4220803603065008,0.3818293864169578,0.1035086781313945,0.2103470372405856,18,39
WR,Nico Collins,DeVonta Smith,23.2,29.1,15.452797920238163,15.318955655428478,4.075,4.25,-0.1164140644387549,0.0872412332242907,8.325,11.9,7.825,27.6,23.35,0.1589870425747288,0.2754011070134837,0.2736595407965669,0.1864183075722762,41,46
RB,Woody Marks,Tyrone Tracy Jr.,144.7,156.1,7.491790151433535,7.491790151433533,-1.3499999999999996,-6.85,0.07194717797914081,-0.079655941723759,8.2,4.75,6.1,15.85,22.7,0.1772110876411983,0.1052639096620575,0.274510890053227,0.354166831776986,16,31
WR,Ricky Pearsall,Matthew Golden,118.3,119.9,10.169649826735762,10.169649826735766,0.22499999999999964,7.960000000000001,-0.1312052960510593,0.013762933684668202,8.185,2.9499999999999997,2.725,19.14,11.18,0.4220803603065008,0.5532856563575601,0.1035086781313945,0.0897457444467263,18,12
RB,AJ Dillon,Brian Robinson Jr.,161.4,164.9,7.481169871794872,7.481169871794872,-1.4249999999999998,-6.759999999999998,0.0706909360137497,-0.12350061384882301,8.184999999999999,1.975,3.4,11.14,17.9,0.3040570480216435,0.2333661120078938,0.0720857113199549,0.1955863251687779,20,45
RB,Kyren Williams,Travis Etienne Jr.,32.2,37.1,13.416324058711414,13.416324058711414,3.0,5.059999999999999,-0.0169292095048465,0.25128008754888553,8.059999999999999,11.5,8.5,27.88,22.82,0.0174515679213266,0.0343807774261731,0.6538921587932139,0.4026120712443284,45,49
WR,Jalen Coker,Calvin Ridley,126.1,130.2,10.169649826735762,10.169649826735766,-1.1000000000000005,-6.739999999999998,0.13826448465795343,-0.10983566110957209,7.839999999999999,5.55,6.65,17.48,24.22,0.5200938710749112,0.3818293864169578,0.1005113761310135,0.2103470372405856,19,39
RB,Isiah Pacheco,Chris Rodriguez Jr.,148.9,160.6,7.491790151433535,7.491790151433536,2.9749999999999996,4.859999999999998,-0.19947800400379478,0.0767482399239415,7.834999999999997,5.725,2.75,19.74,14.88,0.0973584602245659,0.2968364642283607,0.2760115723372355,0.199263332413294,34,24
QB,Drake Maye,Lamar Jackson,49.6,52.8,19.516798543728473,19.516798543728473,0.8350000000000009,-6.875999999999998,-0.025391938016180796,-0.17198280841835145,7.7109999999999985,15.74,14.905,26.284,33.16,0.1024613646037872,0.127853302619968,0.3026015698607917,0.4745843782791431,29,46
RB,Kenny Gainwell,J.K. Dobbins,89.6,91.4,9.4762971493062,9.4762971493062,-6.3500000000000005,-1.2599999999999945,0.22308703562360027,-0.3106858322354402,7.609999999999995,2.8,9.15,18.480000000000004,19.74,0.2527766963346161,0.0296896607110158,0.1626925184393977,0.4733783506748379,49,24
WR,Chris Godwin Jr.,Josh Downs,88.1,92.4,11.063778356464836,11.063778356464836,3.3249999999999993,4.250000000000011,-0.24217352388436567,0.0682618679094733,7.57500000000001,9.1,5.775,23.65000000000001,19.4,0.2208389432558955,0.4630124671402612,0.157173027367108,0.0889111594576347,32,46
TE,Colston Loveland,Tyler Warren,60.8,65.8,11.629775407394895,11.629775407394895,-2.0,5.559999999999999,0.034696774879473105,-0.053536127331553884,7.559999999999999,5.6,7.6,23.619999999999997,18.06,0.1018399493635958,0.0671431744841227,0.3760787760527562,0.4296149033843101,15,17
RB,Tyrone Tracy Jr.,Brian Robinson Jr.,156.1,164.9,7.491790151433533,7.481169871794872,2.6999999999999997,4.800000000000001,-0.1281022023458363,0.15858050660820808,7.5,6.1,3.4,22.7,17.9,0.1052639096620575,0.2333661120078938,0.354166831776986,0.1955863251687779,31,45
RB,Tank Bigsby,Brian Robinson Jr.,155.6,164.9,7.491790151433535,7.481169871794872,-2.0,-5.4999999999999964,0.17910532139579427,-0.07575338270455871,7.4999999999999964,1.4,3.4,12.400000000000002,17.9,0.4124714334036881,0.2333661120078938,0.1198329424642192,0.1955863251687779,35,45
RB,Kenny Gainwell,Rachaad White,89.6,98.0,9.4762971493062,9.4762971493062,-4.4,-3.0999999999999943,0.20019625899940607,-0.22146420258916683,7.499999999999995,2.8,7.2,18.480000000000004,21.58,0.2527766963346161,0.05258043733521,0.1626925184393977,0.3841567210285645,49,49
RB,Blake Corum,Tyjae Spears,121.7,126.9,8.514685960281545,8.371889717425432,-2.6999999999999997,-4.700000000000001,0.2433841989638184,-0.07926078370199009,7.4,2.4,5.1,13.1,17.8,0.3688278737815142,0.1254436748176958,0.1116128532765757,0.1908736369785658,29,41
RB,Jaylen Warren,Rhamondre Stevenson,67.2,72.2,10.925918745824404,10.925918745824406,2.8000000000000007,-4.5199999999999925,-0.0746525572143846,-0.11002695230127979,7.319999999999993,7.9,5.1,17.880000000000006,22.4,0.0720921498536955,0.1467447070680801,0.2973680005427224,0.4073949528440022,48,41
WR,Emeka Egbuka,Tee Higgins,33.7,39.2,14.640219270233928,14.62262584890312,-1.75,-5.440000000000001,0.10285987389958456,-0.011445434015099593,7.190000000000001,5.0,6.75,23.54,28.98,0.3982992996505378,0.2954394257509532,0.198901603225486,0.2103470372405856,17,39
WR,Michael Wilson,Chris Godwin Jr.,87.8,88.1,11.063778356464836,11.063778356464836,-4.0,-3.1500000000000092,0.2510262509729414,-0.03375377532304981,7.150000000000009,5.1,9.1,20.5,23.65000000000001,0.4718651942288369,0.2208389432558955,0.1234192520440582,0.157173027367108,45,32
WR,Rashod Bateman,Malik Washington,148.2,155.7,9.338003994797472,9.338003994797472,-0.17499999999999938,6.91,0.022649691920353265,0.019482002900090098,7.084999999999999,3.9,4.074999999999999,17.32,10.41,0.6194017782484702,0.5967520863281169,0.0819866311198937,0.0625046282198036,39,24
RB,Keaton Mitchell,Brian Robinson Jr.,157.1,164.9,7.491790151433535,7.481169871794872,-0.5249999999999999,-6.549999999999995,0.0706909360137497,-0.08379417031956882,7.074999999999996,2.875,3.4,11.350000000000003,17.9,0.3040570480216435,0.2333661120078938,0.1117921548492091,0.1955863251687779,20,45
RB,Emari Demercado,Kimani Vidal,164.4,172.2,7.481169871794872,7.481169871794872,-0.04999999999999982,-7.0,-0.05524444651760013,-0.11664915175332619,7.05,2.35,2.4,12.7,19.7,0.3488621368502339,0.404106583367834,0.1054438119616522,0.2220929637149784,31,21
QB,Jaxson Dart,Justin Herbert,104.3,108.5,17.634423450195044,17.634423450195044,6.210000000000001,-0.7660000000000018,-0.004927421347865113,0.04113975244558021,6.976000000000003,18.46,12.25,27.144,27.91,0.1341704228365614,0.1390978441844265,0.3916005581595937,0.3504608057140135,12,46
QB,Sam Darnold,Jordan Love,140.1,148.4,15.693481275118744,15.56658179584737,-5.215,-1.7579999999999991,0.060275800177038374,0.01606316409492342,6.972999999999999,8.375,13.59,24.21,25.968,0.2200659603922505,0.1597901602152121,0.3009263597723915,0.2848631956774681,36,47
TE,Kyle Pitts,Harold Fannin Jr.,78.5,81.5,10.353369451689588,10.353369451689588,-3.6499999999999995,-3.2399999999999984,0.0381361214262811,-0.0661882227563027,6.889999999999998,4.55,8.2,15.71,18.95,0.1063533713995833,0.0682172499733022,0.3739083157377378,0.4400965384940405,50,16
TE,Kyle Pitts,Sam LaPorta,78.5,87.6,10.353369451689588,10.353369451689588,-2.3500000000000005,-4.489999999999998,0.0461970386744439,-0.09646046764900379,6.839999999999999,4.55,6.9,15.71,20.2,0.1063533713995833,0.0601563327251394,0.3739083157377378,0.4703687833867416,50,41
RB,Woody Marks,Tank Bigsby,144.7,155.6,7.491790151433535,7.491790151433535,3.35,3.4499999999999975,-0.23526034576248978,0.15467794758900777,6.799999999999997,4.75,1.4,15.85,12.400000000000002,0.1772110876411983,0.4124714334036881,0.274510890053227,0.1198329424642192,16,35
RB,RJ Harvey,Kenny Gainwell,83.1,89.6,9.503735633804158,9.4762971493062,3.2,3.559999999999995,-0.21402981932712267,0.23467210560019058,6.759999999999995,6.0,2.8,22.04,18.480000000000004,0.0387468770074934,0.2527766963346161,0.3973646240395883,0.1626925184393977,17,49
QB,Jaxson Dart,Jared Goff,104.3,105.4,17.634423450195044,17.634423450195044,6.710000000000001,-0.036000000000001364,-0.008169241549995127,0.06161899753806094,6.746000000000002,18.46,11.75,27.144,27.18,0.1341704228365614,0.1423396643865565,0.3916005581595937,0.3299815606215328,12,51
QB,Jalen Hurts,Matthew Stafford,74.6,83.6,17.634423450195044,17.634423450195044,4.165000000000001,2.437999999999999,-0.031723558912116895,0.11438575579885979,6.603,16.37,12.205,29.296,26.858,0.1153121290277705,0.1470356879398874,0.4442455295438107,0.3298597737449509,47,48
RB,Aaron Jones Sr.,Kenny Gainwell,89.4,89.6,9.4762971493062,9.4762971493062,5.8999999999999995,0.6999999999999993,-0.168132068061011,0.2094559794781628,6.599999999999999,8.7,2.8,19.180000000000003,18.480000000000004,0.0846446282736051,0.2527766963346161,0.3721484979175605,0.1626925184393977,40,49
QB,Tyler Shough,Jordan Love,136.7,148.4,15.693481275118744,15.56658179584737,-2.379999999999999,-4.192,0.017234097890625882,0.05699417511611532,6.571999999999999,11.21,13.59,21.776,25.968,0.177024258105838,0.1597901602152121,0.3418573707935834,0.2848631956774681,10,47
WR,Alec Pierce,Courtland Sutton,55.5,59.8,11.761562813732333,11.793181769322151,-6.375,-0.16000000000000014,0.3180314839065068,-0.009911901298475093,6.535,3.6,9.975,20.500000000000004,20.660000000000004,0.5292247323634378,0.211193248456931,0.1234192520440582,0.1333311533425333,45,48
WR,Jalen Nailor,Adonai Mitchell,159.5,160.7,8.413288726154798,8.413288726154798,1.4,5.120000000000003,-0.09287443679513496,0.0,6.520000000000003,3.3,1.9,17.220000000000006,12.100000000000003,0.6092358939518134,0.7021103307469484,0.0856332738677188,0.0856332738677188,25,25
WR,Terry McLaurin,Luther Burden III,42.6,53.4,13.43683780382368,13.553031184920007,3.05,3.4599999999999937,-0.21935094385886703,0.03744013011655689,6.509999999999994,8.75,5.7,22.180000000000003,18.72000000000001,0.2081674797653613,0.4275184236242283,0.1590866190427486,0.1216464889261917,44,13
RB,J.K. Dobbins,Kyle Monangai,91.4,100.1,9.4762971493062,9.4762971493062,4.875000000000001,1.5399999999999991,-0.1475214269301825,0.2460710509213188,6.415,9.15,4.2749999999999995,19.74,18.2,0.0296896607110158,0.1772110876411983,0.4733783506748379,0.2273072997535191,24,16
RB,Brian Robinson Jr.,Samaje Perine,164.9,165.1,7.481169871794872,7.481169871794872,-0.3999999999999999,5.919999999999998,0.019628594916960618,0.1394843841465675,6.3199999999999985,3.4,3.8,17.9,11.98,0.2333661120078938,0.2137375170909332,0.1955863251687779,0.0561019410222104,45,45
RB,Rachaad White,Kyle Monangai,98.0,100.1,9.4762971493062,9.4762971493062,2.9250000000000007,3.379999999999999,-0.1246306503059883,0.15684942127504542,6.305,7.2,4.2749999999999995,21.58,18.2,0.05258043733521,0.1772110876411983,0.3841567210285645,0.2273072997535191,49,16
RB,Emari Demercado,Brian Robinson Jr.,164.4,164.9,7.481169871794872,7.481169871794872,-1.0499999999999998,-5.199999999999999,0.11549602484234006,-0.09014251320712571,6.249999999999999,2.35,3.4,12.7,17.9,0.3488621368502339,0.2333661120078938,0.1054438119616522,0.1955863251687779,31,45
RB,Tony Pollard,Rhamondre Stevenson,63.5,72.2,10.925918745824404,10.925918745824406,2.7250000000000005,-3.489999999999995,-0.1308528165536187,0.006042338610048714,6.214999999999995,7.825,5.1,18.910000000000004,22.4,0.0158918905144614,0.1467447070680801,0.4134372914540509,0.4073949528440022,50,41
RB,Ray Davis,Samaje Perine,161.4,165.1,7.481169871794872,7.481169871794872,-2.3499999999999996,3.7699999999999996,0.18972632964830038,0.1303818869158992,6.119999999999999,1.45,3.8,15.75,11.98,0.4034638467392336,0.2137375170909332,0.1864838279381096,0.0561019410222104,26,45
RB,Bucky Irving,Quinshon Judkins,42.8,49.8,12.035856922066072,12.110070009647217,2.174999999999999,3.9399999999999977,0.043116810004314395,0.16721270097611995,6.114999999999997,8.95,6.775,24.000000000000007,20.06000000000001,0.0876914296661593,0.0445746196618449,0.5224656065434133,0.3552529055672934,27,14
WR,Calvin Ridley,Jauan Jennings,130.2,140.9,10.169649826735766,10.169649826735766,0.9500000000000002,5.1599999999999895,-0.008428592870049711,0.10814918265789339,6.10999999999999,6.65,5.7,24.22,19.06000000000001,0.3818293864169578,0.3902579792870075,0.2103470372405856,0.1021978545826922,39,38
QB,Lamar Jackson,Joe Burrow,52.8,57.8,19.516798543728473,19.516798543728473,1.9849999999999994,4.059999999999995,-0.056541397227024504,0.09745682607685624,6.044999999999995,14.905,12.92,33.16,29.1,0.127853302619968,0.1843946998469925,0.4745843782791431,0.3771275522022869,46,35
WR,Brian Thomas Jr.,Josh Downs,83.0,92.4,11.063778356464836,11.063778356464836,2.125,3.8000000000000007,-0.15808219293303827,0.11461883989022181,5.925000000000001,7.9,5.775,23.2,19.4,0.3049302742072229,0.4630124671402612,0.2035299993478565,0.0889111594576347,31,46
QB,Sam Darnold,Kyler Murray,140.1,145.0,15.693481275118744,15.693481275118744,-5.640000000000001,-0.26800000000000423,0.11900948405329968,0.0030115731501439424,5.908000000000005,8.375,14.015,24.21,24.478000000000005,0.2200659603922505,0.1010564763389508,0.3009263597723915,0.2979147866222476,36,30
QB,Jordan Love,C.J. Stroud,148.4,159.3,15.56658179584737,15.56658179584737,2.5600000000000005,3.3480000000000025,0.009447774466327108,0.03370124801555818,5.908000000000003,13.59,11.03,25.968,22.619999999999997,0.1597901602152121,0.150342385748885,0.2848631956774681,0.2511619476619099,47,46
RB,Keaton Mitchell,Ray Davis,157.1,161.4,7.491790151433535,7.481169871794872,1.425,-4.399999999999997,-0.09940679871759006,-0.07469167308890051,5.824999999999997,2.875,1.45,11.350000000000003,15.75,0.3040570480216435,0.4034638467392336,0.1117921548492091,0.1864838279381096,20,26
RB,Jaylen Warren,Rico Dowdle,67.2,71.3,10.925918745824404,10.925918745824406,3.9000000000000004,-1.8999999999999986,-0.08968624693573601,0.0423987310245052,5.799999999999999,7.9,4.0,17.880000000000006,19.780000000000005,0.0720921498536955,0.1617783967894315,0.2973680005427224,0.2549692695182172,48,49
WR,Kayshon Boutte,Tyquan Thornton,169.6,178.9,7.737402755974184,7.737402755974184,-0.5000000000000004,5.150000000000009,-0.056255625683728216,0.050266221910095096,5.650000000000009,3.65,4.15,18.10000000000001,12.95,0.5737136712209375,0.6299692969046657,0.1286279508728748,0.0783617289627797,27,16
QB,Drake Maye,Joe Burrow,49.6,57.8,19.516798543728473,19.516798543728473,2.8200000000000003,-2.8160000000000025,-0.0819333352432053,-0.07452598234149521,5.636000000000003,15.74,12.92,26.284,29.1,0.1024613646037872,0.1843946998469925,0.3026015698607917,0.3771275522022869,29,35
WR,Chris Godwin Jr.,Jayden Reed,88.1,92.5,11.063778356464836,11.063778356464836,2.0,3.6300000000000097,-0.08793810084215561,0.03399449553521891,5.63000000000001,9.1,7.1,23.65000000000001,20.02,0.2208389432558955,0.3087770440980511,0.157173027367108,0.1231785318318891,32,37
RB,Ty Johnson,Kimani Vidal,167.0,172.2,7.481169871794872,7.481169871794872,-0.10000000000000009,-5.5,-0.025308651198730603,-0.08088887382137089,5.6,2.3,2.4,14.2,19.7,0.3787979321691034,0.404106583367834,0.1412040898936075,0.2220929637149784,36,21
RB,RJ Harvey,Aaron Jones Sr.,83.1,89.4,9.503735633804158,9.4762971493062,-2.6999999999999993,2.859999999999996,-0.045897751266111696,0.025216126122027782,5.559999999999995,6.0,8.7,22.04,19.180000000000003,0.0387468770074934,0.0846446282736051,0.3973646240395883,0.3721484979175605,17,40
QB,Tyler Shough,Kyler Murray,136.7,145.0,15.693481275118744,15.693481275118744,-2.8049999999999997,-2.7020000000000053,0.07596778176688719,0.04394258417133584,5.507000000000005,11.21,14.015,21.776,24.478000000000005,0.177024258105838,0.1010564763389508,0.3418573707935834,0.2979147866222476,10,30
WR,Deebo Samuel Sr.,Khalil Shakir,97.7,101.1,10.82380934425052,10.82380934425052,-1.2750000000000004,4.23,0.006836466521380258,0.1530047104805394,5.505000000000001,6.199999999999999,7.475,23.5,19.27,0.338311836560479,0.3314753700390987,0.25152201094657,0.0985173004660306,42,40
WR,Brian Thomas Jr.,Michael Wilson,83.0,87.8,11.063778356464836,11.063778356464836,2.8000000000000007,2.6999999999999993,-0.16693492002161398,0.08011074730379832,5.5,7.9,5.1,23.2,20.5,0.3049302742072229,0.4718651942288369,0.2035299993478565,0.1234192520440582,31,45
RB,Dylan Sampson,Kimani Vidal,164.1,172.2,7.481169871794872,7.481169871794872,-0.3999999999999999,-5.0899999999999945,-0.05872100269747349,-0.023213615739336696,5.489999999999995,2.0,2.4,14.610000000000005,19.7,0.3453855806703605,0.404106583367834,0.1988793479756417,0.2220929637149784,14,21
RB,RJ Harvey,J.K. Dobbins,83.1,91.4,9.503735633804158,9.4762971493062,-3.1500000000000004,2.3000000000000007,0.0090572162964776,-0.07601372663524963,5.450000000000001,6.0,9.15,22.04,19.74,0.0387468770074934,0.0296896607110158,0.3973646240395883,0.4733783506748379,17,24
RB,Justice Hill,Kimani Vidal,163.6,172.2,7.481169871794872,7.481169871794872,0.6499999999999999,-4.779999999999989,-0.13958766293800728,-0.06784395002654689,5.429999999999989,3.05,2.4,14.92000000000001,19.7,0.2645189204298267,0.404106583367834,0.1542490136884315,0.2220929637149784,39,21
RB,Tyler Allgeier,Kimani Vidal,161.4,172.2,7.481169871794872,7.481169871794872,0.8000000000000003,-4.619999999999997,-0.1737224596424974,-0.0623485837527831,5.419999999999998,3.2,2.4,15.080000000000002,19.7,0.2303841237253366,0.404106583367834,0.1597443799621953,0.2220929637149784,50,21
RB,Aaron Jones Sr.,Kyle Monangai,89.4,100.1,9.4762971493062,9.4762971493062,4.425,0.980000000000004,-0.09256645936759321,0.1448411981640414,5.405000000000004,8.7,4.2749999999999995,19.180000000000003,18.2,0.0846446282736051,0.1772110876411983,0.3721484979175605,0.2273072997535191,40,16
QB,Jayden Daniels,Brock Purdy,71.3,80.1,17.634423450195044,17.634423450195044,2.4450000000000003,2.9579999999999984,-0.0070414484262114885,0.0115561991946726,5.402999999999999,16.18,13.735,29.952,26.994000000000003,0.1421199017708229,0.1491613501970344,0.4036286199027242,0.3920724207080516,23,40
QB,Tyler Shough,Sam Darnold,136.7,140.1,15.693481275118744,15.693481275118744,2.835000000000001,-2.434000000000001,-0.04304170228641249,0.0409310110211919,5.269000000000002,11.21,8.375,21.776,24.21,0.177024258105838,0.2200659603922505,0.3418573707935834,0.3009263597723915,10,36
WR,Ladd McConkey,Jameson Williams,44.2,45.8,13.47914225219603,13.398588111753456,1.625,-3.6099999999999994,-0.052885406300859805,0.010681999045087903,5.234999999999999,7.925,6.3,20.79,24.4,0.27172735782101,0.3246127641218698,0.1782106224960457,0.1675286234509578,32,41
QB,Patrick Mahomes,Jaxson Dart,96.2,104.3,17.634423450195044,17.634423450195044,-5.095000000000001,-0.1339999999999968,-0.04005074490996889,-0.05355210970209312,5.228999999999997,13.365,18.46,27.01,27.144,0.0941196779265925,0.1341704228365614,0.3380484484575006,0.3916005581595937,46,12
WR,Chris Olave,DeVonta Smith,20.1,29.1,15.267492602389275,15.318955655428478,3.825,-1.379999999999992,-0.1058855108401143,0.009178221640430695,5.204999999999992,11.65,7.825,21.97000000000001,23.35,0.1695155961733694,0.2754011070134837,0.1955965292127069,0.1864183075722762,38,46
RB,Tyrone Tracy Jr.,James Conner,156.1,163.1,7.491790151433533,7.481169871794872,-1.950000000000001,-3.2200000000000095,0.055480403145229194,-0.2056170036155585,5.170000000000011,6.1,8.05,22.7,25.92000000000001,0.1052639096620575,0.0497835065168283,0.354166831776986,0.5597838353925445,31,32
RB,Chris Rodriguez Jr.,Kimani Vidal,160.6,172.2,7.491790151433536,7.481169871794872,0.3500000000000001,-4.8199999999999985,-0.10727011913947332,-0.02282963130168439,5.169999999999998,2.75,2.4,14.88,19.7,0.2968364642283607,0.404106583367834,0.199263332413294,0.2220929637149784,24,21
RB,AJ Dillon,Tyler Allgeier,161.4,161.4,7.481169871794872,7.481169871794872,-1.225,-3.9400000000000013,0.07367292429630692,-0.08765866864224038,5.165000000000001,1.975,3.2,11.14,15.080000000000002,0.3040570480216435,0.2303841237253366,0.0720857113199549,0.1597443799621953,20,50
RB,Breece Hall,Travis Etienne Jr.,28.3,37.1,13.416324058711414,13.416324058711414,-0.1999999999999993,4.940000000000001,0.0181996599090369,0.0922767510788195,5.140000000000001,8.3,8.5,27.76,22.82,0.05258043733521,0.0343807774261731,0.4948888223231479,0.4026120712443284,49,49
WR,Garrett Wilson,Emeka Egbuka,28.5,33.7,14.55056921854534,14.640219270233928,4.1,-1.0399999999999991,-0.19790582668902368,-0.031372979774528215,5.139999999999999,9.1,5.0,22.5,23.54,0.2003934729615141,0.3982992996505378,0.1675286234509578,0.198901603225486,41,17
RB,Ray Davis,AJ Dillon,161.4,161.4,7.481169871794872,7.481169871794872,-0.5250000000000001,4.609999999999999,0.09940679871759006,0.1143981166181547,5.135,1.45,1.975,15.75,11.14,0.4034638467392336,0.3040570480216435,0.1864838279381096,0.0720857113199549,26,20
WR,Darnell Mooney,Tyquan Thornton,178.5,178.9,7.737402755974184,7.737402755974184,-0.15000000000000036,4.850000000000001,-0.05691795046208448,0.000724463366837208,5.000000000000002,4.0,4.15,17.8,12.95,0.5730513464425813,0.6299692969046657,0.0790861923296169,0.0783617289627797,41,16
RB,Jordan Mason,Tyjae Spears,122.3,126.9,8.514685960281549,8.371889717425432,-2.3499999999999996,-2.6500000000000004,0.13415361216228572,-0.0496695470849583,5.0,2.75,5.1,15.15,17.8,0.2595972869799815,0.1254436748176958,0.1412040898936075,0.1908736369785658,36,41
WR,Tre Tucker,Jauan Jennings,136.2,140.9,10.169649826735766,10.169649826735766,-1.1500000000000004,-3.8400000000000087,0.19490818824590045,-0.0036805541166615996,4.990000000000009,4.55,5.7,15.22,19.06000000000001,0.585166167532908,0.3902579792870075,0.0985173004660306,0.1021978545826922,40,38
WR,Parker Washington,Jakobi Meyers,75.4,76.1,12.43820922971078,12.43820922971078,-2.874999999999999,-2.1099999999999994,0.1289697691111919,-0.06977056846768241,4.9849999999999985,5.2,8.075,19.14,21.25,0.4043708761246756,0.2754011070134837,0.1003965477521535,0.1701671162198359,29,46
RB,Jaylen Warren,Chuba Hubbard,67.2,74.7,10.925918745824404,10.925918745824406,1.3000000000000007,-3.6799999999999926,-0.058023031206249714,-0.024861018411760527,4.979999999999993,7.9,6.6,17.880000000000006,21.56,0.0720921498536955,0.1301151810599452,0.2973680005427224,0.3222290189544829,48,47
WR,Jameson Williams,Jaylen Waddle,45.8,48.8,13.398588111753456,13.335772575379874,-1.4500000000000002,3.5,0.0384751226898814,0.025239142780368096,4.95,6.3,7.75,24.4,20.9,0.3246127641218698,0.2861376414319884,0.1675286234509578,0.1422894806705897,41,44
QB,Jalen Hurts,Brock Purdy,74.6,80.1,17.634423450195044,17.634423450195044,2.6350000000000016,2.301999999999996,-0.03384922116926389,0.0521731088357591,4.936999999999998,16.37,13.735,29.296,26.994000000000003,0.1153121290277705,0.1491613501970344,0.4442455295438107,0.3920724207080516,47,40
WR,Stefon Diggs,Josh Downs,88.1,92.4,11.063778356464836,11.063778356464836,1.5249999999999995,3.3800000000000026,-0.1247006305797822,0.09308668387299102,4.905000000000002,7.3,5.775,22.78,19.4,0.338311836560479,0.4630124671402612,0.1819978433306257,0.0889111594576347,42,46
RB,Ray Davis,Kimani Vidal,161.4,172.2,7.481169871794872,7.481169871794872,-0.95,-3.9499999999999993,-0.0006427366286004266,-0.03560913577686878,4.8999999999999995,1.45,2.4,15.75,19.7,0.4034638467392336,0.404106583367834,0.1864838279381096,0.2220929637149784,26,21
RB,Woody Marks,Isiah Pacheco,144.7,148.9,7.491790151433535,7.491790151433535,-0.9749999999999996,-3.889999999999999,0.0798526274166324,-0.0015006822840085143,4.864999999999998,4.75,5.725,15.85,19.74,0.1772110876411983,0.0973584602245659,0.274510890053227,0.2760115723372355,16,34
RB,AJ Dillon,Justice Hill,161.4,163.6,7.481169871794872,7.481169871794872,-1.0749999999999997,-3.78000000000001,0.039538127591816796,-0.08216330236847659,4.855000000000009,1.975,3.05,11.14,14.92000000000001,0.3040570480216435,0.2645189204298267,0.0720857113199549,0.1542490136884315,20,39
RB,Brian Robinson Jr.,Ty Johnson,164.9,167.0,7.481169871794872,7.481169871794872,1.1,3.6999999999999993,-0.1454318201612096,0.054382235275170415,4.799999999999999,3.4,2.3,17.9,14.2,0.2333661120078938,0.3787979321691034,0.1955863251687779,0.1412040898936075,45,36
WR,Rashid Shaheed,Calvin Ridley,119.0,130.2,10.169649826735766,10.169649826735766,-0.5,-4.239999999999995,0.01246564181309412,-0.08229342514087079,4.739999999999995,6.15,6.65,19.980000000000004,24.22,0.3942950282300519,0.3818293864169578,0.1280536120997148,0.2103470372405856,35,39
RB,Tony Pollard,Rico Dowdle,63.5,71.3,10.925918745824404,10.925918745824406,3.825,-0.870000000000001,-0.1458865062749701,0.1584680219358337,4.695000000000001,7.825,4.0,18.910000000000004,19.780000000000005,0.0158918905144614,0.1617783967894315,0.4134372914540509,0.2549692695182172,50,49
RB,Dylan Sampson,Brian Robinson Jr.,164.1,164.9,7.481169871794872,7.481169871794872,-1.4,-3.289999999999994,0.1120194686624667,0.003293022806863777,4.689999999999994,2.0,3.4,14.610000000000005,17.9,0.3453855806703605,0.2333661120078938,0.1988793479756417,0.1955863251687779,14,45
WR,Terry McLaurin,Jameson Williams,42.6,45.8,13.43683780382368,13.398588111753456,2.45,-2.2199999999999953,-0.1164452843565085,-0.008442004408209192,4.6699999999999955,8.75,6.3,22.180000000000003,24.4,0.2081674797653613,0.3246127641218698,0.1590866190427486,0.1675286234509578,44,41
QB,Daniel Jones,C.J. Stroud,158.5,159.3,15.56658179584737,15.56658179584737,-3.869999999999999,0.7960000000000029,0.07723707956047798,0.06717158129927697,4.666000000000002,7.16,11.03,23.416,22.619999999999997,0.227579465309363,0.150342385748885,0.3183335289611869,0.2511619476619099,29,46
RB,Chris Rodriguez Jr.,AJ Dillon,160.6,161.4,7.491790151433536,7.481169871794872,0.7749999999999999,3.74,-0.007220583793282831,0.12717762109333908,4.515000000000001,2.75,1.975,14.88,11.14,0.2968364642283607,0.3040570480216435,0.199263332413294,0.0720857113199549,24,20
WR,Michael Wilson,Stefon Diggs,87.8,88.1,11.063778356464836,11.063778356464836,-2.2,-2.280000000000001,0.1335533576683579,-0.05857859128656752,4.480000000000001,5.1,7.3,20.5,22.78,0.4718651942288369,0.338311836560479,0.1234192520440582,0.1819978433306257,45,42
RB,Tank Bigsby,Tyler Allgeier,155.6,161.4,7.491790151433535,7.481169871794872,-1.8000000000000003,-2.6799999999999997,0.1820873096783515,-0.039911437497976085,4.48,1.4,3.2,12.400000000000002,15.080000000000002,0.4124714334036881,0.2303841237253366,0.1198329424642192,0.1597443799621953,35,50
WR,Dontayvion Wicks,Darnell Mooney,174.3,178.5,7.737402755974184,7.737402755974184,-0.6499999999999999,-3.809999999999997,-0.00902607870082417,0.019431108136413702,4.459999999999997,3.35,4.0,13.990000000000004,17.8,0.5640252677417571,0.5730513464425813,0.0985173004660306,0.0790861923296169,40,41
RB,Dylan Sampson,Samaje Perine,164.1,165.1,7.481169871794872,7.481169871794872,-1.7999999999999998,2.6300000000000043,0.13164806357942732,0.14277740695343127,4.430000000000004,2.0,3.8,14.610000000000005,11.98,0.3453855806703605,0.2137375170909332,0.1988793479756417,0.0561019410222104,14,45
TE,T.J. Hockenson,Juwan Johnson,153.1,160.3,9.359024349638846,9.359024349638846,1.1499999999999995,3.2800000000000047,-0.0483007611497325,0.017918154516472717,4.430000000000004,5.85,4.7,18.640000000000004,15.36,0.0966458708675493,0.1449466320172818,0.375674155332547,0.3577560008160743,39,45
WR,Jerry Jeudy,Jayden Higgins,133.6,135.6,10.169649826735766,10.169649826735766,-1.8500000000000005,2.58,0.015381187096004778,0.008997805089987404,4.430000000000001,4.25,6.1000000000000005,17.64,15.06,0.4132399290671881,0.3978587419711833,0.0987435495367137,0.0897457444467263,50,12
WR,Deebo Samuel Sr.,Xavier Worthy,97.7,104.4,10.82380934425052,10.82380934425052,0.6999999999999993,3.719999999999999,-0.038512102339397225,0.1286706844325743,4.419999999999998,6.199999999999999,5.5,23.5,19.78,0.338311836560479,0.3768239388998762,0.25152201094657,0.1228513265139957,42,29
WR,Kayshon Boutte,Dontayvion Wicks,169.6,174.3,7.737402755974184,7.737402755974184,0.2999999999999998,4.110000000000005,0.00968840347918043,0.030110650406844186,4.410000000000005,3.65,3.35,18.10000000000001,13.990000000000004,0.5737136712209375,0.5640252677417571,0.1286279508728748,0.0985173004660306,27,40
WR,Jayden Higgins,Jauan Jennings,135.6,140.9,10.169649826735766,10.169649826735766,0.40000000000000036,-4.000000000000009,0.00760076268417581,-0.012452110135965908,4.400000000000009,6.1000000000000005,5.7,15.06,19.06000000000001,0.3978587419711833,0.3902579792870075,0.0897457444467263,0.1021978545826922,12,38
WR,Jordan Addison,Xavier Worthy,102.8,104.4,10.82380934425052,10.82380934425052,1.5,2.900000000000002,-0.08499786594620412,0.03895314461961828,4.400000000000002,7.0,5.5,22.680000000000003,19.78,0.2918260729536721,0.3768239388998762,0.161804471133614,0.1228513265139957,43,29
RB,Rico Dowdle,Chuba Hubbard,71.3,74.7,10.925918745824406,10.925918745824406,-2.5999999999999996,-1.779999999999994,0.0316632157294863,-0.06725974943626573,4.379999999999994,4.0,6.6,19.780000000000005,21.56,0.1617783967894315,0.1301151810599452,0.2549692695182172,0.3222290189544829,49,47
WR,Christian Kirk,Tyquan Thornton,178.4,178.9,7.737402755974184,7.737402755974184,-0.6000000000000005,3.7100000000000044,-0.12920518931694402,-0.0021316886624192927,4.310000000000005,3.55,4.15,16.660000000000004,12.95,0.5007641075877217,0.6299692969046657,0.0762300403003604,0.0783617289627797,30,16
WR,Ladd McConkey,Luther Burden III,44.2,53.4,13.47914225219603,13.553031184920007,2.2249999999999996,2.0699999999999896,-0.15579106580321833,0.056564133569853986,4.294999999999989,7.925,5.7,20.79,18.72000000000001,0.27172735782101,0.4275184236242283,0.1782106224960457,0.1216464889261917,32,13
WR,Ricky Pearsall,Jalen Coker,118.3,126.1,10.169649826735762,10.169649826735762,-2.6,1.6600000000000001,-0.09801351076841042,0.002997302000380994,4.26,2.9499999999999997,5.55,19.14,17.48,0.4220803603065008,0.5200938710749112,0.1035086781313945,0.1005113761310135,18,19
RB,Tank Bigsby,Justice Hill,155.6,163.6,7.491790151433535,7.481169871794872,-1.65,-2.5200000000000085,0.14795251297386136,-0.034416071224212294,4.170000000000009,1.4,3.05,12.400000000000002,14.92000000000001,0.4124714334036881,0.2645189204298267,0.1198329424642192,0.1542490136884315,35,39
RB,Keaton Mitchell,Dylan Sampson,157.1,164.1,7.491790151433535,7.481169871794872,0.875,-3.2600000000000016,-0.041328532648717,-0.0870871931264326,4.135000000000002,2.875,2.0,11.350000000000003,14.610000000000005,0.3040570480216435,0.3453855806703605,0.1117921548492091,0.1988793479756417,20,14
RB,Ray Davis,Brian Robinson Jr.,161.4,164.9,7.481169871794872,7.481169871794872,-1.95,-2.1499999999999986,0.17009773473133977,-0.009102497230668305,4.099999999999999,1.45,3.4,15.75,17.9,0.4034638467392336,0.2333661120078938,0.1864838279381096,0.1955863251687779,26,45
RB,D'Andre Swift,Quinshon Judkins,44.4,49.8,12.03585692206607,12.110070009647217,2.2249999999999996,1.8399999999999892,0.008005817673365098,0.10272521632432674,4.064999999999989,9.0,6.775,21.9,20.06000000000001,0.05258043733521,0.0445746196618449,0.4579781218916201,0.3552529055672934,49,14
RB,Keaton Mitchell,Tyler Allgeier,157.1,161.4,7.491790151433535,7.481169871794872,-0.3250000000000002,-3.7299999999999986,0.07367292429630692,-0.04795222511298619,4.054999999999999,2.875,3.2,11.350000000000003,15.080000000000002,0.3040570480216435,0.2303841237253366,0.1117921548492091,0.1597443799621953,20,50
WR,Ricky Pearsall,Rashid Shaheed,118.3,119.0,10.169649826735762,10.169649826735766,-3.2000000000000006,-0.8400000000000034,0.0277853320764489,-0.024544933968320304,4.0400000000000045,2.9499999999999997,6.15,19.14,19.980000000000004,0.4220803603065008,0.3942950282300519,0.1035086781313945,0.1280536120997148,18,35
WR,Brian Thomas Jr.,Jayden Reed,83.0,92.5,11.063778356464836,11.063778356464836,0.8000000000000007,3.1799999999999997,-0.0038467698908282166,0.08035146751596742,3.9800000000000004,7.9,7.1,23.2,20.02,0.3049302742072229,0.3087770440980511,0.2035299993478565,0.1231785318318891,31,37
RB,Ray Davis,Emari Demercado,161.4,164.4,7.481169871794872,7.481169871794872,-0.9000000000000001,3.0500000000000007,0.054601709888999705,0.08104001597645741,3.950000000000001,1.45,2.35,15.75,12.7,0.4034638467392336,0.3488621368502339,0.1864838279381096,0.1054438119616522,26,31
RB,Chris Rodriguez Jr.,Samaje Perine,160.6,165.1,7.491790151433536,7.481169871794872,-1.0499999999999998,2.9000000000000004,0.08309894713742749,0.14316139139108358,3.95,2.75,3.8,14.88,11.98,0.2968364642283607,0.2137375170909332,0.199263332413294,0.0561019410222104,24,45
TE,Dalton Kincaid,Hunter Henry,153.4,158.1,9.359024349638846,9.359024349638846,1.8500000000000005,-2.049999999999997,-0.037858873180455305,-0.04611503123011329,3.8999999999999977,5.65,3.8,16.17,18.22,0.1070877588368265,0.1449466320172818,0.3545058320625316,0.4006208632926449,40,45
RB,Aaron Jones Sr.,Rachaad White,89.4,98.0,9.4762971493062,9.4762971493062,1.4999999999999991,-2.399999999999995,0.0320641909383951,-0.012008223111004024,3.899999999999994,8.7,7.2,19.180000000000003,21.58,0.0846446282736051,0.05258043733521,0.3721484979175605,0.3841567210285645,40,49
WR,Khalil Shakir,Jordan Addison,101.1,102.8,10.82380934425052,10.82380934425052,0.47499999999999964,-3.4100000000000037,0.03964929708542664,-0.06328717066758338,3.8850000000000033,7.475,7.0,19.27,22.680000000000003,0.3314753700390987,0.2918260729536721,0.0985173004660306,0.161804471133614,40,43
RB,Tony Pollard,Chuba Hubbard,63.5,74.7,10.925918745824404,10.925918745824406,1.2250000000000005,-2.649999999999995,-0.11422329054548382,0.09120827249956798,3.8749999999999956,7.825,6.6,18.910000000000004,21.56,0.0158918905144614,0.1301151810599452,0.4134372914540509,0.3222290189544829,50,47
RB,Tank Bigsby,Chris Rodriguez Jr.,155.6,160.6,7.491790151433535,7.491790151433536,-1.35,-2.4799999999999986,0.1156349691753274,-0.0794303899490748,3.8299999999999987,1.4,2.75,12.400000000000002,14.88,0.4124714334036881,0.2968364642283607,0.1198329424642192,0.199263332413294,35,24
RB,J.K. Dobbins,Rachaad White,91.4,98.0,9.4762971493062,9.4762971493062,1.9500000000000002,-1.8399999999999999,-0.022890776624194198,0.08922162964627339,3.79,9.15,7.2,19.74,21.58,0.0296896607110158,0.05258043733521,0.4733783506748379,0.3841567210285645,24,49
TE,Hunter Henry,Juwan Johnson,158.1,160.3,9.359024349638846,9.359024349638846,-0.9000000000000004,2.8599999999999994,0.0,0.04286486247657062,3.76,3.8,4.7,18.22,15.36,0.1449466320172818,0.1449466320172818,0.4006208632926449,0.3577560008160743,45,45
RB,Keaton Mitchell,Justice Hill,157.1,163.6,7.491790151433535,7.481169871794872,-0.17499999999999982,-3.5700000000000074,0.039538127591816796,-0.0424568588392224,3.745000000000007,2.875,3.05,11.350000000000003,14.92000000000001,0.3040570480216435,0.2645189204298267,0.1117921548492091,0.1542490136884315,20,39
RB,Samaje Perine,Ty Johnson,165.1,167.0,7.481169871794872,7.481169871794872,1.5,-2.219999999999999,-0.1650604150781702,-0.0851021488713971,3.719999999999999,3.8,2.3,11.98,14.2,0.2137375170909332,0.3787979321691034,0.0561019410222104,0.1412040898936075,45,36
RB,Rico Dowdle,Rhamondre Stevenson,71.3,72.2,10.925918745824406,10.925918745824406,-1.0999999999999996,-2.619999999999994,0.015033689721351412,-0.152425683325785,3.7199999999999935,4.0,5.1,19.780000000000005,22.4,0.1617783967894315,0.1467447070680801,0.2549692695182172,0.4073949528440022,49,41
RB,Tyler Allgeier,Samaje Perine,161.4,165.1,7.481169871794872,7.481169871794872,-0.5999999999999996,3.1000000000000014,0.0166466066344034,0.10364243893998488,3.700000000000001,3.2,3.8,15.080000000000002,11.98,0.2303841237253366,0.2137375170909332,0.1597443799621953,0.0561019410222104,50,45
RB,Justice Hill,Samaje Perine,163.6,165.1,7.481169871794872,7.481169871794872,-0.75,2.94000000000001,0.05078140333889353,0.0981470726662211,3.69000000000001,3.05,3.8,14.92000000000001,11.98,0.2645189204298267,0.2137375170909332,0.1542490136884315,0.0561019410222104,39,45
RB,Chris Rodriguez Jr.,Brian Robinson Jr.,160.6,164.9,7.491790151433536,7.481169871794872,-0.6499999999999999,-3.019999999999998,0.06347035222046687,0.003677007244516084,3.6699999999999977,2.75,3.4,14.88,17.9,0.2968364642283607,0.2333661120078938,0.199263332413294,0.1955863251687779,24,45
QB,Patrick Mahomes,Caleb Williams,96.2,106.4,17.634423450195044,17.634423450195044,3.33,0.3380000000000045,-0.0796733880732979,-0.015409951450081116,3.6680000000000046,13.365,10.035,27.01,26.671999999999997,0.0941196779265925,0.1737930659998904,0.3380484484575006,0.3534583999075817,46,34
RB,Keaton Mitchell,Chris Rodriguez Jr.,157.1,160.6,7.491790151433535,7.491790151433536,0.125,-3.5299999999999976,0.007220583793282831,-0.0874711775640849,3.6549999999999976,2.875,2.75,11.350000000000003,14.88,0.3040570480216435,0.2968364642283607,0.1117921548492091,0.199263332413294,20,24
WR,Romeo Doubs,Ricky Pearsall,111.1,118.3,10.169649826735766,10.169649826735762,3.0500000000000003,-0.5800000000000018,-0.04581439630199863,-0.0461680478232328,3.630000000000002,6.0,2.9499999999999997,18.56,19.14,0.3762659640045022,0.4220803603065008,0.0573406303081617,0.1035086781313945,45,18
RB,AJ Dillon,Dylan Sampson,161.4,164.1,7.481169871794872,7.481169871794872,-0.02499999999999991,-3.470000000000004,-0.041328532648717,-0.12679363665568677,3.495000000000004,1.975,2.0,11.14,14.610000000000005,0.3040570480216435,0.3453855806703605,0.0720857113199549,0.1988793479756417,20,14
QB,Matthew Stafford,Trevor Lawrence,83.6,90.4,17.634423450195044,17.634423450195044,-1.625,1.8499999999999979,0.003081755836758293,0.01741382483326298,3.474999999999998,12.205,13.83,26.858,25.008000000000003,0.1470356879398874,0.1439539321031291,0.3298597737449509,0.3124459489116879,48,43
QB,Caleb Williams,Justin Herbert,106.4,108.5,17.634423450195044,17.634423450195044,-2.215,-1.238000000000003,0.03469522181546389,0.0029975941935682093,3.453000000000003,10.035,12.25,26.671999999999997,27.91,0.1737930659998904,0.1390978441844265,0.3534583999075817,0.3504608057140135,34,46
WR,Marvin Harrison Jr.,DK Metcalf,63.9,65.1,12.853924073475545,12.85392407347555,-2.8500000000000005,-0.5999999999999943,0.18751289342317135,-0.011991441021752508,3.449999999999995,5.2,8.05,19.800000000000004,20.4,0.4441528644239772,0.2566399710008059,0.1256732924932029,0.1376647335149554,28,46
RB,Keaton Mitchell,Ty Johnson,157.1,167.0,7.491790151433535,7.481169871794872,0.5750000000000002,-2.849999999999996,-0.07474088414745989,-0.029411935044398402,3.4249999999999963,2.875,2.3,11.350000000000003,14.2,0.3040570480216435,0.3787979321691034,0.1117921548492091,0.1412040898936075,20,36
RB,Tank Bigsby,Ray Davis,155.6,161.4,7.491790151433535,7.481169871794872,-0.050000000000000044,-3.349999999999998,0.009007586664454503,-0.0666508854738904,3.3999999999999977,1.4,1.45,12.400000000000002,15.75,0.4124714334036881,0.4034638467392336,0.1198329424642192,0.1864838279381096,35,26
RB,AJ Dillon,Ty Johnson,161.4,167.0,7.481169871794872,7.481169871794872,-0.32499999999999973,-3.0599999999999987,-0.07474088414745989,-0.06911837857365259,3.3849999999999985,1.975,2.3,11.14,14.2,0.3040570480216435,0.3787979321691034,0.0720857113199549,0.1412040898936075,20,36
RB,Isiah Pacheco,Tyrone Tracy Jr.,148.9,156.1,7.491790151433535,7.491790151433533,-0.375,-2.960000000000001,-0.007905449437491593,-0.07815525943975049,3.335000000000001,5.725,6.1,19.74,22.7,0.0973584602245659,0.1052639096620575,0.2760115723372355,0.354166831776986,34,31
RB,Justice Hill,Brian Robinson Jr.,163.6,164.9,7.481169871794872,7.481169871794872,-0.3500000000000001,-2.979999999999988,0.03115280842193291,-0.04133731148034642,3.329999999999988,3.05,3.4,14.92000000000001,17.9,0.2645189204298267,0.2333661120078938,0.1542490136884315,0.1955863251687779,39,45
RB,Breece Hall,Kyren Williams,28.3,32.2,13.416324058711414,13.416324058711414,-3.1999999999999993,-0.11999999999999744,0.0351288694138834,-0.15900333647006604,3.3199999999999967,8.3,11.5,27.76,27.88,0.05258043733521,0.0174515679213266,0.4948888223231479,0.6538921587932139,49,45
WR,DJ Moore,Mike Evans,51.3,60.0,13.935392349187874,13.822567390523623,-2.2,-1.1000000000000085,0.055439855909289903,-0.017799990442724817,3.3000000000000087,7.55,9.75,26.8,27.90000000000001,0.2860868111607397,0.2306469552514498,0.2475586494210145,0.2653586398637393,51,39
RB,James Cook III,Derrick Henry,15.1,16.1,15.489914098050289,15.48991409805029,-1.9250000000000007,1.370000000000001,-0.034527990311896906,-0.11561765311389438,3.2950000000000017,8.725,10.65,27.67,26.3,0.0337662432820343,0.0682942335939312,0.5040419027011422,0.6196595558150366,50,51
WR,Jalen Coker,Tre Tucker,126.1,136.2,10.169649826735762,10.169649826735766,1.0,2.26,-0.06507229645799673,0.0019940756649829,3.26,5.55,4.55,17.48,15.22,0.5200938710749112,0.585166167532908,0.1005113761310135,0.0985173004660306,19,40
RB,Tyler Allgeier,Emari Demercado,161.4,164.4,7.481169871794872,7.481169871794872,0.8500000000000001,2.3800000000000026,-0.11847801312489728,0.05430056800054309,3.2300000000000026,3.2,2.35,15.080000000000002,12.7,0.2303841237253366,0.3488621368502339,0.1597443799621953,0.1054438119616522,50,31
WR,Kayshon Boutte,Ryan Flournoy,169.6,176.7,7.737402755974184,7.737402755974184,-0.125,3.000000000000009,0.029575108921566895,0.018554368734972695,3.125000000000009,3.65,3.775,18.10000000000001,15.1,0.5737136712209375,0.5441385622993706,0.1286279508728748,0.1100735821379021,27,16
WR,Rashid Shaheed,Jalen Coker,119.0,126.1,10.169649826735766,10.169649826735762,0.6000000000000005,2.5000000000000036,-0.12579884284485932,0.027542235968701298,3.100000000000004,6.15,5.55,19.980000000000004,17.48,0.3942950282300519,0.5200938710749112,0.1280536120997148,0.1005113761310135,35,19
RB,Tyler Allgeier,Brian Robinson Jr.,161.4,164.9,7.481169871794872,7.481169871794872,-0.19999999999999973,-2.8199999999999967,-0.0029819882825572186,-0.035841945206582626,3.0199999999999965,3.2,3.4,15.080000000000002,17.9,0.2303841237253366,0.2333661120078938,0.1597443799621953,0.1955863251687779,50,45
WR,Jalen Coker,Jayden Higgins,126.1,135.6,10.169649826735762,10.169649826735766,-0.5500000000000007,2.42,0.12223512910372791,0.010765631684287208,2.9700000000000006,5.55,6.1000000000000005,17.48,15.06,0.5200938710749112,0.3978587419711833,0.1005113761310135,0.0897457444467263,19,12
WR,Stefon Diggs,Jayden Reed,88.1,92.5,11.063778356464836,11.063778356464836,0.20000000000000018,2.7600000000000016,0.02953479246242785,0.05881931149873662,2.9600000000000017,7.3,7.1,22.78,20.02,0.338311836560479,0.3087770440980511,0.1819978433306257,0.1231785318318891,42,37
WR,Ryan Flournoy,Darnell Mooney,176.7,178.5,7.737402755974184,7.737402755974184,-0.2250000000000001,-2.700000000000001,-0.028912784143210635,0.030987389808285193,2.925000000000001,3.775,4.0,15.1,17.8,0.5441385622993706,0.5730513464425813,0.1100735821379021,0.0790861923296169,16,41
RB,Justice Hill,Emari Demercado,163.6,164.4,7.481169871794872,7.481169871794872,0.6999999999999997,2.2200000000000113,-0.08434321642040715,0.048805201726779296,2.920000000000011,3.05,2.35,14.92000000000001,12.7,0.2645189204298267,0.3488621368502339,0.1542490136884315,0.1054438119616522,39,31
WR,Marvin Harrison Jr.,Michael Pittman Jr.,63.9,72.2,12.853924073475545,12.739458663273,-2.0,-0.9199999999999946,0.14790341407989693,-0.021087518315708126,2.9199999999999946,5.2,7.2,19.800000000000004,20.72,0.4441528644239772,0.2962494503440803,0.1256732924932029,0.146760810808911,28,49
WR,Jerry Jeudy,Jauan Jennings,133.6,140.9,10.169649826735766,10.169649826735766,-1.4500000000000002,-1.4200000000000088,0.02298194978018059,-0.0034543050459785035,2.870000000000009,4.25,5.7,17.64,19.06000000000001,0.4132399290671881,0.3902579792870075,0.0987435495367137,0.1021978545826922,50,38
WR,Dontayvion Wicks,Christian Kirk,174.3,178.4,7.737402755974184,7.737402755974184,-0.19999999999999973,-2.67,0.06326116015403538,0.022287260165670203,2.8699999999999997,3.35,3.55,13.990000000000004,16.660000000000004,0.5640252677417571,0.5007641075877217,0.0985173004660306,0.0762300403003604,40,30
WR,DK Metcalf,Wan'Dale Robinson,65.1,70.9,12.85392407347555,12.739458663273002,1.25,1.5800000000000018,-0.10576763763835795,0.0341840668206084,2.830000000000002,8.05,6.800000000000001,20.4,18.819999999999997,0.2566399710008059,0.3624076086391638,0.1376647335149554,0.103480666694347,46,47
RB,Tank Bigsby,Samaje Perine,155.6,165.1,7.491790151433535,7.481169871794872,-2.4,0.4200000000000017,0.1987339163127549,0.0637310014420088,2.8200000000000016,1.4,3.8,12.400000000000002,11.98,0.4124714334036881,0.2137375170909332,0.1198329424642192,0.0561019410222104,35,45
RB,Tank Bigsby,Dylan Sampson,155.6,164.1,7.491790151433535,7.481169871794872,-0.6000000000000001,-2.2100000000000026,0.06708585273332757,-0.07904640551142249,2.8100000000000027,1.4,2.0,12.400000000000002,14.610000000000005,0.4124714334036881,0.3453855806703605,0.1198329424642192,0.1988793479756417,35,14
RB,Brian Robinson Jr.,Kimani Vidal,164.9,172.2,7.481169871794872,7.481169871794872,1.0,-1.8000000000000007,-0.1707404713599402,-0.026506638546200473,2.8000000000000007,3.4,2.4,17.9,19.7,0.2333661120078938,0.404106583367834,0.1955863251687779,0.2220929637149784,45,21
TE,T.J. Hockenson,Oronde Gadsden II,153.1,158.6,9.359024349638846,9.359024349638846,1.5499999999999998,1.2399999999999984,0.008186635164460207,-0.020204809194245388,2.7899999999999983,5.85,4.3,18.640000000000004,17.400000000000006,0.0966458708675493,0.0884592357030891,0.375674155332547,0.3958789645267924,39,13
TE,T.J. Hockenson,Dalton Schultz,153.1,157.6,9.359024349638846,9.359024349638846,1.4499999999999993,1.3000000000000007,-0.02129083300507649,0.03725961168137781,2.75,5.85,4.4,18.640000000000004,17.340000000000003,0.0966458708675493,0.1179367038726258,0.375674155332547,0.3384145436511692,39,49
TE,Isaiah Likely,Jake Ferguson,139.2,141.1,10.059453965152493,10.059453965152493,-2.0999999999999996,-0.6200000000000045,0.02921244227655559,-0.06057270571685758,2.720000000000004,3.7,5.8,18.0,18.620000000000005,0.1195217466043992,0.0903093043278436,0.3400481575757873,0.4006208632926449,31,45
WR,Jerry Jeudy,Tre Tucker,133.6,136.2,10.169649826735766,10.169649826735766,-0.2999999999999998,2.42,-0.17192623846571986,0.00022624907068309608,2.7199999999999998,4.25,4.55,17.64,15.22,0.4132399290671881,0.585166167532908,0.0987435495367137,0.0985173004660306,50,40
RB,Zach Charbonnet,Isiah Pacheco,139.1,148.9,7.491790151433535,7.491790151433535,-1.0249999999999995,-1.6799999999999997,0.08261959647390249,-0.07640835346631,2.704999999999999,4.7,5.725,18.06,19.74,0.1799780566984684,0.0973584602245659,0.1996032188709255,0.2760115723372355,49,34
RB,Tank Bigsby,Ty Johnson,155.6,167.0,7.491790151433535,7.481169871794872,-0.8999999999999999,-1.7999999999999972,0.03367350123458468,-0.021371147429388296,2.699999999999997,1.4,2.3,12.400000000000002,14.2,0.4124714334036881,0.3787979321691034,0.1198329424642192,0.1412040898936075,35,36
WR,Chris Godwin Jr.,Stefon Diggs,88.1,88.1,11.063778356464836,11.063778356464836,1.7999999999999998,0.8700000000000081,-0.11747289330458346,-0.02482481596351771,2.670000000000008,9.1,7.3,23.65000000000001,22.78,0.2208389432558955,0.338311836560479,0.157173027367108,0.1819978433306257,32,42
TE,T.J. Hockenson,Dalton Kincaid,153.1,153.4,9.359024349638846,9.359024349638846,0.1999999999999993,2.4700000000000024,-0.010441887969277197,0.021168323270015388,2.6700000000000017,5.85,5.65,18.640000000000004,16.17,0.0966458708675493,0.1070877588368265,0.375674155332547,0.3545058320625316,39,40
RB,AJ Dillon,Samaje Perine,161.4,165.1,7.481169871794872,7.481169871794872,-1.8249999999999997,-0.8399999999999999,0.09031953093071032,0.015983770297744504,2.6649999999999996,1.975,3.8,11.14,11.98,0.3040570480216435,0.2137375170909332,0.0720857113199549,0.0561019410222104,20,45
TE,Sam LaPorta,Travis Kelce,87.6,99.6,10.353369451689588,10.353369451689588,-0.6999999999999993,-1.9200000000000017,-0.0272863895985119,-0.03709433073677837,2.620000000000001,6.9,7.6,20.2,22.12,0.0601563327251394,0.0874427223236513,0.4703687833867416,0.50746311412352,41,48
WR,Marvin Harrison Jr.,Wan'Dale Robinson,63.9,70.9,12.853924073475545,12.739458663273002,-1.6000000000000005,0.9800000000000075,0.0817452557848134,0.02219262579885589,2.580000000000008,5.2,6.800000000000001,19.800000000000004,18.819999999999997,0.4441528644239772,0.3624076086391638,0.1256732924932029,0.103480666694347,28,47
TE,Dalton Kincaid,Oronde Gadsden II,153.4,158.6,9.359024349638846,9.359024349638846,1.3500000000000005,-1.230000000000004,0.018628523133737404,-0.041373132464260776,2.5800000000000045,5.65,4.3,16.17,17.400000000000006,0.1070877588368265,0.0884592357030891,0.3545058320625316,0.3958789645267924,40,13
RB,Chris Rodriguez Jr.,Emari Demercado,160.6,164.4,7.491790151433536,7.481169871794872,0.3999999999999999,2.1800000000000015,-0.05202567262187319,0.0938195204516418,2.5800000000000014,2.75,2.35,14.88,12.7,0.2968364642283607,0.3488621368502339,0.199263332413294,0.1054438119616522,24,31
TE,Harold Fannin Jr.,Sam LaPorta,81.5,87.6,10.353369451689588,10.353369451689588,1.299999999999999,-1.25,0.008060917248162797,-0.030272244892701083,2.549999999999999,8.2,6.9,18.95,20.2,0.0682172499733022,0.0601563327251394,0.4400965384940405,0.4703687833867416,16,41
WR,Ryan Flournoy,Tyquan Thornton,176.7,178.9,7.737402755974184,7.737402755974184,-0.37500000000000044,2.1500000000000004,-0.08583073460529511,0.0317118531751224,2.525000000000001,3.775,4.15,15.1,12.95,0.5441385622993706,0.6299692969046657,0.1100735821379021,0.0783617289627797,16,16
RB,Tank Bigsby,Keaton Mitchell,155.6,157.1,7.491790151433535,7.491790151433535,-1.475,1.049999999999999,0.10841438538204456,0.008040787615010106,2.524999999999999,1.4,2.875,12.400000000000002,11.350000000000003,0.4124714334036881,0.3040570480216435,0.1198329424642192,0.1117921548492091,35,20
TE,Pat Freiermuth,Hunter Henry,152.0,158.1,9.359024349638846,9.359024349638846,1.3999999999999995,-1.0999999999999943,-0.07168914690122531,-0.08745902136308109,2.499999999999994,5.199999999999999,3.8,17.120000000000005,18.22,0.0732574851160565,0.1449466320172818,0.3131618419295638,0.4006208632926449,39,45
WR,Khalil Shakir,Xavier Worthy,101.1,104.4,10.82380934425052,10.82380934425052,1.9749999999999996,-0.5100000000000016,-0.04534856886077748,-0.0243340260479651,2.485000000000001,7.475,5.5,19.27,19.78,0.3314753700390987,0.3768239388998762,0.0985173004660306,0.1228513265139957,40,29
WR,Michael Wilson,Jayden Reed,87.8,92.5,11.063778356464836,11.063778356464836,-2.0,0.4800000000000004,0.16308815013078576,0.00024072021216910156,2.4800000000000004,5.1,7.1,20.5,20.02,0.4718651942288369,0.3087770440980511,0.1234192520440582,0.1231785318318891,45,37
TE,T.J. Hockenson,Hunter Henry,153.1,158.1,9.359024349638846,9.359024349638846,2.05,0.42000000000000526,-0.0483007611497325,-0.024946707960097902,2.470000000000005,5.85,3.8,18.640000000000004,18.22,0.0966458708675493,0.1449466320172818,0.375674155332547,0.4006208632926449,39,45
QB,Trevor Lawrence,Patrick Mahomes,90.4,96.2,17.634423450195044,17.634423450195044,0.46499999999999986,-2.001999999999999,0.0498342541765366,-0.025602499545812674,2.4669999999999987,13.83,13.365,25.008000000000003,27.01,0.1439539321031291,0.0941196779265925,0.3124459489116879,0.3380484484575006,43,46
TE,Oronde Gadsden II,Juwan Johnson,158.6,160.3,9.359024349638846,9.359024349638846,-0.40000000000000036,2.0400000000000063,-0.05648739631419271,0.038122963710718105,2.4400000000000066,4.3,4.7,17.400000000000006,15.36,0.0884592357030891,0.1449466320172818,0.3958789645267924,0.3577560008160743,13,45
RB,Ray Davis,Justice Hill,161.4,163.6,7.481169871794872,7.481169871794872,-1.5999999999999999,0.8299999999999894,0.13894492630940686,0.03223481424967811,2.429999999999989,1.45,3.05,15.75,14.92000000000001,0.4034638467392336,0.2645189204298267,0.1864838279381096,0.1542490136884315,26,39
TE,Dalton Kincaid,Dalton Schultz,153.4,157.6,9.359024349638846,9.359024349638846,1.25,-1.1700000000000017,-0.010848945035799293,0.016091288411362425,2.4200000000000017,5.65,4.4,16.17,17.340000000000003,0.1070877588368265,0.1179367038726258,0.3545058320625316,0.3384145436511692,40,49
RB,Ray Davis,Tyler Allgeier,161.4,161.4,7.481169871794872,7.481169871794872,-1.7500000000000002,0.6699999999999982,0.17307972301389699,0.02673944797591432,2.419999999999998,1.45,3.2,15.75,15.080000000000002,0.4034638467392336,0.2303841237253366,0.1864838279381096,0.1597443799621953,26,50
WR,Christian Watson,Wan'Dale Robinson,68.7,70.9,12.853924073475545,12.739458663273002,-0.45000000000000107,1.9500000000000064,0.004314265806399653,0.060595914023318403,2.4000000000000075,6.35,6.800000000000001,20.770000000000003,18.819999999999997,0.3667218744455635,0.3624076086391638,0.1640765807176654,0.103480666694347,30,47
RB,Blake Corum,Jordan Mason,121.7,122.3,8.514685960281545,8.514685960281549,-0.3500000000000001,-2.0500000000000007,0.10923058680153269,-0.029591236617031794,2.400000000000001,2.4,2.75,13.1,15.15,0.3688278737815142,0.2595972869799815,0.1116128532765757,0.1412040898936075,29,36
RB,Ray Davis,Ty Johnson,161.4,167.0,7.481169871794872,7.481169871794872,-0.8499999999999999,1.5500000000000007,0.024665914570130176,0.04527973804450211,2.4000000000000004,1.45,2.3,15.75,14.2,0.4034638467392336,0.3787979321691034,0.1864838279381096,0.1412040898936075,26,36
RB,Rhamondre Stevenson,Chuba Hubbard,72.2,74.7,10.925918745824406,10.925918745824406,-1.5,0.8399999999999999,0.016629526008134887,0.08516593388951926,2.34,5.1,6.6,22.4,21.56,0.1467447070680801,0.1301151810599452,0.4073949528440022,0.3222290189544829,41,47
WR,Wan'Dale Robinson,Michael Pittman Jr.,70.9,72.2,12.739458663273002,12.739458663273,-0.39999999999999947,-1.9000000000000021,0.06615815829508354,-0.04328014411456402,2.3000000000000016,6.800000000000001,7.2,18.819999999999997,20.72,0.3624076086391638,0.2962494503440803,0.103480666694347,0.146760810808911,47,49
WR,Terry McLaurin,Jaylen Waddle,42.6,48.8,13.43683780382368,13.335772575379874,1.0,1.2800000000000047,-0.0779701616666271,0.016797138372158904,2.2800000000000047,8.75,7.75,22.180000000000003,20.9,0.2081674797653613,0.2861376414319884,0.1590866190427486,0.1422894806705897,44,44
TE,Dalton Schultz,Juwan Johnson,157.6,160.3,9.359024349638846,9.359024349638846,-0.2999999999999998,1.980000000000004,-0.027009928144656012,-0.019341457164905096,2.280000000000004,4.4,4.7,17.340000000000003,15.36,0.1179367038726258,0.1449466320172818,0.3384145436511692,0.3577560008160743,49,45
RB,Josh Jacobs,Cam Skattebo,24.6,30.6,14.252628131398012,14.169081014677856,-1.25,-1.0300000000000011,-0.0983764512507164,-0.022435865844790626,2.280000000000001,11.0,12.25,25.14,26.17,0.0370801628382873,0.1354566140890037,0.4944814340542797,0.5169172998990703,45,8
RB,Dylan Sampson,Emari Demercado,164.1,164.4,7.481169871794872,7.481169871794872,-0.3500000000000001,1.9100000000000055,-0.003476556179873358,0.09343553601398949,2.2600000000000056,2.0,2.35,14.610000000000005,12.7,0.3453855806703605,0.3488621368502339,0.1988793479756417,0.1054438119616522,14,31
TE,Pat Freiermuth,Juwan Johnson,152.0,160.3,9.359024349638846,9.359024349638846,0.4999999999999991,1.7600000000000051,-0.07168914690122531,-0.04459415888651047,2.2600000000000042,5.199999999999999,4.7,17.120000000000005,15.36,0.0732574851160565,0.1449466320172818,0.3131618419295638,0.3577560008160743,39,45
RB,Zach Charbonnet,Woody Marks,139.1,144.7,7.491790151433535,7.491790151433535,-0.04999999999999982,2.209999999999999,0.0027669690572700856,-0.07490767118230149,2.259999999999999,4.7,4.75,18.06,15.85,0.1799780566984684,0.1772110876411983,0.1996032188709255,0.274510890053227,49,16
QB,Jared Goff,Caleb Williams,105.4,106.4,17.634423450195044,17.634423450195044,1.7149999999999999,0.5080000000000027,-0.031453401613333876,-0.023476839286048934,2.2230000000000025,11.75,10.035,27.18,26.671999999999997,0.1423396643865565,0.1737930659998904,0.3299815606215328,0.3534583999075817,51,34
WR,Terry McLaurin,Ladd McConkey,42.6,44.2,13.43683780382368,13.47914225219603,0.8250000000000002,1.3900000000000041,-0.0635598780556487,-0.019124003453297095,2.2150000000000043,8.75,7.925,22.180000000000003,20.79,0.2081674797653613,0.27172735782101,0.1590866190427486,0.1782106224960457,44,32
QB,Justin Herbert,Bo Nix,108.5,119.7,17.634423450195044,17.614257741334594,-1.125,-1.0799999999999983,0.004300235344193604,0.026171860654007784,2.2049999999999983,12.25,13.375,27.91,28.99,0.1390978441844265,0.1347976088402329,0.3504608057140135,0.3242889450600057,46,34
TE,Pat Freiermuth,T.J. Hockenson,152.0,153.1,9.359024349638846,9.359024349638846,-0.6500000000000004,-1.5199999999999996,-0.02338838575149281,-0.06251231340298319,2.17,5.199999999999999,5.85,17.120000000000005,18.640000000000004,0.0732574851160565,0.0966458708675493,0.3131618419295638,0.375674155332547,39,39
RB,Chris Rodriguez Jr.,Ray Davis,160.6,161.4,7.491790151433536,7.481169871794872,1.3,-0.8699999999999992,-0.10662738251087289,0.012779504475184389,2.169999999999999,2.75,1.45,14.88,15.75,0.2968364642283607,0.4034638467392336,0.199263332413294,0.1864838279381096,24,26
RB,Emari Demercado,Samaje Perine,164.4,165.1,7.481169871794872,7.481169871794872,-1.4499999999999997,0.7199999999999989,0.13512461975930068,0.0493418709394418,2.1699999999999986,2.35,3.8,12.7,11.98,0.3488621368502339,0.2137375170909332,0.1054438119616522,0.0561019410222104,31,45
RB,Bucky Irving,D'Andre Swift,42.8,44.4,12.035856922066072,12.03585692206607,-0.05000000000000071,2.1000000000000085,0.035110992330949296,0.06448748465179321,2.1500000000000092,8.95,9.0,24.000000000000007,21.9,0.0876914296661593,0.05258043733521,0.5224656065434133,0.4579781218916201,27,49
WR,Marvin Harrison Jr.,Christian Watson,63.9,68.7,12.853924073475545,12.853924073475545,-1.1499999999999995,-0.9699999999999989,0.07743098997841374,-0.03840328822446251,2.1199999999999983,5.2,6.35,19.800000000000004,20.770000000000003,0.4441528644239772,0.3667218744455635,0.1256732924932029,0.1640765807176654,28,30
QB,Brock Purdy,Trevor Lawrence,80.1,90.4,17.634423450195044,17.634423450195044,-0.09500000000000064,1.9860000000000007,0.005207418093905292,0.07962647179636367,2.0810000000000013,13.735,13.83,26.994000000000003,25.008000000000003,0.1491613501970344,0.1439539321031291,0.3920724207080516,0.3124459489116879,40,43
WR,DK Metcalf,Christian Watson,65.1,68.7,12.85392407347555,12.853924073475545,1.700000000000001,-0.37000000000000455,-0.1100819034447576,-0.026411847202710004,2.0700000000000056,8.05,6.35,20.4,20.770000000000003,0.2566399710008059,0.3667218744455635,0.1376647335149554,0.1640765807176654,46,30
WR,Josh Downs,Jayden Reed,92.4,92.5,11.063778356464836,11.063778356464836,-1.3249999999999993,-0.620000000000001,0.15423542304221005,-0.034267372374254396,1.9450000000000003,5.775,7.1,19.4,20.02,0.4630124671402612,0.3087770440980511,0.0889111594576347,0.1231785318318891,46,37
RB,AJ Dillon,Emari Demercado,161.4,164.4,7.481169871794872,7.481169871794872,-0.375,-1.5599999999999987,-0.044805088828590356,-0.033358100641697294,1.9349999999999987,1.975,2.35,11.14,12.7,0.3040570480216435,0.3488621368502339,0.0720857113199549,0.1054438119616522,20,31
QB,Kyler Murray,Jordan Love,145.0,148.4,15.693481275118744,15.56658179584737,0.4250000000000007,-1.4899999999999949,-0.05873368387626131,0.013051590944779479,1.9149999999999956,14.015,13.59,24.478000000000005,25.968,0.1010564763389508,0.1597901602152121,0.2979147866222476,0.2848631956774681,30,47
RB,Keaton Mitchell,Emari Demercado,157.1,164.4,7.491790151433535,7.481169871794872,0.5249999999999999,-1.349999999999996,-0.044805088828590356,0.006348342887556896,1.874999999999996,2.875,2.35,11.350000000000003,12.7,0.3040570480216435,0.3488621368502339,0.1117921548492091,0.1054438119616522,20,31
WR,Dontayvion Wicks,Tyquan Thornton,174.3,178.9,7.737402755974184,7.737402755974184,-0.8000000000000003,1.0400000000000045,-0.06594402916290865,0.02015557150325091,1.8400000000000047,3.35,4.15,13.990000000000004,12.95,0.5640252677417571,0.6299692969046657,0.0985173004660306,0.0783617289627797,40,16
RB,Tank Bigsby,AJ Dillon,155.6,161.4,7.491790151433535,7.481169871794872,-0.5750000000000002,1.2600000000000016,0.10841438538204456,0.047747231144264296,1.8350000000000017,1.4,1.975,12.400000000000002,11.14,0.4124714334036881,0.3040570480216435,0.1198329424642192,0.0720857113199549,35,20
TE,Mark Andrews,Isaiah Likely,138.6,139.2,10.059453965152493,10.059453965152493,0.8999999999999995,0.8999999999999986,-0.03651154326950269,0.08485739657584529,1.799999999999998,4.6,3.7,18.9,18.0,0.0830102033348965,0.1195217466043992,0.4249055541516326,0.3400481575757873,41,31
WR,Ryan Flournoy,Christian Kirk,176.7,178.4,7.737402755974184,7.737402755974184,0.2250000000000001,-1.560000000000004,0.04337445471164891,0.033843541837541694,1.7850000000000041,3.775,3.55,15.1,16.660000000000004,0.5441385622993706,0.5007641075877217,0.1100735821379021,0.0762300403003604,16,30
QB,Patrick Mahomes,Jared Goff,96.2,105.4,17.634423450195044,17.634423450195044,1.6150000000000002,-0.16999999999999815,-0.04821998645996402,0.008066887835967818,1.7849999999999984,13.365,11.75,27.01,27.18,0.0941196779265925,0.1423396643865565,0.3380484484575006,0.3299815606215328,46,51
RB,Tyler Allgeier,Ty Johnson,161.4,167.0,7.481169871794872,7.481169871794872,0.9000000000000004,0.8800000000000026,-0.1484138084437668,0.01854029006858779,1.780000000000003,3.2,2.3,15.080000000000002,14.2,0.2303841237253366,0.3787979321691034,0.1597443799621953,0.1412040898936075,50,36
WR,Michael Wilson,Josh Downs,87.8,92.4,11.063778356464836,11.063778356464836,-0.6750000000000007,1.1000000000000014,0.008852727088575707,0.0345080925864235,1.7750000000000021,5.1,5.775,20.5,19.4,0.4718651942288369,0.4630124671402612,0.1234192520440582,0.0889111594576347,45,46
TE,Dalton Kincaid,Juwan Johnson,153.4,160.3,9.359024349638846,9.359024349638846,0.9500000000000002,0.8100000000000023,-0.037858873180455305,-0.0032501687535426704,1.7600000000000025,5.65,4.7,16.17,15.36,0.1070877588368265,0.1449466320172818,0.3545058320625316,0.3577560008160743,40,45
RB,Kenny Gainwell,Kyle Monangai,89.6,100.1,9.4762971493062,9.4762971493062,-1.4749999999999996,0.2800000000000047,0.07556560869341777,-0.0646147813141214,1.7550000000000043,2.8,4.2749999999999995,18.480000000000004,18.2,0.2527766963346161,0.1772110876411983,0.1626925184393977,0.2273072997535191,49,16
WR,Jayden Higgins,Tre Tucker,135.6,136.2,10.169649826735766,10.169649826735766,1.5500000000000007,-0.16000000000000014,-0.18730742556172464,-0.008771556019304308,1.7100000000000009,6.1000000000000005,4.55,15.06,15.22,0.3978587419711833,0.585166167532908,0.0897457444467263,0.0985173004660306,12,40
RB,Ray Davis,Dylan Sampson,161.4,164.1,7.481169871794872,7.481169871794872,-0.55,1.1399999999999952,0.05807826606887306,-0.012395520037532082,1.6899999999999953,1.45,2.0,15.75,14.610000000000005,0.4034638467392336,0.3453855806703605,0.1864838279381096,0.1988793479756417,26,14
RB,Tyler Allgeier,Dylan Sampson,161.4,164.1,7.481169871794872,7.481169871794872,1.2000000000000002,0.4699999999999971,-0.11500145694502392,-0.0391349680134464,1.6699999999999973,3.2,2.0,15.080000000000002,14.610000000000005,0.2303841237253366,0.3453855806703605,0.1597443799621953,0.1988793479756417,50,14
QB,Brock Purdy,Matthew Stafford,80.1,83.6,17.634423450195044,17.634423450195044,1.5299999999999994,0.13600000000000279,0.0021256622571469985,0.06221264696310069,1.6660000000000021,13.735,12.205,26.994000000000003,26.858,0.1491613501970344,0.1470356879398874,0.3920724207080516,0.3298597737449509,40,48
WR,Brian Thomas Jr.,Chris Godwin Jr.,83.0,88.1,11.063778356464836,11.063778356464836,-1.1999999999999993,-0.45000000000000995,0.0840913309513274,0.04635697198074851,1.6500000000000092,7.9,9.1,23.2,23.65000000000001,0.3049302742072229,0.2208389432558955,0.2035299993478565,0.157173027367108,31,32
WR,Deebo Samuel Sr.,Jordan Addison,97.7,102.8,10.82380934425052,10.82380934425052,-0.8000000000000007,0.8199999999999967,0.046485763606806896,0.08971753981295602,1.6199999999999974,6.199999999999999,7.0,23.5,22.680000000000003,0.338311836560479,0.2918260729536721,0.25152201094657,0.161804471133614,42,43
WR,Christian Kirk,Darnell Mooney,178.4,178.5,7.737402755974184,7.737402755974184,-0.4500000000000002,-1.139999999999997,-0.07228723885485955,-0.0028561520292565007,1.5899999999999972,3.55,4.0,16.660000000000004,17.8,0.5007641075877217,0.5730513464425813,0.0762300403003604,0.0790861923296169,30,41
WR,Romeo Doubs,Rashid Shaheed,111.1,119.0,10.169649826735766,10.169649826735766,-0.15000000000000036,-1.4200000000000053,-0.01802906422554973,-0.07071298179155311,1.5700000000000056,6.0,6.15,18.56,19.980000000000004,0.3762659640045022,0.3942950282300519,0.0573406303081617,0.1280536120997148,45,35
RB,Keaton Mitchell,Samaje Perine,157.1,165.1,7.491790151433535,7.481169871794872,-0.9249999999999998,-0.6299999999999972,0.09031953093071032,0.055690213826998694,1.554999999999997,2.875,3.8,11.350000000000003,11.98,0.3040570480216435,0.2137375170909332,0.1117921548492091,0.0561019410222104,20,45
RB,Emari Demercado,Ty Johnson,164.4,167.0,7.481169871794872,7.481169871794872,0.050000000000000266,-1.5,-0.02993579531886953,-0.0357602779319553,1.5500000000000003,2.35,2.3,12.7,14.2,0.3488621368502339,0.3787979321691034,0.1054438119616522,0.1412040898936075,31,36
WR,Kayshon Boutte,Christian Kirk,169.6,178.4,7.737402755974184,7.737402755974184,0.10000000000000009,1.4400000000000048,0.07294956363321581,0.05239791057251439,1.540000000000005,3.65,3.55,18.10000000000001,16.660000000000004,0.5737136712209375,0.5007641075877217,0.1286279508728748,0.0762300403003604,27,30
WR,Dontayvion Wicks,Ryan Flournoy,174.3,176.7,7.737402755974184,7.737402755974184,-0.4249999999999998,-1.1099999999999959,0.019886705442386465,-0.01155628167187149,1.5349999999999957,3.35,3.775,13.990000000000004,15.1,0.5640252677417571,0.5441385622993706,0.0985173004660306,0.1100735821379021,40,16
TE,Dalton Schultz,Hunter Henry,157.6,158.1,9.359024349638846,9.359024349638846,0.6000000000000005,-0.8799999999999955,-0.027009928144656012,-0.062206319641475716,1.479999999999996,4.4,3.8,17.340000000000003,18.22,0.1179367038726258,0.1449466320172818,0.3384145436511692,0.4006208632926449,49,45
TE,Mark Andrews,Jake Ferguson,138.6,141.1,10.059453965152493,10.059453965152493,-1.2000000000000002,0.27999999999999403,-0.007299100992947102,0.024284690858987712,1.4799999999999942,4.6,5.8,18.9,18.620000000000005,0.0830102033348965,0.0903093043278436,0.4249055541516326,0.4006208632926449,41,45
RB,Justice Hill,Ty Johnson,163.6,167.0,7.481169871794872,7.481169871794872,0.75,0.7200000000000113,-0.11427901173927668,0.013044923794823998,1.4700000000000113,3.05,2.3,14.92000000000001,14.2,0.2645189204298267,0.3787979321691034,0.1542490136884315,0.1412040898936075,39,36
WR,Jalen Coker,Jerry Jeudy,126.1,133.6,10.169649826735762,10.169649826735766,1.2999999999999998,-0.16000000000000014,0.10685394200772313,0.001767826594299804,1.46,5.55,4.25,17.48,17.64,0.5200938710749112,0.4132399290671881,0.1005113761310135,0.0987435495367137,19,50
TE,Pat Freiermuth,Dalton Kincaid,152.0,153.4,9.359024349638846,9.359024349638846,-0.45000000000000107,0.9500000000000028,-0.03383027372077001,-0.0413439901329678,1.400000000000004,5.199999999999999,5.65,17.120000000000005,16.17,0.0732574851160565,0.1070877588368265,0.3131618419295638,0.3545058320625316,39,40
RB,Justice Hill,Dylan Sampson,163.6,164.1,7.481169871794872,7.481169871794872,1.0499999999999998,0.3100000000000058,-0.0808666602405338,-0.044630334287210194,1.3600000000000056,3.05,2.0,14.92000000000001,14.610000000000005,0.2645189204298267,0.3453855806703605,0.1542490136884315,0.1988793479756417,39,14
TE,Hunter Henry,Oronde Gadsden II,158.1,158.6,9.359024349638846,9.359024349638846,-0.5,0.8199999999999932,0.05648739631419271,0.004741898765852515,1.3199999999999932,3.8,4.3,18.22,17.400000000000006,0.1449466320172818,0.0884592357030891,0.4006208632926449,0.3958789645267924,45,13
RB,Tank Bigsby,Emari Demercado,155.6,164.4,7.491790151433535,7.481169871794872,-0.9500000000000002,-0.29999999999999716,0.06360929655345421,0.014389130502567002,1.2499999999999973,1.4,2.35,12.400000000000002,12.7,0.4124714334036881,0.3488621368502339,0.1198329424642192,0.1054438119616522,35,31
QB,Jared Goff,Justin Herbert,105.4,108.5,17.634423450195044,17.634423450195044,-0.5,-0.7300000000000004,0.0032418202021300135,-0.020479245092480725,1.2300000000000004,11.75,12.25,27.18,27.91,0.1423396643865565,0.1390978441844265,0.3299815606215328,0.3504608057140135,51,46
QB,Joe Burrow,Dak Prescott,57.8,67.3,19.516798543728473,19.516798543728473,0.4499999999999993,0.7480000000000011,0.026971717002943707,0.008357525205985206,1.1980000000000004,12.92,12.47,29.1,28.352,0.1843946998469925,0.1574229828440488,0.3771275522022869,0.3687700269963017,35,42
TE,Pat Freiermuth,Oronde Gadsden II,152.0,158.6,9.359024349638846,9.359024349638846,0.8999999999999995,-0.28000000000000114,-0.015201750587032603,-0.08271712259722858,1.1800000000000006,5.199999999999999,4.3,17.120000000000005,17.400000000000006,0.0732574851160565,0.0884592357030891,0.3131618419295638,0.3958789645267924,39,13
WR,DK Metcalf,Michael Pittman Jr.,65.1,72.2,12.85392407347555,12.739458663273,0.8500000000000005,-0.3200000000000003,-0.03960947934327441,-0.009096077293955618,1.1700000000000008,8.05,7.2,20.4,20.72,0.2566399710008059,0.2962494503440803,0.1376647335149554,0.146760810808911,46,49
WR,John Metchie III,Matthew Golden,116.3,119.9,10.169649826735766,10.169649826735766,-0.9000000000000001,-0.269999999999996,0.2024671413403597,-0.0329841859807258,1.1699999999999962,1.825,2.725,10.910000000000004,11.18,0.7557527976979198,0.5532856563575601,0.0567615584660005,0.0897457444467263,28,12
RB,Chris Rodriguez Jr.,Ty Johnson,160.6,167.0,7.491790151433536,7.481169871794872,0.4500000000000002,0.6800000000000015,-0.08196146794074272,0.0580592425196865,1.1300000000000017,2.75,2.3,14.88,14.2,0.2968364642283607,0.3787979321691034,0.199263332413294,0.1412040898936075,24,36
RB,Keaton Mitchell,AJ Dillon,157.1,161.4,7.491790151433535,7.481169871794872,0.8999999999999999,0.21000000000000263,0.0,0.03970644352925419,1.1100000000000025,2.875,1.975,11.350000000000003,11.14,0.3040570480216435,0.3040570480216435,0.1117921548492091,0.0720857113199549,20,20
RB,Tony Pollard,Jaylen Warren,63.5,67.2,10.925918745824404,10.925918745824404,-0.07500000000000018,1.0299999999999976,-0.0562002593392341,0.1160692909113285,1.1049999999999978,7.825,7.9,18.910000000000004,17.880000000000006,0.0158918905144614,0.0720921498536955,0.4134372914540509,0.2973680005427224,50,48
WR,Brian Thomas Jr.,Stefon Diggs,83.0,88.1,11.063778356464836,11.063778356464836,0.6000000000000005,0.41999999999999815,-0.03338156235325607,0.021532156017230797,1.0199999999999987,7.9,7.3,23.2,22.78,0.3049302742072229,0.338311836560479,0.2035299993478565,0.1819978433306257,31,42
TE,Pat Freiermuth,Dalton Schultz,152.0,157.6,9.359024349638846,9.359024349638846,0.7999999999999989,-0.21999999999999886,-0.0446792187565693,-0.025252701721605375,1.0199999999999978,5.199999999999999,4.4,17.120000000000005,17.340000000000003,0.0732574851160565,0.1179367038726258,0.3131618419295638,0.3384145436511692,39,49
RB,Chris Rodriguez Jr.,Dylan Sampson,160.6,164.1,7.491790151433536,7.481169871794872,0.75,0.269999999999996,-0.04854911644199983,0.00038398443765230716,1.019999999999996,2.75,2.0,14.88,14.610000000000005,0.2968364642283607,0.3453855806703605,0.199263332413294,0.1988793479756417,24,14
RB,Aaron Jones Sr.,J.K. Dobbins,89.4,91.4,9.4762971493062,9.4762971493062,-0.45000000000000107,-0.5599999999999952,0.054954967562589295,-0.10122985275727742,1.0099999999999962,8.7,9.15,19.180000000000003,19.74,0.0846446282736051,0.0296896607110158,0.3721484979175605,0.4733783506748379,40,24
WR,Christian Watson,Michael Pittman Jr.,68.7,72.2,12.853924073475545,12.739458663273,-0.8500000000000005,0.05000000000000426,0.07047242410148319,0.017315769908754386,0.9000000000000048,6.35,7.2,20.770000000000003,20.72,0.3667218744455635,0.2962494503440803,0.1640765807176654,0.146760810808911,30,49
WR,Zay Flowers,Garrett Wilson,26.6,28.5,14.480727369195373,14.55056921854534,0.625,-0.23999999999999844,0.010799775495416886,0.013021378849191911,0.8649999999999984,9.725,9.1,22.26,22.5,0.211193248456931,0.2003934729615141,0.1805500023001497,0.1675286234509578,48,41
QB,Jayden Daniels,Jalen Hurts,71.3,74.6,17.634423450195044,17.634423450195044,-0.19000000000000128,0.6560000000000024,0.026807772743052405,-0.040616909641086496,0.8460000000000036,16.18,16.37,29.952,29.296,0.1421199017708229,0.1153121290277705,0.4036286199027242,0.4442455295438107,23,47
TE,Travis Kelce,Dallas Goedert,99.6,105.3,10.353369451689588,10.353369451689588,0.5,0.3000000000000078,0.024405081421046998,0.11966797309490557,0.8000000000000078,7.6,7.1,22.12,21.819999999999993,0.0874427223236513,0.0630376409026043,0.50746311412352,0.3877951410286144,48,37
RB,Dylan Sampson,Ty Johnson,164.1,167.0,7.481169871794872,7.481169871794872,-0.2999999999999998,0.41000000000000547,-0.03341235149874289,0.05767525808203419,0.7100000000000053,2.0,2.3,14.610000000000005,14.2,0.3453855806703605,0.3787979321691034,0.1988793479756417,0.1412040898936075,14,36
WR,Kayshon Boutte,Darnell Mooney,169.6,178.5,7.737402755974184,7.737402755974184,-0.3500000000000001,0.3000000000000078,0.0006623247783562602,0.04954175854325789,0.6500000000000079,3.65,4.0,18.10000000000001,17.8,0.5737136712209375,0.5730513464425813,0.1286279508728748,0.0790861923296169,27,41
RB,Chris Rodriguez Jr.,Tyler Allgeier,160.6,161.4,7.491790151433536,7.481169871794872,-0.4500000000000002,-0.20000000000000107,0.0664523405030241,0.03951895245109871,0.6500000000000012,2.75,3.2,14.88,15.080000000000002,0.2968364642283607,0.2303841237253366,0.199263332413294,0.1597443799621953,24,50
RB,Chris Rodriguez Jr.,Justice Hill,160.6,163.6,7.491790151433536,7.481169871794872,-0.2999999999999998,-0.040000000000009805,0.032317543798533965,0.0450143187248625,0.34000000000000963,2.75,3.05,14.88,14.92000000000001,0.2968364642283607,0.2645189204298267,0.199263332413294,0.1542490136884315,24,39
RB,Tyler Allgeier,Justice Hill,161.4,163.6,7.481169871794872,7.481169871794872,0.15000000000000036,0.15999999999999126,-0.03413479670449013,0.005495366273763791,0.3099999999999916,3.2,3.05,15.080000000000002,14.92000000000001,0.2303841237253366,0.2645189204298267,0.1597443799621953,0.1542490136884315,50,39
WR,Ladd McConkey,Jaylen Waddle,44.2,48.8,13.47914225219603,13.335772575379874,0.17499999999999982,-0.10999999999999943,-0.014410283610978403,0.035921141825456,0.28499999999999925,7.925,7.75,20.79,20.9,0.27172735782101,0.2861376414319884,0.1782106224960457,0.1422894806705897,32,44
TE,Dalton Schultz,Oronde Gadsden II,157.6,158.6,9.359024349638846,9.359024349638846,0.10000000000000053,-0.060000000000002274,0.029477468169536697,-0.0574644208756232,0.1600000000000028,4.4,4.3,17.340000000000003,17.400000000000006,0.1179367038726258,0.0884592357030891,0.3384145436511692,0.3958789645267924,49,13
