year,pos,pid,name,adp,E_total
2015,QB,00-0029668,Andrew Luck,16.9,374.4
2015,QB,00-0023459,Aaron Rodgers,27.1,323.6742857142857
2015,QB,00-0010346,Peyton Manning,54.9,283.49724137931037
2015,QB,00-0020531,Drew Brees,56.8,283.49724137931037
2015,QB,00-0022924,Ben Roethlisberger,63.8,283.49724137931037
2015,QB,00-0019596,Tom Brady,67.0,283.49724137931037
2015,QB,00-0029263,Russell Wilson,68.7,283.49724137931037
2015,QB,00-0026143,Matt Ryan,78.2,254.40645161290325
2015,QB,00-0021678,Tony Romo,80.8,254.40645161290325
2015,QB,00-0027854,Sam Bradford,82.1,254.40645161290325
2015,QB,00-0029701,Ryan Tannehill,89.1,253.5566666666667
2015,QB,00-0026498,Matthew Stafford,94.6,236.90638297872346
2015,QB,00-0022803,Eli Manning,105.9,236.90638297872346
2015,QB,00-0022942,Philip Rivers,113.3,236.90638297872346
2015,QB,00-0027939,Cam Newton,119.1,236.90638297872346
2015,QB,00-0031237,Teddy Bridgewater,122.5,236.90638297872346
2015,QB,00-0021429,Carson Palmer,128.4,217.13714285714283
2015,QB,00-0026158,Joe Flacco,146.0,214.70434782608692
2015,QB,00-0027974,Colin Kaepernick,147.5,214.70434782608692
2015,QB,00-0028118,Tyrod Taylor,154.5,203.13666666666668
2015,QB,00-0024226,Jay Cutler,155.7,203.13666666666668
2015,QB,00-0032268,Marcus Mariota,162.6,183.64172839506185
2015,QB,00-0031280,Derek Carr,163.2,177.52024691358048
2015,RB,00-0025394,Adrian Peterson,1.8,249.97714285714287
2015,RB,00-0030496,LeVeon Bell,3.1,249.97714285714287
2015,RB,00-0030485,Eddie Lacy,4.0,249.97714285714287
2015,RB,00-0026213,Jamaal Charles,4.5,249.97714285714287
2015,RB,00-0025399,Marshawn Lynch,8.6,242.76685714285716
2015,RB,00-0029854,CJ Anderson,10.7,223.90742857142854
2015,RB,00-0026184,Matt Forte,13.7,223.90742857142854
2015,RB,00-0031301,Jeremy Hill,14.4,223.90742857142854
2015,RB,00-0028009,DeMarco Murray,17.6,223.90742857142854
2015,RB,00-0026373,Justin Forsett,19.3,196.56
2015,RB,00-0029615,Lamar Miller,22.3,195.47857142857146
2015,RB,00-0027029,LeSean McCoy,24.4,178.5125
2015,RB,00-0023500,Frank Gore,27.7,176.50238095238097
2015,RB,00-0027966,Mark Ingram II,31.0,176.50238095238097
2015,RB,00-0030513,Latavius Murray,33.2,176.50238095238097
2015,RB,00-0026796,Arian Foster,37.5,174.54444444444442
2015,RB,00-0029613,Doug Martin,38.0,174.54444444444442
2015,RB,00-0032104,Ameer Abdullah,41.5,163.7113043478261
2015,RB,00-0030287,Andre Ellington,43.7,163.7113043478261
2015,RB,00-0031045,Carlos Hyde,44.7,163.7113043478261
2015,RB,00-0027531,Chris Ivory,47.6,163.7113043478261
2015,RB,00-0029141,Alfred Morris,48.2,162.24904347826083
2015,RB,00-0032144,Melvin Gordon III,51.8,145.90292682926827
2015,RB,00-0026153,Jonathan Stewart,53.0,145.90292682926827
2015,RB,00-0030388,Joseph Randle,56.6,145.90292682926827
2015,RB,00-0027861,C.J. Spiller,57.9,145.90292682926827
2015,RB,00-0032241,Todd Gurley,60.2,145.90292682926827
2015,RB,00-0032209,TJ Yeldon,63.1,134.94901960784313
2015,RB,00-0027325,LeGarrette Blount,68.5,134.94901960784313
2015,RB,00-0026019,Danny Woodhead,69.0,134.94901960784313
2015,RB,00-0030456,Giovani Bernard,75.5,134.94901960784313
2015,RB,00-0027994,Shane Vereen,77.9,134.94901960784313
2015,RB,00-0027864,Ryan Mathews,78.9,134.94901960784313
2015,RB,00-0027218,Joique Bell,80.5,127.33749999999999
2015,RB,00-0027155,Rashad Jennings,81.7,127.33749999999999
2015,RB,00-0026144,Darren McFadden,84.6,121.0859574468085
2015,RB,00-0031075,Alfred Blue,86.4,121.0859574468085
2015,RB,00-0032058,Tevin Coleman,88.9,121.0859574468085
2015,RB,00-0030656,Isaiah Crowell,95.4,116.12
2015,RB,00-0031285,Devonta Freeman,96.2,116.12
2015,RB,00-0031413,Bishop Sankey,100.2,116.12
2015,RB,00-0032257,Duke Johnson,101.8,116.12
2015,RB,00-0023564,Darren Sproles,106.4,115.74666666666667
2015,RB,00-0031391,Tre Mason,109.0,115.74338192419826
2015,RB,00-0029683,Ronnie Hillman,114.0,115.72367346938776
2015,RB,00-0032187,David Johnson,118.0,115.72367346938776
2015,RB,00-0030280,Knile Davis,121.2,115.72367346938776
2015,RB,00-0031939,Matt Jones,124.4,115.72367346938776
2015,RB,00-0024242,DeAngelo Williams,129.1,91.37666666666668
2015,RB,00-0024217,Reggie Bush,129.5,91.37666666666668
2015,RB,00-0032133,David Cobb,130.4,91.37666666666668
2015,RB,00-0028043,Roy Helu,142.7,91.37666666666668
2015,RB,00-0031599,Cameron Artis-Payne,145.8,91.37666666666668
2015,RB,00-0030432,Christine Michael,148.8,91.37666666666668
2015,RB,00-0024204,Fred Jackson,149.9,91.37666666666668
2015,RB,00-0031390,Charles Sims,150.3,91.37666666666668
2015,RB,00-0029104,Jonas Gray,150.9,91.37666666666668
2015,RB,00-0030547,Denard Robinson,154.2,91.37666666666668
2015,RB,00-0031055,Andre Williams,154.8,91.37666666666668
2015,RB,00-0027791,James Starks,156.5,91.37666666666668
2015,RB,00-0030348,Khiry Robinson,156.8,91.37666666666668
2015,WR,00-0027793,Antonio Brown,2.5,288.20799999999997
2015,WR,00-0027944,Julio Jones,6.2,256.968
2015,WR,00-0027902,Dez Bryant,7.6,256.968
2015,WR,00-0027874,Demaryius Thomas,9.1,256.968
2015,WR,00-0031235,Odell Beckham Jr.,11.4,249.308
2015,WR,00-0025389,Calvin Johnson,13.1,243.41666666666666
2015,WR,00-0028002,Randall Cobb,15.9,229.0190476190476
2015,WR,00-0027942,A.J. Green,16.7,229.0190476190476
2015,WR,00-0031236,Brandin Cooks,20.6,213.5826086956522
2015,WR,00-0029608,T.Y. Hilton,22.8,213.5826086956522
2015,WR,00-0031299,Jordan Matthews,24.4,213.5826086956522
2015,WR,00-0029137,Alshon Jeffery,26.1,211.35005434782607
2015,WR,00-0030564,DeAndre Hopkins,28.7,209.1175
2015,WR,00-0031408,Mike Evans,30.0,209.1175
2015,WR,00-0027685,Emmanuel Sanders,31.9,209.1175
2015,WR,00-0031381,Davante Adams,34.6,207.69696969696966
2015,WR,00-0031382,Jarvis Landry,36.6,207.69696969696966
2015,WR,00-0022044,Andre Johnson,37.7,207.69696969696966
2015,WR,00-0026995,Jeremy Maclin,38.8,207.69696969696966
2015,WR,00-0031544,Amari Cooper,40.8,207.69696969696966
2015,WR,00-0027150,Julian Edelman,41.9,200.16153846153844
2015,WR,00-0027891,Golden Tate,43.5,200.16153846153844
2015,WR,00-0030279,Keenan Allen,48.7,177.45
2015,WR,00-0024334,Brandon Marshall,50.5,173.5090909090909
2015,WR,00-0031428,Allen Robinson II,53.5,163.48588235294116
2015,WR,00-0031549,Nelson Agholor,56.6,163.48588235294116
2015,WR,00-0008454,Charles Johnson,61.6,163.48588235294116
2015,WR,00-0031325,Sammy Watkins,62.5,163.48588235294116
2015,WR,00-0031051,John Brown,64.3,163.48588235294116
2015,WR,00-0031373,Martavis Bryant,67.2,158.68857142857146
2015,WR,00-0023496,Vincent Jackson,70.1,156.90722222222223
2015,WR,00-0020337,Steve Smith,72.1,156.90722222222223
2015,WR,00-0026189,DeSean Jackson,74.0,156.90722222222223
2015,WR,00-0022921,Larry Fitzgerald,84.1,148.57274999999998
2015,WR,00-0026182,Eddie Royal,84.6,148.57274999999998
2015,WR,00-0029708,Kendall Wright,88.0,148.57274999999998
2015,WR,00-0026901,Mike Wallace,89.9,148.57274999999998
2015,WR,00-0027265,Victor Cruz,91.3,148.57274999999998
2015,WR,00-0030460,Markus Wheaton,94.1,148.57274999999998
2015,WR,00-0032055,Devin Funchess,96.1,148.57274999999998
2015,WR,00-0022084,Anquan Boldin,97.3,148.57274999999998
2015,WR,00-0026364,Steve Johnson,101.3,148.57274999999998
2015,WR,00-0027690,Eric Decker,105.3,147.10909090909092
2015,WR,00-0029640,Brian Quick,106.8,147.10909090909092
2015,WR,00-0023462,Roddy White,109.0,141.473125
2015,WR,00-0031547,DeVante Parker,109.5,141.473125
2015,WR,00-0030542,Terrance Williams,112.4,141.473125
2015,WR,00-0024466,Marques Colston,118.3,138.57142857142858
2015,WR,00-0026345,Pierre Garcon,119.3,138.57142857142858
2015,WR,00-0030801,Brandon Coleman,123.6,126.99393939393937
2015,WR,00-0029638,Michael Floyd,126.2,126.99393939393937
2015,WR,00-0032200,Ty Montgomery II,129.5,126.99393939393937
2015,WR,00-0027996,Torrey Smith,130.6,126.99393939393937
2015,WR,00-0029293,Marvin Jones Jr.,133.9,126.99393939393937
2015,WR,00-0026986,Michael Crabtree,135.6,126.99393939393937
2015,WR,00-0027681,Brandon LaFell,139.6,116.22199134199148
2015,WR,00-0032211,Tyler Lockett,140.2,114.42666666666666
2015,WR,00-0032054,Breshad Perriman,145.4,111.872
2015,WR,00-0032218,Dorial Green-Beckham,147.0,111.872
2015,WR,00-0029262,Rueben Randle,147.7,111.872
2015,WR,00-0028434,Doug Baldwin,148.4,111.872
2015,WR,00-0025465,James Jones,153.9,111.872
2015,WR,00-0030821,Allen Hurns,153.9,111.872
2015,WR,00-0032208,Phillip Dorsett,153.9,111.872
2015,WR,00-0026998,Percy Harvin,160.6,106.96206896551725
2015,WR,00-0031344,Cody Latimer,161.0,106.96206896551725
2015,WR,00-0030085,Kenny Stills,162.0,106.96206896551725
2015,WR,00-0031001,Jeff Janis,163.1,106.96206896551725
2015,TE,00-0027656,Rob Gronkowski,10.3,241.42285714285714
2015,TE,00-0027696,Jimmy Graham,33.5,187.46190476190478
2015,TE,00-0025418,Greg Olsen,45.1,187.46190476190478
2015,TE,00-0030506,Travis Kelce,50.6,150.21052631578948
2015,TE,00-0026201,Martellus Bennett,60.3,150.21052631578948
2015,TE,00-0028040,Jordan Cameron,76.9,128.3925925925926
2015,TE,00-0022127,Jason Witten,83.7,128.3925925925926
2015,TE,00-0024313,Owen Daniels,89.7,128.3925925925926
2015,TE,00-0030549,Tyler Eifert,95.5,128.3925925925926
2015,TE,00-0024389,Delanie Walker,98.0,128.3925925925926
2015,TE,00-0027981,Kyle Rudolph,110.5,128.3925925925926
2015,TE,00-0030061,Zach Ertz,126.2,128.3925925925926
2015,TE,00-0028067,Julius Thomas,130.5,128.3925925925926
2015,TE,00-0021547,Antonio Gates,140.4,128.3925925925926
2015,TE,00-0029689,Dwayne Allen,145.1,128.3925925925926
2015,TE,00-0024221,Vernon Davis,150.3,120.4
2015,TE,00-0031384,Richard Rodgers,151.6,113.52312500000001
2015,TE,00-0030216,Josh Hill,156.5,111.23083333333334
2015,TE,00-0030472,Jordan Reed,158.4,88.55
2015,TE,00-0031418,Austin Seferian-Jenkins,158.8,88.55
2016,QB,00-0027939,Cam Newton,34.5,318.043
2016,QB,00-0023459,Aaron Rodgers,38.7,316.4746
2016,QB,00-0029263,Russell Wilson,53.2,278.5806666666667
2016,QB,00-0029668,Andrew Luck,58.3,278.5806666666667
2016,QB,00-0020531,Drew Brees,61.1,278.5806666666667
2016,QB,00-0019596,Tom Brady,68.5,278.5806666666667
2016,QB,00-0022924,Ben Roethlisberger,72.0,247.1675675675675
2016,QB,00-0021429,Carson Palmer,83.8,247.1675675675675
2016,QB,00-0031407,Blake Bortles,86.1,247.1675675675675
2016,QB,00-0022803,Eli Manning,93.3,247.1675675675675
2016,QB,00-0022942,Philip Rivers,96.8,238.0926086956522
2016,QB,00-0031280,Derek Carr,103.5,238.0926086956522
2016,QB,00-0029604,Kirk Cousins,109.6,238.0926086956522
2016,QB,00-0028118,Tyrod Taylor,114.3,238.0926086956522
2016,QB,00-0026498,Matthew Stafford,118.6,238.0926086956522
2016,QB,00-0031503,Jameis Winston,123.4,238.0926086956522
2016,QB,00-0027973,Andy Dalton,132.7,209.12400000000056
2016,QB,00-0032268,Marcus Mariota,136.3,203.3817142857143
2016,QB,00-0033077,Dak Prescott,144.8,203.3817142857143
2016,QB,00-0026143,Matt Ryan,146.5,203.3817142857143
2016,QB,00-0023682,Ryan Fitzpatrick,151.1,203.3817142857143
2016,QB,00-0029701,Ryan Tannehill,157.4,198.21888888888893
2016,QB,00-0029665,Robert Griffin III,159.3,198.21888888888893
2016,QB,00-0029682,Brock Osweiler,163.3,177.5742857142857
2016,RB,00-0032187,David Johnson,3.4,236.67027027027024
2016,RB,00-0032241,Todd Gurley,6.3,236.67027027027024
2016,RB,00-0033045,Ezekiel Elliott,8.3,235.5511111111111
2016,RB,00-0029615,Lamar Miller,9.8,230.2133333333333
2016,RB,00-0025394,Adrian Peterson,10.7,230.2133333333333
2016,RB,00-0030496,LeVeon Bell,12.3,220.68363636363634
2016,RB,00-0031285,Devonta Freeman,19.2,201.925
2016,RB,00-0026213,Jamaal Charles,19.4,201.925
2016,RB,00-0027029,LeSean McCoy,22.0,190.73571428571427
2016,RB,00-0030485,Eddie Lacy,24.0,189.78214285714284
2016,RB,00-0027966,Mark Ingram II,25.5,188.82857142857142
2016,RB,00-0029613,Doug Martin,30.8,181.39285714285717
2016,RB,00-0029854,CJ Anderson,33.2,181.39285714285717
2016,RB,00-0030513,Latavius Murray,35.8,181.39285714285717
2016,RB,00-0028009,DeMarco Murray,40.3,160.69878787878787
2016,RB,00-0031897,Thomas Rawls,41.0,160.69878787878787
2016,RB,00-0026184,Matt Forte,43.1,160.69878787878787
2016,RB,00-0031045,Carlos Hyde,45.7,160.69878787878787
2016,RB,00-0031569,Jeremy Langford,47.1,160.69878787878787
2016,RB,00-0031301,Jeremy Hill,49.1,146.1841860465116
2016,RB,00-0032144,Melvin Gordon III,53.7,146.1841860465116
2016,RB,00-0026019,Danny Woodhead,53.7,146.1841860465116
2016,RB,00-0026796,Arian Foster,57.4,146.1841860465116
2016,RB,00-0030456,Giovani Bernard,57.7,146.1841860465116
2016,RB,00-0027864,Ryan Mathews,60.4,146.1841860465116
2016,RB,00-0026153,Jonathan Stewart,62.8,139.287
2016,RB,00-0032257,Duke Johnson,66.9,139.21166666666667
2016,RB,00-0024242,DeAngelo Williams,69.1,139.21166666666667
2016,RB,00-0023500,Frank Gore,73.8,139.21166666666667
2016,RB,00-0027155,Rashad Jennings,74.9,139.21166666666667
2016,RB,00-0031939,Matt Jones,78.4,139.21166666666667
2016,RB,00-0032764,Derrick Henry,78.5,139.21166666666667
2016,RB,00-0032104,Ameer Abdullah,82.1,139.21166666666667
2016,RB,00-0027531,Chris Ivory,84.1,121.7321568627451
2016,RB,00-0031390,Charles Sims,87.2,121.7321568627451
2016,RB,00-0026373,Justin Forsett,90.7,121.7321568627451
2016,RB,00-0031062,James White,90.9,121.7321568627451
2016,RB,00-0027325,LeGarrette Blount,91.6,121.7321568627451
2016,RB,00-0032209,TJ Yeldon,93.7,121.7321568627451
2016,RB,00-0030432,Christine Michael,99.6,117.91499999999999
2016,RB,00-0030107,Theo Riddick,99.8,117.91499999999999
2016,RB,00-0028064,Bilal Powell,105.9,109.22000000000001
2016,RB,00-0030656,Isaiah Crowell,106.9,109.22000000000001
2016,RB,00-0031590,Jay Ajayi,111.3,109.22000000000001
2016,RB,00-0023564,Darren Sproles,116.8,109.22000000000001
2016,RB,00-0032058,Tevin Coleman,119.5,109.22000000000001
2016,RB,00-0030414,Spencer Ware,125.8,109.22000000000001
2016,RB,00-0032940,DeAndre Washington,126.2,109.22000000000001
2016,RB,00-0028087,Dion Lewis,130.2,89.16857142857141
2016,RB,00-0029141,Alfred Morris,130.2,89.16857142857141
2016,RB,00-0032972,Devontae Booker,140.9,89.16857142857141
2016,RB,00-0031376,Jerick McKinnon,148.8,89.16857142857141
2016,RB,00-0027994,Shane Vereen,149.9,89.16857142857141
2016,RB,00-0027791,James Starks,154.9,89.16857142857141
2016,RB,00-0030404,Chris Thompson,155.2,89.16857142857141
2016,RB,00-0031375,Terrance West,158.5,89.16857142857141
2016,RB,00-0026164,Chris Johnson,159.4,89.16857142857141
2016,WR,00-0027793,Antonio Brown,1.2,301.75333333333333
2016,WR,00-0027944,Julio Jones,2.8,301.75333333333333
2016,WR,00-0031235,Odell Beckham Jr.,3.4,301.75333333333333
2016,WR,00-0027942,A.J. Green,6.4,262.668
2016,WR,00-0030564,DeAndre Hopkins,6.4,262.668
2016,WR,00-0031428,Allen Robinson II,9.2,262.668
2016,WR,00-0024334,Brandon Marshall,13.0,260.99499999999995
2016,WR,00-0030279,Keenan Allen,13.8,258.3983333333333
2016,WR,00-0031408,Mike Evans,15.7,235.20999999999998
2016,WR,00-0027902,Dez Bryant,16.4,235.20999999999998
2016,WR,00-0026176,Jordy Nelson,17.3,232.52500000000003
2016,WR,00-0031544,Amari Cooper,20.1,216.36451612903227
2016,WR,00-0029137,Alshon Jeffery,22.1,216.36451612903227
2016,WR,00-0031236,Brandin Cooks,23.3,216.36451612903227
2016,WR,00-0031382,Jarvis Landry,26.9,214.7051612903226
2016,WR,00-0031325,Sammy Watkins,28.3,214.7051612903226
2016,WR,00-0029608,T.Y. Hilton,29.4,214.7051612903226
2016,WR,00-0027874,Demaryius Thomas,29.7,214.7051612903226
2016,WR,00-0028002,Randall Cobb,31.5,214.7051612903226
2016,WR,00-0027150,Julian Edelman,35.1,210.74588235294118
2016,WR,00-0026995,Jeremy Maclin,37.3,210.74588235294118
2016,WR,00-0031339,Donte Moncrief,38.4,210.74588235294118
2016,WR,00-0031359,Kelvin Benjamin,39.2,210.74588235294118
2016,WR,00-0027891,Golden Tate,43.6,205.0818181818182
2016,WR,00-0027690,Eric Decker,44.9,205.0818181818182
2016,WR,00-0028434,Doug Baldwin,48.8,192.365
2016,WR,00-0029664,Josh Gordon,49.8,192.365
2016,WR,00-0029638,Michael Floyd,52.3,170.83333333333334
2016,WR,00-0029293,Marvin Jones Jr.,56.2,162.35000000000002
2016,WR,00-0022921,Larry Fitzgerald,60.2,160.53488372093022
2016,WR,00-0031299,Jordan Matthews,64.2,160.53488372093022
2016,WR,00-0030821,Allen Hurns,65.5,160.53488372093022
2016,WR,00-0027685,Emmanuel Sanders,70.6,151.83028571428576
2016,WR,00-0032211,Tyler Lockett,73.4,151.83028571428576
2016,WR,00-0031051,John Brown,78.3,151.83028571428576
2016,WR,00-0026986,Michael Crabtree,78.6,151.42583446244484
2016,WR,00-0026189,DeSean Jackson,81.9,147.7857731958763
2016,WR,00-0032385,Sterling Shepard,84.7,147.7857731958763
2016,WR,00-0031547,DeVante Parker,91.7,147.7857731958763
2016,WR,00-0030663,Willie Snead IV,92.1,147.7857731958763
2016,WR,00-0031545,Kevin White,97.7,147.7857731958763
2016,WR,00-0032055,Devin Funchess,98.5,147.7857731958763
2016,WR,00-0031588,Stefon Diggs,99.2,147.7857731958763
2016,WR,00-0029269,Travis Benjamin,104.2,147.7857731958763
2016,WR,00-0028497,Kamar Aiken,105.8,147.7857731958763
2016,WR,00-0030525,Tavon Austin,109.8,139.48971428571426
2016,WR,00-0032966,Corey Coleman,112.2,139.48971428571426
2016,WR,00-0032778,Tajae Sharpe,115.1,139.48971428571426
2016,WR,00-0032765,Michael Thomas,118.7,130.12551724137933
2016,WR,00-0023496,Vincent Jackson,119.9,130.12551724137933
2016,WR,00-0030460,Markus Wheaton,122.3,130.12551724137933
2016,WR,00-0020337,Steve Smith,124.6,130.12551724137933
2016,WR,00-0027996,Torrey Smith,127.3,129.09441860465114
2016,WR,00-0033127,Will Fuller,130.4,129.09441860465114
2016,WR,00-0029632,Mohamed Sanu,134.1,129.09441860465114
2016,WR,00-0033009,Tyler Boyd,137.6,129.09441860465114
2016,WR,00-0029580,Rishard Matthews,138.3,129.09441860465114
2016,WR,00-0028237,Chris Hogan,142.6,115.46307692307694
2016,WR,00-0032208,Phillip Dorsett,148.9,111.73512195121953
2016,WR,00-0030085,Kenny Stills,151.2,111.73512195121953
2016,WR,00-0026901,Mike Wallace,153.2,111.73512195121953
2016,WR,00-0025396,Ted Ginn Jr,153.5,111.73512195121953
2016,WR,00-0032166,Sammie Coates,156.1,111.73512195121953
2016,WR,00-0028825,Terrelle Pryor,157.7,111.73512195121953
2016,WR,00-0032218,Dorial Green-Beckham,159.3,98.93666666666667
2016,TE,00-0027656,Rob Gronkowski,14.2,264.08000000000004
2016,TE,00-0030472,Jordan Reed,35.1,185.99230769230766
2016,TE,00-0025418,Greg Olsen,48.4,160.12216117216119
2016,TE,00-0024389,Delanie Walker,64.0,142.47333333333333
2016,TE,00-0030506,Travis Kelce,64.3,142.47333333333333
2016,TE,00-0029697,Coby Fleener,72.7,131.24565217391302
2016,TE,00-0026281,Gary Barnidge,79.6,131.24565217391302
2016,TE,00-0030061,Zach Ertz,88.2,131.24565217391302
2016,TE,00-0028067,Julius Thomas,98.0,131.24565217391302
2016,TE,00-0021547,Antonio Gates,101.7,131.24565217391302
2016,TE,00-0030549,Tyler Eifert,108.4,131.24565217391302
2016,TE,00-0026201,Martellus Bennett,117.3,129.36896551724138
2016,TE,00-0029689,Dwayne Allen,131.2,129.36896551724138
2016,TE,00-0027061,Jared Cook,137.0,129.36896551724138
2016,TE,00-0027696,Jimmy Graham,144.3,121.62758620689644
2016,TE,00-0022127,Jason Witten,151.2,116.46666666666667
2016,TE,00-0027125,Zach Miller,157.4,110.35857142857142
2017,QB,00-0023459,Aaron Rodgers,23.4,329.096
2017,QB,00-0019596,Tom Brady,29.6,327.87
2017,QB,00-0020531,Drew Brees,41.7,313.56666666666666
2017,QB,00-0026143,Matt Ryan,56.4,279.68874999999997
2017,QB,00-0029263,Russell Wilson,64.3,279.68874999999997
2017,QB,00-0031280,Derek Carr,74.2,248.66333333333333
2017,QB,00-0032268,Marcus Mariota,76.8,248.66333333333333
2017,QB,00-0031503,Jameis Winston,82.4,248.66333333333333
2017,QB,00-0029604,Kirk Cousins,86.3,248.66333333333333
2017,QB,00-0027939,Cam Newton,89.9,246.6966666666667
2017,QB,00-0029668,Andrew Luck,100.3,245.12765957446805
2017,QB,00-0022924,Ben Roethlisberger,101.0,245.12765957446805
2017,QB,00-0022942,Philip Rivers,108.7,245.12765957446805
2017,QB,00-0033077,Dak Prescott,112.8,245.12765957446805
2017,QB,00-0026498,Matthew Stafford,116.5,245.12765957446805
2017,QB,00-0027973,Andy Dalton,126.5,219.7476923076923
2017,QB,00-0032950,Carson Wentz,132.3,219.7476923076923
2017,QB,00-0022803,Eli Manning,137.1,217.29428571428573
2017,QB,00-0021429,Carson Palmer,142.3,217.29428571428573
2017,QB,00-0024226,Jay Cutler,155.9,209.02533333333335
2017,QB,00-0028118,Tyrod Taylor,162.4,189.57473684210527
2017,RB,00-0032187,David Johnson,1.3,245.10818181818183
2017,RB,00-0030496,LeVeon Bell,2.3,245.10818181818183
2017,RB,00-0033045,Ezekiel Elliott,6.2,245.10818181818183
2017,RB,00-0031285,Devonta Freeman,7.0,245.10818181818183
2017,RB,00-0027029,LeSean McCoy,7.8,245.10818181818183
2017,RB,00-0032144,Melvin Gordon III,10.1,222.04285714285712
2017,RB,00-0031590,Jay Ajayi,13.8,222.04285714285712
2017,RB,00-0028009,DeMarco Murray,15.2,222.04285714285712
2017,RB,00-0032780,Jordan Howard,16.8,222.04285714285712
2017,RB,00-0033923,Kareem Hunt,18.7,213.612
2017,RB,00-0032241,Todd Gurley,19.4,180.55714285714285
2017,RB,00-0033280,Christian McCaffrey,22.9,180.55714285714285
2017,RB,00-0033856,Leonard Fournette,27.0,180.55714285714285
2017,RB,00-0033893,Dalvin Cook,27.5,180.55714285714285
2017,RB,00-0030656,Isaiah Crowell,29.8,180.55714285714285
2017,RB,00-0032200,Ty Montgomery II,32.6,180.55714285714285
2017,RB,00-0031045,Carlos Hyde,35.2,180.55714285714285
2017,RB,00-0029615,Lamar Miller,35.2,180.55714285714285
2017,RB,00-0025399,Marshawn Lynch,36.4,180.55714285714285
2017,RB,00-0033897,Joe Mixon,42.5,157.6830769230769
2017,RB,00-0028064,Bilal Powell,48.6,146.83333333333334
2017,RB,00-0029613,Doug Martin,49.0,146.83333333333334
2017,RB,00-0029854,CJ Anderson,51.4,143.9658064516129
2017,RB,00-0032104,Ameer Abdullah,53.0,143.9658064516129
2017,RB,00-0027966,Mark Ingram II,57.6,143.9658064516129
2017,RB,00-0026019,Danny Woodhead,61.7,143.9658064516129
2017,RB,00-0030433,Mike Gillislee,65.3,143.9658064516129
2017,RB,00-0032371,Rob Kelley,67.0,143.9658064516129
2017,RB,00-0025394,Adrian Peterson,69.9,143.9658064516129
2017,RB,00-0032058,Tevin Coleman,73.2,143.9658064516129
2017,RB,00-0026144,Darren McFadden,75.3,143.9658064516129
2017,RB,00-0032764,Derrick Henry,77.9,143.9658064516129
2017,RB,00-0030107,Theo Riddick,83.0,126.53346153846155
2017,RB,00-0032417,Paul Perkins,83.4,126.53346153846155
2017,RB,00-0023500,Frank Gore,86.1,126.53346153846155
2017,RB,00-0031375,Terrance West,86.8,126.53346153846155
2017,RB,00-0027325,LeGarrette Blount,91.9,126.53346153846155
2017,RB,00-0032257,Duke Johnson,94.2,126.53346153846155
2017,RB,00-0031897,Thomas Rawls,95.7,126.53346153846155
2017,RB,00-0028083,Jacquizz Rodgers,95.9,126.53346153846155
2017,RB,00-0026153,Jonathan Stewart,101.4,123.49999999999999
2017,RB,00-0031062,James White,102.7,123.49999999999999
2017,RB,00-0030485,Eddie Lacy,106.6,123.49999999999999
2017,RB,00-0030288,Rex Burkhead,113.4,117.36245614035087
2017,RB,00-0033948,Jamaal Williams,114.3,117.36245614035087
2017,RB,00-0023564,Darren Sproles,116.3,117.36245614035087
2017,RB,00-0026213,Jamaal Charles,123.3,117.36245614035087
2017,RB,00-0033526,Samaje Perine,126.8,91.44285714285715
2017,RB,00-0032393,CJ Prosise,129.4,87.78193548387097
2017,RB,00-0026184,Matt Forte,132.6,87.78193548387097
2017,RB,00-0031301,Jeremy Hill,134.5,87.78193548387097
2017,RB,00-0033906,Alvin Kamara,140.0,87.78193548387097
2017,RB,00-0033951,Marlon Mack,141.3,87.78193548387097
2017,RB,00-0032782,Wendell Smallwood,146.1,87.78193548387097
2017,RB,00-0033594,Chris Carson,149.7,87.78193548387097
2017,RB,00-0030513,Latavius Murray,154.4,87.78193548387097
2017,RB,00-0032940,DeAndre Washington,155.2,87.78193548387097
2017,RB,00-0028087,Dion Lewis,155.9,87.78193548387097
2017,RB,00-0032975,Jonathan Williams,156.1,87.78193548387097
2017,RB,00-0033925,D'Onta Foreman,157.0,87.78193548387097
2017,RB,00-0030456,Giovani Bernard,159.6,87.78193548387097
2017,RB,00-0030668,Charcandrick West,160.7,87.78193548387097
2017,WR,00-0027793,Antonio Brown,3.7,296.19800000000004
2017,WR,00-0027944,Julio Jones,5.7,269.7462068965517
2017,WR,00-0031235,Odell Beckham Jr.,6.4,269.7462068965517
2017,WR,00-0031408,Mike Evans,7.9,269.7462068965517
2017,WR,00-0027942,A.J. Green,10.0,269.7462068965517
2017,WR,00-0026176,Jordy Nelson,11.4,269.7462068965517
2017,WR,00-0032765,Michael Thomas,13.3,243.9
2017,WR,00-0031236,Brandin Cooks,17.1,230.33157894736837
2017,WR,00-0027902,Dez Bryant,20.5,219.7222222222222
2017,WR,00-0031544,Amari Cooper,21.3,217.68333333333334
2017,WR,00-0028434,Doug Baldwin,22.4,217.68333333333334
2017,WR,00-0030279,Keenan Allen,25.8,213.1961111111111
2017,WR,00-0029608,T.Y. Hilton,28.8,213.1961111111111
2017,WR,00-0028825,Terrelle Pryor,30.2,213.1961111111111
2017,WR,00-0030564,DeAndre Hopkins,31.7,213.1961111111111
2017,WR,00-0027874,Demaryius Thomas,34.5,210.30285502079622
2017,WR,00-0031359,Kelvin Benjamin,38.6,210.01352941176472
2017,WR,00-0029137,Alshon Jeffery,39.1,210.01352941176472
2017,WR,00-0031373,Martavis Bryant,40.9,210.01352941176472
2017,WR,00-0026986,Michael Crabtree,43.7,200.87142857142857
2017,WR,00-0031381,Davante Adams,44.9,189.08571428571426
2017,WR,00-0033040,Tyreek Hill,45.5,189.069387755102
2017,WR,00-0027891,Golden Tate,47.8,186.91848739495808
2017,WR,00-0022921,Larry Fitzgerald,48.4,180.58823529411768
2017,WR,00-0031547,DeVante Parker,51.9,176.8746965452848
2017,WR,00-0031588,Stefon Diggs,54.8,169.44761904761904
2017,WR,00-0031428,Allen Robinson II,57.0,169.44761904761904
2017,WR,00-0031941,Jamison Crowder,61.2,165.60545454545453
2017,WR,00-0031382,Jarvis Landry,64.0,165.60545454545453
2017,WR,00-0024334,Brandon Marshall,65.2,165.60545454545453
2017,WR,00-0026345,Pierre Garcon,66.4,165.60545454545453
2017,WR,00-0031325,Sammy Watkins,70.0,156.20444444444448
2017,WR,00-0027685,Emmanuel Sanders,73.9,156.20444444444448
2017,WR,00-0028237,Chris Hogan,76.5,156.20444444444448
2017,WR,00-0026995,Jeremy Maclin,83.4,153.06571428571428
2017,WR,00-0030663,Willie Snead IV,83.8,153.06571428571428
2017,WR,00-0027690,Eric Decker,88.7,153.06571428571428
2017,WR,00-0026189,DeSean Jackson,90.4,153.06571428571428
2017,WR,00-0028002,Randall Cobb,92.2,146.0192
2017,WR,00-0032160,Tyrell Williams,95.0,146.0192
2017,WR,00-0032966,Corey Coleman,96.4,146.0192
2017,WR,00-0030035,Adam Thielen,98.6,146.0192
2017,WR,00-0031339,Donte Moncrief,105.7,143.11062260869556
2017,WR,00-0029293,Marvin Jones Jr.,106.3,142.3834782608695
2017,WR,00-0031051,John Brown,108.6,142.3834782608695
2017,WR,00-0033871,Corey Davis,110.9,142.3834782608695
2017,WR,00-0029580,Rishard Matthews,116.0,142.3834782608695
2017,WR,00-0025396,Ted Ginn Jr,116.9,142.3834782608695
2017,WR,00-0031299,Jordan Matthews,117.5,142.3834782608695
2017,WR,00-0033908,Cooper Kupp,121.3,131.15538461538463
2017,WR,00-0033891,Zay Jones,122.0,131.15538461538463
2017,WR,00-0026901,Mike Wallace,125.9,131.15538461538463
2017,WR,00-0031545,Kevin White,127.0,131.15538461538463
2017,WR,00-0026035,Danny Amendola,132.2,131.15538461538463
2017,WR,00-0027006,Kenny Britt,136.2,131.15538461538463
2017,WR,00-0029000,Cole Beasley,136.2,131.15538461538463
2017,WR,00-0032688,Robbie Chosen,143.4,115.71090909090908
2017,WR,00-0029708,Kendall Wright,148.4,115.71090909090908
2017,WR,00-0031228,Taylor Gabriel,151.4,115.71090909090908
2017,WR,00-0033932,Kenny Golladay,151.6,115.71090909090908
2017,WR,00-0032385,Sterling Shepard,152.3,115.71090909090908
2017,WR,00-0032211,Tyler Lockett,156.1,115.71090909090908
2017,WR,00-0029632,Mohamed Sanu,162.9,96.032
2017,TE,00-0027656,Rob Gronkowski,18.1,245.08999999999997
2017,TE,00-0030506,Travis Kelce,38.9,182.8785714285714
2017,TE,00-0025418,Greg Olsen,51.5,171.21666666666667
2017,TE,00-0030472,Jordan Reed,54.1,154.47333333333333
2017,TE,00-0027696,Jimmy Graham,57.6,154.47333333333333
2017,TE,00-0030549,Tyler Eifert,70.4,144.85000000000002
2017,TE,00-0030061,Zach Ertz,72.8,131.92631578947365
2017,TE,00-0024389,Delanie Walker,79.9,131.92631578947365
2017,TE,00-0027981,Kyle Rudolph,83.6,131.92631578947365
2017,TE,00-0026201,Martellus Bennett,87.6,131.92631578947365
2017,TE,00-0033090,Hunter Henry,106.1,128.45
2017,TE,00-0031387,Eric Ebron,124.0,128.45
2017,TE,00-0030181,Jack Doyle,132.6,128.45
2017,TE,00-0032392,Austin Hooper,146.6,116.47857142857143
2017,TE,00-0022127,Jason Witten,150.5,116.47857142857143
2017,TE,00-0029697,Coby Fleener,152.3,112.77555555555556
2017,TE,00-0033879,O.J. Howard,152.7,112.77555555555556
2018,QB,00-0023459,Aaron Rodgers,31.4,318.21714285714285
2018,QB,00-0033537,Deshaun Watson,46.5,302.04333333333335
2018,QB,00-0019596,Tom Brady,50.3,278.72129032258067
2018,QB,00-0029263,Russell Wilson,61.0,278.72129032258067
2018,QB,00-0020531,Drew Brees,66.9,278.72129032258067
2018,QB,00-0027939,Cam Newton,71.0,245.21190476190475
2018,QB,00-0029604,Kirk Cousins,81.7,245.21190476190475
2018,QB,00-0032950,Carson Wentz,84.5,245.21190476190475
2018,QB,00-0029668,Andrew Luck,87.6,245.21190476190475
2018,QB,00-0031345,Jimmy Garoppolo,96.7,245.21190476190475
2018,QB,00-0026498,Matthew Stafford,100.3,234.17199999999997
2018,QB,00-0022942,Philip Rivers,107.3,234.17199999999997
2018,QB,00-0026143,Matt Ryan,108.1,234.17199999999997
2018,QB,00-0022924,Ben Roethlisberger,114.5,234.17199999999997
2018,QB,00-0033873,Patrick Mahomes,118.1,234.17199999999997
2018,QB,00-0033106,Jared Goff,123.9,231.44833333333332
2018,QB,00-0023436,Alex Smith,134.5,216.10700000000003
2018,QB,00-0032268,Marcus Mariota,136.0,216.10700000000003
2018,QB,00-0031280,Derek Carr,141.1,216.10700000000003
2018,QB,00-0031503,Jameis Winston,151.7,206.496
2018,QB,00-0028118,Tyrod Taylor,156.8,199.05094117647033
2018,QB,00-0022803,Eli Manning,157.2,191.60588235294117
2018,QB,00-0033077,Dak Prescott,158.6,191.60588235294117
2018,QB,00-0033869,Mitchell Trubisky,164.3,155.68
2018,QB,00-0028986,Case Keenum,165.9,155.68
2018,RB,00-0032241,Todd Gurley,1.5,235.3572093023256
2018,RB,00-0032187,David Johnson,2.8,235.3572093023256
2018,RB,00-0030496,LeVeon Bell,3.0,235.3572093023256
2018,RB,00-0033045,Ezekiel Elliott,5.3,235.3572093023256
2018,RB,00-0033906,Alvin Kamara,6.1,235.3572093023256
2018,RB,00-0034844,Saquon Barkley,6.5,235.3572093023256
2018,RB,00-0032144,Melvin Gordon III,9.1,230.9181818181818
2018,RB,00-0033856,Leonard Fournette,9.4,230.9181818181818
2018,RB,00-0033923,Kareem Hunt,11.4,219.78315789473686
2018,RB,00-0033280,Christian McCaffrey,12.7,219.78315789473686
2018,RB,00-0033893,Dalvin Cook,15.6,219.78315789473686
2018,RB,00-0031285,Devonta Freeman,19.1,219.78315789473686
2018,RB,00-0032780,Jordan Howard,20.0,191.51875
2018,RB,00-0033897,Joe Mixon,23.3,191.51875
2018,RB,00-0034838,Royce Freeman,29.0,185.26938775510203
2018,RB,00-0027029,LeSean McCoy,29.9,185.26938775510203
2018,RB,00-0032426,Alex Collins,31.5,185.26938775510203
2018,RB,00-0033118,Kenyan Drake,32.8,185.26938775510203
2018,RB,00-0031376,Jerick McKinnon,34.3,185.26938775510203
2018,RB,00-0029615,Lamar Miller,38.0,170.76
2018,RB,00-0032764,Derrick Henry,42.1,160.57500000000002
2018,RB,00-0027966,Mark Ingram II,45.9,160.57500000000002
2018,RB,00-0031590,Jay Ajayi,46.6,160.57500000000002
2018,RB,00-0025399,Marshawn Lynch,52.6,146.08739130434782
2018,RB,00-0031045,Carlos Hyde,53.9,146.08739130434782
2018,RB,00-0028087,Dion Lewis,55.5,146.08739130434782
2018,RB,00-0033948,Jamaal Williams,59.7,146.08739130434782
2018,RB,00-0034349,Kerryon Johnson,62.5,146.08739130434782
2018,RB,00-0030288,Rex Burkhead,64.0,138.10576923076923
2018,RB,00-0033594,Chris Carson,66.7,138.10576923076923
2018,RB,00-0032741,Peyton Barber,69.0,138.10576923076923
2018,RB,00-0030404,Chris Thompson,74.1,138.10576923076923
2018,RB,00-0032058,Tevin Coleman,76.5,138.10576923076923
2018,RB,00-0025394,Adrian Peterson,81.1,122.025
2018,RB,00-0034845,Sony Michel,83.5,119.02745098039215
2018,RB,00-0033556,Tarik Cohen,85.2,119.02745098039215
2018,RB,00-0034750,Rashaad Penny,87.1,119.02745098039215
2018,RB,00-0030656,Isaiah Crowell,89.6,119.02745098039215
2018,RB,00-0032257,Duke Johnson,93.5,119.02745098039215
2018,RB,00-0033951,Marlon Mack,94.3,119.02745098039215
2018,RB,00-0033293,Aaron Jones Sr.,97.7,116.57701492537312
2018,RB,00-0031062,James White,99.5,116.57701492537312
2018,RB,00-0034816,Ronald Jones,111.4,116.57701492537312
2018,RB,00-0028064,Bilal Powell,114.3,116.57701492537312
2018,RB,00-0029141,Alfred Morris,119.8,116.57701492537312
2018,RB,00-0030513,Latavius Murray,123.1,115.91333333333334
2018,RB,00-0029854,CJ Anderson,123.3,115.91333333333334
2018,RB,00-0033308,Matt Breida,125.6,115.91333333333334
2018,RB,00-0034791,Nick Chubb,126.4,94.43333333333334
2018,RB,00-0033725,Corey Clement,128.4,94.43333333333334
2018,RB,00-0032200,Ty Montgomery II,129.2,91.79892720306539
2018,RB,00-0030456,Giovani Bernard,140.9,86.53011494252874
2018,RB,00-0034400,Jordan Wilkins,143.1,86.53011494252874
2018,RB,00-0027325,LeGarrette Blount,153.9,86.53011494252874
2018,RB,00-0032972,Devontae Booker,155.6,86.53011494252874
2018,RB,00-0033553,James Conner,157.1,86.53011494252874
2018,RB,00-0029613,Doug Martin,158.6,86.53011494252874
2018,RB,00-0030107,Theo Riddick,159.6,86.0125
2018,RB,00-0033699,Austin Ekeler,160.8,86.0125
2018,RB,00-0030414,Spencer Ware,164.3,86.0125
2018,WR,00-0027793,Antonio Brown,4.7,290.840325
2018,WR,00-0030564,DeAndre Hopkins,8.8,254.68125
2018,WR,00-0031235,Odell Beckham Jr.,11.2,254.68125
2018,WR,00-0027944,Julio Jones,14.2,217.41176470588232
2018,WR,00-0032765,Michael Thomas,16.0,217.41176470588232
2018,WR,00-0030279,Keenan Allen,17.2,217.41176470588232
2018,WR,00-0031381,Davante Adams,18.2,210.54761904761904
2018,WR,00-0027942,A.J. Green,21.3,210.54761904761904
2018,WR,00-0033040,Tyreek Hill,23.7,207.80878048780488
2018,WR,00-0031408,Mike Evans,25.5,207.80878048780488
2018,WR,00-0031588,Stefon Diggs,26.0,207.80878048780488
2018,WR,00-0029608,T.Y. Hilton,27.4,207.80878048780488
2018,WR,00-0031544,Amari Cooper,31.4,207.80878048780488
2018,WR,00-0030035,Adam Thielen,33.5,205.5672
2018,WR,00-0022921,Larry Fitzgerald,34.9,205.5672
2018,WR,00-0028434,Doug Baldwin,37.6,205.5672
2018,WR,00-0031382,Jarvis Landry,39.4,205.5672
2018,WR,00-0033857,JuJu Smith-Schuster,41.2,205.5672
2018,WR,00-0028237,Chris Hogan,42.1,205.5672
2018,WR,00-0029664,Josh Gordon,44.1,205.5672
2018,WR,00-0027891,Golden Tate,46.7,199.96
2018,WR,00-0027874,Demaryius Thomas,47.0,199.96
2018,WR,00-0030068,Marquise Goodwin,48.9,190.82588235294116
2018,WR,00-0031236,Brandin Cooks,52.5,161.9375
2018,WR,00-0031428,Allen Robinson II,55.2,161.9375
2018,WR,00-0027685,Emmanuel Sanders,57.6,161.15028571428573
2018,WR,00-0033871,Corey Davis,61.1,161.15028571428573
2018,WR,00-0029293,Marvin Jones Jr.,62.3,161.15028571428573
2018,WR,00-0027150,Julian Edelman,65.5,156.5461224489796
2018,WR,00-0026986,Michael Crabtree,70.4,156.5461224489796
2018,WR,00-0033127,Will Fuller,73.0,156.5461224489796
2018,WR,00-0033908,Cooper Kupp,77.8,156.5461224489796
2018,WR,00-0031941,Jamison Crowder,79.5,156.5461224489796
2018,WR,00-0029137,Alshon Jeffery,82.8,146.61
2018,WR,00-0032688,Robbie Chosen,84.8,146.61
2018,WR,00-0032055,Devin Funchess,87.4,146.61
2018,WR,00-0028002,Randall Cobb,90.9,144.88966666666664
2018,WR,00-0031549,Nelson Agholor,92.8,144.4595833333333
2018,WR,00-0031325,Sammy Watkins,93.8,144.4595833333333
2018,WR,00-0026176,Jordy Nelson,98.2,144.4595833333333
2018,WR,00-0033536,Mike Williams,102.7,144.4595833333333
2018,WR,00-0030431,Robert Woods,103.7,144.4595833333333
2018,WR,00-0032385,Sterling Shepard,106.1,142.40820512820514
2018,WR,00-0030085,Kenny Stills,108.1,142.40820512820514
2018,WR,00-0026345,Pierre Garcon,108.2,142.40820512820514
2018,WR,00-0031359,Kelvin Benjamin,113.1,142.40820512820514
2018,WR,00-0033681,Keelan Cole Sr.,113.9,142.40820512820514
2018,WR,00-0034837,Calvin Ridley,119.3,133.7375
2018,WR,00-0031051,John Brown,123.4,125.1923076923077
2018,WR,00-0030821,Allen Hurns,127.6,125.1923076923077
2018,WR,00-0034764,Michael Gallup,129.2,125.1923076923077
2018,WR,00-0034827,DJ Moore,129.8,125.1923076923077
2018,WR,00-0032211,Tyler Lockett,131.1,125.1923076923077
2018,WR,00-0033932,Kenny Golladay,131.9,125.1923076923077
2018,WR,00-0033921,Chris Godwin Jr.,138.4,124.84033530571993
2018,WR,00-0034353,Anthony Miller,141.5,120.61666666666667
2018,WR,00-0032626,Geronimo Allison,142.2,120.61666666666667
2018,WR,00-0031912,Cameron Meredith,145.0,119.67999999999999
2018,WR,00-0033460,John Ross,152.0,119.67999999999999
2018,WR,00-0033839,Dede Westbrook,152.7,119.67999999999999
2018,WR,00-0031547,DeVante Parker,154.8,119.67999999999999
2018,WR,00-0026035,Danny Amendola,157.6,119.67999999999999
2018,WR,00-0032760,Josh Doctson,162.3,97.0695652173913
2018,WR,00-0034348,Courtland Sutton,163.1,96.2
2018,WR,00-0034775,Christian Kirk,166.8,77.68888888888888
2018,TE,00-0027656,Rob Gronkowski,21.0,198.4959375
2018,TE,00-0030506,Travis Kelce,28.5,178.925
2018,TE,00-0030061,Zach Ertz,39.1,178.925
2018,TE,00-0027696,Jimmy Graham,49.3,172.34375000000003
2018,TE,00-0025418,Greg Olsen,57.5,154.2736842105263
2018,TE,00-0030710,Trey Burton,64.6,154.2736842105263
2018,TE,00-0033881,Evan Engram,70.5,134.34146341463412
2018,TE,00-0027981,Kyle Rudolph,76.1,134.34146341463412
2018,TE,00-0024389,Delanie Walker,77.6,134.34146341463412
2018,TE,00-0030472,Jordan Reed,88.3,134.34146341463412
2018,TE,00-0033885,David Njoku,98.4,134.34146341463412
2018,TE,00-0030181,Jack Doyle,116.1,128.42222222222225
2018,TE,00-0033288,George Kittle,133.0,127.45789473684212
2018,TE,00-0030549,Tyler Eifert,147.0,124.27857142857144
2018,TE,00-0033879,O.J. Howard,151.3,124.27857142857144
2018,TE,00-0032392,Austin Hooper,152.9,105.77461538461537
2018,TE,00-0033611,Ricky Seals-Jones,154.1,105.77461538461537
2018,TE,00-0031387,Eric Ebron,156.0,105.77461538461537
2019,QB,00-0033873,Patrick Mahomes,19.3,319.43333333333334
2019,QB,00-0033537,Deshaun Watson,47.1,298.21230014025247
2019,QB,00-0023459,Aaron Rodgers,55.7,282.2954838709678
2019,QB,00-0034855,Baker Mayfield,63.2,282.2954838709678
2019,QB,00-0026143,Matt Ryan,69.2,282.2954838709678
2019,QB,00-0020531,Drew Brees,73.9,246.61948717948718
2019,QB,00-0032950,Carson Wentz,74.6,246.61948717948718
2019,QB,00-0033106,Jared Goff,81.5,246.61948717948718
2019,QB,00-0029263,Russell Wilson,88.4,246.61948717948718
2019,QB,00-0027939,Cam Newton,94.4,246.61948717948718
2019,QB,00-0034796,Lamar Jackson,97.6,244.01627906976745
2019,QB,00-0031503,Jameis Winston,105.1,244.01627906976745
2019,QB,00-0022924,Ben Roethlisberger,106.8,244.01627906976745
2019,QB,00-0035228,Kyler Murray,110.9,244.01627906976745
2019,QB,00-0019596,Tom Brady,114.6,244.01627906976745
2019,QB,00-0022942,Philip Rivers,116.1,244.01627906976745
2019,QB,00-0033077,Dak Prescott,127.2,212.8430769230769
2019,QB,00-0029604,Kirk Cousins,130.7,212.8430769230769
2019,QB,00-0033869,Mitchell Trubisky,139.2,207.68761904761902
2019,QB,00-0034857,Josh Allen,145.8,207.68761904761902
2019,QB,00-0031345,Jimmy Garoppolo,147.5,203.06000000000003
2019,QB,00-0031280,Derek Carr,157.4,189.64777777777778
2019,QB,00-0026498,Matthew Stafford,160.8,189.64777777777778
2019,QB,00-0034869,Sam Darnold,164.2,174.69142857142856
2019,RB,00-0034844,Saquon Barkley,1.4,238.27069767441859
2019,RB,00-0033906,Alvin Kamara,2.5,238.27069767441859
2019,RB,00-0033280,Christian McCaffrey,3.2,238.27069767441859
2019,RB,00-0033045,Ezekiel Elliott,3.9,238.27069767441859
2019,RB,00-0033553,James Conner,7.1,238.27069767441859
2019,RB,00-0032187,David Johnson,7.1,238.27069767441859
2019,RB,00-0030496,LeVeon Bell,8.8,226.74999999999997
2019,RB,00-0034791,Nick Chubb,11.7,215.85885714285718
2019,RB,00-0033893,Dalvin Cook,14.6,215.85885714285718
2019,RB,00-0032241,Todd Gurley,16.0,215.85885714285718
2019,RB,00-0033897,Joe Mixon,18.4,215.85885714285718
2019,RB,00-0033856,Leonard Fournette,23.2,189.9
2019,RB,00-0030874,Damien Williams,25.5,176.34893617021277
2019,RB,00-0033594,Chris Carson,26.5,176.34893617021277
2019,RB,00-0034349,Kerryon Johnson,28.5,176.34893617021277
2019,RB,00-0033293,Aaron Jones Sr.,29.2,176.34893617021277
2019,RB,00-0031285,Devonta Freeman,30.4,176.34893617021277
2019,RB,00-0035685,David Montgomery,31.3,176.34893617021277
2019,RB,00-0035700,Josh Jacobs,33.1,176.34893617021277
2019,RB,00-0034845,Sony Michel,37.4,166.42833924349884
2019,RB,00-0027966,Mark Ingram II,39.7,165.01111111111112
2019,RB,00-0032144,Melvin Gordon III,42.0,147.05043478260868
2019,RB,00-0032764,Derrick Henry,43.8,147.05043478260868
2019,RB,00-0033951,Marlon Mack,46.5,147.05043478260868
2019,RB,00-0031062,James White,48.1,141.66347826086954
2019,RB,00-0032257,Duke Johnson,51.7,138.96999999999997
2019,RB,00-0034109,Phillip Lindsay,55.6,138.96999999999997
2019,RB,00-0032058,Tevin Coleman,57.7,137.47972972972974
2019,RB,00-0035243,Miles Sanders,59.0,137.47972972972974
2019,RB,00-0033699,Austin Ekeler,61.7,137.47972972972974
2019,RB,00-0034358,Derrius Guice,69.8,137.47972972972974
2019,RB,00-0033556,Tarik Cohen,71.0,137.47972972972974
2019,RB,00-0030513,Latavius Murray,76.4,137.47972972972974
2019,RB,00-0033118,Kenyan Drake,82.9,126.08923076923072
2019,RB,00-0035261,Tony Pollard,83.3,126.08923076923072
2019,RB,00-0035250,Devin Singletary,83.9,126.08923076923072
2019,RB,00-0033308,Matt Breida,84.8,126.08923076923072
2019,RB,00-0035148,Darwin Thompson,86.0,126.08923076923072
2019,RB,00-0027029,LeSean McCoy,90.8,126.08923076923072
2019,RB,00-0035664,Darrell Henderson Jr.,93.0,126.08923076923072
2019,RB,00-0034750,Rashaad Penny,95.3,126.08923076923072
2019,RB,00-0033923,Kareem Hunt,100.8,121.9
2019,RB,00-0032780,Jordan Howard,103.7,121.9
2019,RB,00-0034838,Royce Freeman,108.1,119.04758620689654
2019,RB,00-0034799,Kalen Ballage,113.5,119.04758620689654
2019,RB,00-0034331,Jaylen Samuels,119.0,119.04758620689654
2019,RB,00-0034440,Justin Jackson,119.9,119.04758620689654
2019,RB,00-0034975,Justice Hill,120.7,119.04758620689654
2019,RB,00-0034972,Alexander Mattison,127.3,97.17142857142858
2019,RB,00-0032741,Peyton Barber,131.3,89.36336842105261
2019,RB,00-0025394,Adrian Peterson,133.1,89.36336842105261
2019,RB,00-0028087,Dion Lewis,142.9,89.36336842105261
2019,RB,00-0035657,Damien Harris,151.4,89.36336842105261
2019,RB,00-0031045,Carlos Hyde,151.9,89.36336842105261
2019,RB,00-0023500,Frank Gore,152.3,89.36336842105261
2019,RB,00-0034378,Ito Smith,154.2,89.36336842105261
2019,RB,00-0032200,Ty Montgomery II,157.1,89.36336842105261
2019,RB,00-0031806,Malcolm Brown,157.6,89.36336842105261
2019,RB,00-0033854,Dare Ogunbowale,157.9,89.36336842105261
2019,RB,00-0034816,Ronald Jones,158.1,89.36336842105261
2019,RB,00-0034367,Nyheim Hines,159.2,89.36336842105261
2019,WR,00-0031381,Davante Adams,6.4,255.40000000000003
2019,WR,00-0030564,DeAndre Hopkins,7.0,255.40000000000003
2019,WR,00-0027944,Julio Jones,10.2,255.40000000000003
2019,WR,00-0032765,Michael Thomas,10.4,255.40000000000003
2019,WR,00-0033857,JuJu Smith-Schuster,12.9,255.40000000000003
2019,WR,00-0033040,Tyreek Hill,13.9,233.66111111111115
2019,WR,00-0031235,Odell Beckham Jr.,15.1,233.66111111111115
2019,WR,00-0031408,Mike Evans,20.2,224.58461538461538
2019,WR,00-0027793,Antonio Brown,21.4,224.58461538461538
2019,WR,00-0030035,Adam Thielen,22.9,224.58461538461538
2019,WR,00-0030279,Keenan Allen,25.0,224.58461538461538
2019,WR,00-0031588,Stefon Diggs,30.8,210.5870588235294
2019,WR,00-0031544,Amari Cooper,33.1,210.5870588235294
2019,WR,00-0027150,Julian Edelman,36.1,204.4435294117647
2019,WR,00-0031236,Brandin Cooks,39.1,204.4435294117647
2019,WR,00-0033921,Chris Godwin Jr.,39.9,204.4435294117647
2019,WR,00-0030431,Robert Woods,42.2,193.53076923076924
2019,WR,00-0032211,Tyler Lockett,42.9,193.53076923076924
2019,WR,00-0033908,Cooper Kupp,45.2,190.1
2019,WR,00-0033932,Kenny Golladay,47.1,186.49399999999997
2019,WR,00-0029608,T.Y. Hilton,49.0,186.0153846153846
2019,WR,00-0033009,Tyler Boyd,51.5,186.0153846153846
2019,WR,00-0029664,Josh Gordon,52.1,172.28181818181818
2019,WR,00-0034837,Calvin Ridley,53.5,172.28181818181818
2019,WR,00-0033536,Mike Williams,60.3,164.19058823529414
2019,WR,00-0033839,Dede Westbrook,62.7,164.19058823529414
2019,WR,00-0027942,A.J. Green,63.8,164.19058823529414
2019,WR,00-0031382,Jarvis Landry,64.8,164.19058823529414
2019,WR,00-0034827,DJ Moore,67.2,151.2762790697674
2019,WR,00-0029137,Alshon Jeffery,71.9,151.2762790697674
2019,WR,00-0032688,Robbie Chosen,75.9,151.2762790697674
2019,WR,00-0031428,Allen Robinson II,76.6,151.2762790697674
2019,WR,00-0027685,Emmanuel Sanders,80.6,147.498
2019,WR,00-0033127,Will Fuller,81.6,147.498
2019,WR,00-0033282,Curtis Samuel,88.0,147.498
2019,WR,00-0034775,Christian Kirk,89.9,147.498
2019,WR,00-0032385,Sterling Shepard,92.2,147.498
2019,WR,00-0031325,Sammy Watkins,96.1,147.498
2019,WR,00-0032626,Geronimo Allison,98.7,147.498
2019,WR,00-0034272,Marquez Valdes-Scantling,100.6,147.498
2019,WR,00-0034676,James Washington,101.3,147.498
2019,WR,00-0029293,Marvin Jones Jr.,105.3,147.498
2019,WR,00-0022921,Larry Fitzgerald,106.5,139.27551020408163
2019,WR,00-0034860,Dante Pettis,109.8,139.27551020408163
2019,WR,00-0033871,Corey Davis,110.8,139.27551020408163
2019,WR,00-0034764,Michael Gallup,113.8,139.27551020408163
2019,WR,00-0026189,DeSean Jackson,119.4,137.4514251700679
2019,WR,00-0031339,Donte Moncrief,119.8,130.15508503401372
2019,WR,00-0027891,Golden Tate,123.3,128.331
2019,WR,00-0034348,Courtland Sutton,126.2,128.331
2019,WR,00-0031941,Jamison Crowder,128.8,124.51523809523808
2019,WR,00-0032160,Tyrell Williams,131.4,124.51523809523808
2019,WR,00-0035640,DK Metcalf,131.8,124.51523809523808
2019,WR,00-0034353,Anthony Miller,134.4,124.51523809523808
2019,WR,00-0031051,John Brown,136.2,124.51523809523808
2019,WR,00-0035140,Mecole Hardman Jr.,137.7,124.51523809523808
2019,WR,00-0034366,Keke Coutee,146.2,118.17758620689654
2019,WR,00-0035719,Deebo Samuel Sr.,151.8,118.17758620689654
2019,WR,00-0035624,N'Keal Harry,152.8,118.17758620689654
2019,WR,00-0029000,Cole Beasley,159.6,97.25999999999998
2019,WR,00-0029632,Mohamed Sanu,160.7,97.25999999999998
2019,WR,00-0027874,Demaryius Thomas,161.4,97.25999999999998
2019,WR,00-0030085,Kenny Stills,161.5,97.25999999999998
2019,WR,00-0034765,Tre'Quan Smith,161.6,97.25999999999998
2019,WR,00-0030068,Marquise Goodwin,163.0,97.25999999999998
2019,WR,00-0032009,Adam Humphries,166.9,81.8
2019,TE,00-0030506,Travis Kelce,17.1,238.365
2019,TE,00-0033288,George Kittle,28.3,183.16666666666666
2019,TE,00-0030061,Zach Ertz,33.5,183.16666666666666
2019,TE,00-0033879,O.J. Howard,54.1,155.90952380952382
2019,TE,00-0033881,Evan Engram,57.3,155.90952380952382
2019,TE,00-0033090,Hunter Henry,63.3,155.90952380952382
2019,TE,00-0027061,Jared Cook,70.6,133.37
2019,TE,00-0030470,Vance McDonald,75.1,133.37
2019,TE,00-0033885,David Njoku,83.5,133.37
2019,TE,00-0032392,Austin Hooper,95.4,133.37
2019,TE,00-0024389,Delanie Walker,115.4,133.37
2019,TE,00-0031387,Eric Ebron,117.5,133.37
2019,TE,00-0035229,T.J. Hockenson,126.1,133.37
2019,TE,00-0034753,Mark Andrews,142.1,130.71764705882356
2019,TE,00-0025418,Greg Olsen,148.9,118.37333333333335
2019,TE,00-0030710,Trey Burton,152.4,114.1016
2019,TE,00-0027981,Kyle Rudolph,154.9,114.1016
2019,TE,00-0031610,Darren Waller,155.8,114.1016
2019,TE,00-0030472,Jordan Reed,158.0,114.1016
2020,QB,00-0033873,Patrick Mahomes,18.7,314.398
2020,QB,00-0034796,Lamar Jackson,22.7,314.398
2020,QB,00-0033077,Dak Prescott,54.7,276.086
2020,QB,00-0029263,Russell Wilson,62.0,276.086
2020,QB,00-0035228,Kyler Murray,62.6,276.086
2020,QB,00-0033537,Deshaun Watson,69.3,276.086
2020,QB,00-0020531,Drew Brees,80.1,243.1070588235294
2020,QB,00-0026143,Matt Ryan,84.8,243.1070588235294
2020,QB,00-0019596,Tom Brady,88.0,243.1070588235294
2020,QB,00-0023459,Aaron Rodgers,94.3,237.7996078431372
2020,QB,00-0034857,Josh Allen,101.5,237.7996078431372
2020,QB,00-0032950,Carson Wentz,107.9,237.7996078431372
2020,QB,00-0026498,Matthew Stafford,111.3,237.7996078431372
2020,QB,00-0027939,Cam Newton,120.7,237.7996078431372
2020,QB,00-0035710,Daniel Jones,125.4,224.13555241327293
2020,QB,00-0022924,Ben Roethlisberger,129.5,223.22461538461536
2020,QB,00-0036442,Joe Burrow,135.7,209.525
2020,QB,00-0034855,Baker Mayfield,144.7,209.525
2020,QB,00-0033106,Jared Goff,147.2,201.21272580645177
2020,QB,00-0029701,Ryan Tannehill,156.4,197.6503225806452
2020,QB,00-0031345,Jimmy Garoppolo,157.2,197.6503225806452
2020,QB,00-0035289,Gardner Minshew II,159.2,197.6503225806452
2020,QB,00-0022942,Philip Rivers,159.6,197.6503225806452
2020,QB,00-0035704,Drew Lock,162.4,197.6503225806452
2020,RB,00-0033280,Christian McCaffrey,1.2,246.71818181818182
2020,RB,00-0034844,Saquon Barkley,2.5,246.71818181818182
2020,RB,00-0033045,Ezekiel Elliott,3.4,246.71818181818182
2020,RB,00-0033906,Alvin Kamara,4.9,246.71818181818182
2020,RB,00-0036360,Clyde Edwards-Helaire,6.2,246.71818181818182
2020,RB,00-0033893,Dalvin Cook,6.2,246.71818181818182
2020,RB,00-0032764,Derrick Henry,7.4,234.6955555555556
2020,RB,00-0035700,Josh Jacobs,9.1,226.37027027027028
2020,RB,00-0033699,Austin Ekeler,11.5,226.37027027027028
2020,RB,00-0035243,Miles Sanders,12.0,226.37027027027028
2020,RB,00-0033897,Joe Mixon,13.1,226.37027027027028
2020,RB,00-0033118,Kenyan Drake,14.8,226.37027027027028
2020,RB,00-0034791,Nick Chubb,16.3,222.79500000000002
2020,RB,00-0033293,Aaron Jones Sr.,17.5,222.79500000000002
2020,RB,00-0033553,James Conner,22.4,195.46
2020,RB,00-0033594,Chris Carson,26.4,179.82500000000002
2020,RB,00-0032187,David Johnson,28.5,179.82500000000002
2020,RB,00-0032241,Todd Gurley,29.1,179.82500000000002
2020,RB,00-0036223,Jonathan Taylor,32.6,179.82500000000002
2020,RB,00-0030496,LeVeon Bell,34.5,179.82500000000002
2020,RB,00-0033856,Leonard Fournette,35.4,179.82500000000002
2020,RB,00-0032144,Melvin Gordon III,39.4,168.18
2020,RB,00-0027966,Mark Ingram II,42.5,161.78240000000002
2020,RB,00-0035250,Devin Singletary,46.4,161.78240000000002
2020,RB,00-0031687,Raheem Mostert,49.4,141.54285714285714
2020,RB,00-0036414,Cam Akers,52.8,139.2835294117647
2020,RB,00-0033923,Kareem Hunt,53.1,139.2835294117647
2020,RB,00-0034816,Ronald Jones,56.5,139.2835294117647
2020,RB,00-0035685,David Montgomery,59.7,139.10249999999996
2020,RB,00-0036275,D'Andre Swift,61.4,139.10249999999996
2020,RB,00-0036158,J.K. Dobbins,67.0,139.10249999999996
2020,RB,00-0031062,James White,72.7,139.10249999999996
2020,RB,00-0033951,Marlon Mack,74.6,139.10249999999996
2020,RB,00-0036328,Antonio Gibson,79.0,139.10249999999996
2020,RB,00-0032780,Jordan Howard,80.0,139.10249999999996
2020,RB,00-0036251,Zack Moss,83.7,129.46733333333333
2020,RB,00-0034109,Phillip Lindsay,83.8,129.46733333333333
2020,RB,00-0033556,Tarik Cohen,84.6,129.46733333333333
2020,RB,00-0033308,Matt Breida,90.5,129.46733333333333
2020,RB,00-0030513,Latavius Murray,94.9,129.46733333333333
2020,RB,00-0032058,Tevin Coleman,96.4,129.46733333333333
2020,RB,00-0034972,Alexander Mattison,96.7,129.46733333333333
2020,RB,00-0034349,Kerryon Johnson,97.2,129.46733333333333
2020,RB,00-0034681,Chase Edmonds,101.1,120.08750000000002
2020,RB,00-0035657,Damien Harris,101.1,120.08750000000002
2020,RB,00-0034845,Sony Michel,107.4,120.08750000000002
2020,RB,00-0036265,AJ Dillon,111.9,116.76857142857142
2020,RB,00-0035664,Darrell Henderson Jr.,114.1,116.76857142857142
2020,RB,00-0025394,Adrian Peterson,118.4,116.76857142857142
2020,RB,00-0035261,Tony Pollard,119.4,116.76857142857142
2020,RB,00-0034414,Boston Scott,120.1,116.76857142857142
2020,RB,00-0035256,Bryce Love,126.8,105.725
2020,RB,00-0032257,Duke Johnson,131.0,91.96320000000001
2020,RB,00-0036450,Ke'Shawn Vaughn,134.4,91.96320000000001
2020,RB,00-0035268,Ryquell Armstead,135.3,91.96320000000001
2020,RB,00-0034440,Justin Jackson,137.6,91.96320000000001
2020,RB,00-0034367,Nyheim Hines,139.9,91.96320000000001
2020,RB,00-0030404,Chris Thompson,149.6,91.96320000000001
2020,RB,00-0034301,Darrel Williams,152.3,91.96320000000001
2020,RB,00-0031376,Jerick McKinnon,152.3,91.96320000000001
2020,RB,00-0035217,Benny Snell Jr.,152.9,91.96320000000001
2020,RB,00-0036370,Joshua Kelley,154.5,91.96320000000001
2020,RB,00-0027029,LeSean McCoy,156.0,91.96320000000001
2020,RB,00-0031045,Carlos Hyde,156.5,91.96320000000001
2020,RB,00-0032940,DeAndre Washington,161.4,91.96320000000001
2020,WR,00-0032765,Michael Thomas,5.6,285.9285
2020,WR,00-0031381,Davante Adams,10.4,254.81285714285715
2020,WR,00-0027944,Julio Jones,14.4,229.02777777777777
2020,WR,00-0033040,Tyreek Hill,15.8,229.02777777777777
2020,WR,00-0030564,DeAndre Hopkins,18.5,219.87941176470594
2020,WR,00-0033921,Chris Godwin Jr.,21.5,219.87941176470594
2020,WR,00-0033932,Kenny Golladay,25.8,219.87941176470594
2020,WR,00-0031408,Mike Evans,27.9,207.61124999999998
2020,WR,00-0030035,Adam Thielen,30.3,207.61124999999998
2020,WR,00-0031428,Allen Robinson II,31.8,207.61124999999998
2020,WR,00-0034827,DJ Moore,32.6,207.61124999999998
2020,WR,00-0031235,Odell Beckham Jr.,35.7,206.882
2020,WR,00-0033857,JuJu Smith-Schuster,36.9,206.882
2020,WR,00-0031544,Amari Cooper,38.1,203.8313043478261
2020,WR,00-0033908,Cooper Kupp,40.3,203.8313043478261
2020,WR,00-0034837,Calvin Ridley,40.9,203.8313043478261
2020,WR,00-0030431,Robert Woods,42.4,193.05357142857142
2020,WR,00-0035676,A.J. Brown,44.4,193.05357142857142
2020,WR,00-0035640,DK Metcalf,45.3,193.05357142857142
2020,WR,00-0034777,DJ Chark,47.5,193.05357142857142
2020,WR,00-0032211,Tyler Lockett,49.9,175.15384615384616
2020,WR,00-0035659,Terry McLaurin,50.8,175.15384615384616
2020,WR,00-0030279,Keenan Allen,53.5,164.78121212121215
2020,WR,00-0029608,T.Y. Hilton,57.5,164.78121212121215
2020,WR,00-0034348,Courtland Sutton,58.1,164.78121212121215
2020,WR,00-0035662,Hollywood Brown,60.0,164.78121212121215
2020,WR,00-0031588,Stefon Diggs,65.0,154.96983050847456
2020,WR,00-0031547,DeVante Parker,66.7,154.96983050847456
2020,WR,00-0027942,A.J. Green,69.8,154.96983050847456
2020,WR,00-0033127,Will Fuller,70.5,154.96983050847456
2020,WR,00-0034764,Michael Gallup,72.2,154.96983050847456
2020,WR,00-0027150,Julian Edelman,77.2,154.96983050847456
2020,WR,00-0033009,Tyler Boyd,78.5,154.96983050847456
2020,WR,00-0031236,Brandin Cooks,81.5,144.7238095238095
2020,WR,00-0031382,Jarvis Landry,85.5,144.7238095238095
2020,WR,00-0035719,Deebo Samuel Sr.,89.1,144.7238095238095
2020,WR,00-0035216,Diontae Johnson,89.4,144.7238095238095
2020,WR,00-0036358,CeeDee Lamb,93.2,143.83037037037036
2020,WR,00-0029293,Marvin Jones Jr.,95.1,143.83037037037036
2020,WR,00-0027685,Emmanuel Sanders,100.0,143.83037037037036
2020,WR,00-0031941,Jamison Crowder,102.6,143.83037037037036
2020,WR,00-0036357,Henry Ruggs III,104.5,143.83037037037036
2020,WR,00-0035140,Mecole Hardman Jr.,106.1,143.83037037037036
2020,WR,00-0036387,Jalen Reagor,109.5,138.322380952381
2020,WR,00-0036407,Jerry Jeudy,112.3,138.322380952381
2020,WR,00-0035535,Darius Slayton,113.2,138.322380952381
2020,WR,00-0034775,Christian Kirk,116.9,138.322380952381
2020,WR,00-0032385,Sterling Shepard,118.9,138.322380952381
2020,WR,00-0036322,Justin Jefferson,121.5,127.71969696969697
2020,WR,00-0034353,Anthony Miller,126.9,127.71969696969697
2020,WR,00-0026189,DeSean Jackson,127.1,127.71969696969697
2020,WR,00-0035350,Preston Williams,130.9,127.71969696969697
2020,WR,00-0034521,Allen Lazard,131.0,127.71969696969697
2020,WR,00-0036261,Brandon Aiyuk,135.9,127.71969696969697
2020,WR,00-0031325,Sammy Watkins,140.5,121.27999999999999
2020,WR,00-0027891,Golden Tate,145.3,121.27999999999999
2020,WR,00-0031051,John Brown,149.1,121.27999999999999
2020,WR,00-0036252,Michael Pittman Jr.,151.7,121.27999999999999
2020,WR,00-0032054,Breshad Perriman,153.0,121.27999999999999
2020,WR,00-0035639,Parris Campbell,158.4,121.27999999999999
2020,WR,00-0035624,N'Keal Harry,159.0,121.27999999999999
2020,WR,00-0033536,Mike Williams,161.9,94.87272727272729
2020,WR,00-0022921,Larry Fitzgerald,162.8,94.87272727272729
2020,WR,00-0033282,Curtis Samuel,163.9,75.97857142857141
2020,WR,00-0032688,Robbie Chosen,163.9,75.97857142857141
2020,WR,00-0036365,Bryan Edwards,164.2,75.97857142857141
2020,TE,00-0030506,Travis Kelce,19.9,205.96724137931037
2020,TE,00-0033288,George Kittle,24.4,195.1
2020,TE,00-0034753,Mark Andrews,42.4,187.40714285714284
2020,TE,00-0030061,Zach Ertz,50.6,165.3166666666667
2020,TE,00-0031610,Darren Waller,61.6,141.85
2020,TE,00-0027656,Rob Gronkowski,70.4,130.38292682926834
2020,TE,00-0033881,Evan Engram,74.8,130.38292682926834
2020,TE,00-0034830,Hayden Hurst,79.4,130.38292682926834
2020,TE,00-0033110,Tyler Higbee,89.7,130.38292682926834
2020,TE,00-0033090,Hunter Henry,98.0,130.38292682926834
2020,TE,00-0027061,Jared Cook,115.2,128.2
2020,TE,00-0035644,Noah Fant,119.6,128.2
2020,TE,00-0032392,Austin Hooper,136.7,128.2
2020,TE,00-0035229,T.J. Hockenson,143.1,128.2
2020,TE,00-0034829,Mike Gesicki,146.5,116.73599999999999
2020,TE,00-0033858,Jonnu Smith,153.6,116.73599999999999
2020,TE,00-0030181,Jack Doyle,153.7,116.73599999999999
2020,TE,00-0034766,Chris Herndon,153.9,116.73599999999999
2020,TE,00-0033658,Blake Jarwin,154.4,116.73599999999999
2021,QB,00-0033873,Patrick Mahomes,22.9,311.54499999999996
2021,QB,00-0034857,Josh Allen,34.4,311.54499999999996
2021,QB,00-0035228,Kyler Murray,41.3,307.8197777777778
2021,QB,00-0034796,Lamar Jackson,50.9,275.0486666666667
2021,QB,00-0023459,Aaron Rodgers,59.0,275.0486666666667
2021,QB,00-0033077,Dak Prescott,66.7,275.0486666666667
2021,QB,00-0036355,Justin Herbert,69.3,275.0486666666667
2021,QB,00-0029263,Russell Wilson,69.4,268.4471658914723
2021,QB,00-0019596,Tom Brady,77.8,242.04116279069768
2021,QB,00-0026498,Matthew Stafford,85.0,242.04116279069768
2021,QB,00-0029701,Ryan Tannehill,96.1,242.04116279069768
2021,QB,00-0036389,Jalen Hurts,100.2,242.04116279069768
2021,QB,00-0036442,Joe Burrow,112.4,242.04116279069768
2021,QB,00-0037012,Trey Lance,118.2,242.04116279069768
2021,QB,00-0036945,Justin Fields,125.6,230.7261538461538
2021,QB,00-0026143,Matt Ryan,129.8,230.7261538461538
2021,QB,00-0034855,Baker Mayfield,134.3,217.75684210526316
2021,QB,00-0031503,Jameis Winston,137.3,217.75684210526316
2021,QB,00-0022924,Ben Roethlisberger,143.2,217.75684210526316
2021,QB,00-0036971,Trevor Lawrence,144.7,217.75684210526316
2021,QB,00-0037013,Zach Wilson,149.1,209.42400000000004
2021,QB,00-0036972,Mac Jones,157.4,194.16545454545457
2021,QB,00-0036212,Tua Tagovailoa,160.6,194.16545454545457
2021,QB,00-0029604,Kirk Cousins,160.9,194.16545454545457
2021,QB,00-0023682,Ryan Fitzpatrick,163.3,194.16545454545457
2021,QB,00-0033537,Deshaun Watson,163.6,194.16545454545457
2021,QB,00-0032950,Carson Wentz,167.1,194.16545454545457
2021,RB,00-0033280,Christian McCaffrey,1.2,245.55705882352942
2021,RB,00-0033893,Dalvin Cook,2.5,245.55705882352942
2021,RB,00-0033906,Alvin Kamara,3.8,245.55705882352942
2021,RB,00-0032764,Derrick Henry,4.0,245.55705882352942
2021,RB,00-0033045,Ezekiel Elliott,5.3,245.55705882352942
2021,RB,00-0033293,Aaron Jones Sr.,7.5,234.07
2021,RB,00-0033699,Austin Ekeler,8.5,229.17333333333332
2021,RB,00-0034791,Nick Chubb,9.9,226.725
2021,RB,00-0034844,Saquon Barkley,12.0,214.1702857142857
2021,RB,00-0036893,Najee Harris,12.9,214.1702857142857
2021,RB,00-0036223,Jonathan Taylor,13.8,214.1702857142857
2021,RB,00-0036328,Antonio Gibson,15.6,214.1702857142857
2021,RB,00-0033897,Joe Mixon,19.2,193.06842105263158
2021,RB,00-0036360,Clyde Edwards-Helaire,20.4,193.06842105263158
2021,RB,00-0035685,David Montgomery,25.9,178.97142857142853
2021,RB,00-0033594,Chris Carson,28.0,178.97142857142853
2021,RB,00-0035831,James Robinson,29.1,178.97142857142853
2021,RB,00-0036275,D'Andre Swift,34.0,178.97142857142853
2021,RB,00-0035700,Josh Jacobs,35.4,178.97142857142853
2021,RB,00-0035243,Miles Sanders,38.7,176.3
2021,RB,00-0032063,Mike Davis,43.1,156.91083333333333
2021,RB,00-0035664,Darrell Henderson Jr.,43.8,156.91083333333333
2021,RB,00-0035311,Myles Gaskin,45.7,156.91083333333333
2021,RB,00-0036997,Javonte Williams,52.7,144.49590909090912
2021,RB,00-0033923,Kareem Hunt,53.2,144.49590909090912
2021,RB,00-0035657,Damien Harris,55.5,144.49590909090912
2021,RB,00-0034184,Gus Edwards,56.6,144.49590909090912
2021,RB,00-0034681,Chase Edmonds,60.4,144.49590909090912
2021,RB,00-0031687,Raheem Mostert,63.0,141.2576923076923
2021,RB,00-0036984,Trey Sermon,67.7,140.43653846153845
2021,RB,00-0032144,Melvin Gordon III,75.2,140.43653846153845
2021,RB,00-0036924,Michael Carter,76.1,140.43653846153845
2021,RB,00-0036265,AJ Dillon,79.1,140.43653846153845
2021,RB,00-0034816,Ronald Jones,79.8,135.85
2021,RB,00-0036251,Zack Moss,83.8,117.65458823529409
2021,RB,00-0033856,Leonard Fournette,90.1,117.65458823529409
2021,RB,00-0035250,Devin Singletary,91.2,117.65458823529409
2021,RB,00-0033948,Jamaal Williams,92.0,117.65458823529409
2021,RB,00-0034845,Sony Michel,93.4,117.65458823529409
2021,RB,00-0033553,James Conner,96.2,117.65458823529409
2021,RB,00-0035261,Tony Pollard,102.7,117.65458823529409
2021,RB,00-0033118,Kenyan Drake,102.9,117.65458823529409
2021,RB,00-0034972,Alexander Mattison,106.5,117.65458823529409
2021,RB,00-0034109,Phillip Lindsay,107.5,117.65458823529409
2021,RB,00-0032187,David Johnson,115.0,117.0073469387755
2021,RB,00-0032602,J.D. McKissic,116.8,117.0073469387755
2021,RB,00-0034367,Nyheim Hines,120.6,117.0073469387755
2021,RB,00-0030456,Giovani Bernard,120.9,117.0073469387755
2021,RB,00-0036875,Rhamondre Stevenson,121.3,117.0073469387755
2021,RB,00-0036555,Chuba Hubbard,127.6,96.63333333333334
2021,RB,00-0031062,James White,128.8,96.63333333333334
2021,RB,00-0030513,Latavius Murray,130.6,90.27393939393939
2021,RB,00-0034750,Rashaad Penny,137.9,90.27393939393939
2021,RB,00-0032058,Tevin Coleman,139.0,90.27393939393939
2021,RB,00-0030874,Damien Williams,146.0,90.27393939393939
2021,RB,00-0034301,Darrel Williams,150.3,90.27393939393939
2021,RB,00-0027966,Mark Ingram II,154.2,90.27393939393939
2021,RB,00-0034440,Justin Jackson,154.6,90.27393939393939
2021,RB,00-0036919,Kenny Gainwell,154.8,90.27393939393939
2021,RB,00-0032972,Devontae Booker,155.5,90.27393939393939
2021,RB,00-0035860,Tony Jones,158.8,90.27393939393939
2021,RB,00-0033951,Marlon Mack,158.8,90.27393939393939
2021,RB,00-0031376,Jerick McKinnon,159.7,90.27393939393939
2021,RB,00-0031806,Malcolm Brown,161.7,90.27393939393939
2021,RB,00-0031045,Carlos Hyde,172.7,90.27393939393939
2021,WR,00-0031381,Davante Adams,6.4,252.33875
2021,WR,00-0033040,Tyreek Hill,10.6,252.33875
2021,WR,00-0031588,Stefon Diggs,13.5,240.89259259259256
2021,WR,00-0030564,DeAndre Hopkins,17.0,240.89259259259256
2021,WR,00-0034837,Calvin Ridley,18.0,240.89259259259256
2021,WR,00-0035640,DK Metcalf,19.7,213.2888888888889
2021,WR,00-0036322,Justin Jefferson,22.4,212.70851851851853
2021,WR,00-0035676,A.J. Brown,24.8,212.70851851851853
2021,WR,00-0030279,Keenan Allen,25.9,212.70851851851853
2021,WR,00-0036358,CeeDee Lamb,29.6,212.70851851851853
2021,WR,00-0035659,Terry McLaurin,30.3,212.70851851851853
2021,WR,00-0031428,Allen Robinson II,32.7,212.70851851851853
2021,WR,00-0030431,Robert Woods,35.1,204.664
2021,WR,00-0031408,Mike Evans,37.8,197.27947368421053
2021,WR,00-0031544,Amari Cooper,40.0,197.27947368421053
2021,WR,00-0033908,Cooper Kupp,41.3,197.27947368421053
2021,WR,00-0035216,Diontae Johnson,44.9,195.84285714285713
2021,WR,00-0027944,Julio Jones,46.0,195.84285714285713
2021,WR,00-0033921,Chris Godwin Jr.,47.2,195.84285714285713
2021,WR,00-0032211,Tyler Lockett,48.4,181.76705882352942
2021,WR,00-0030035,Adam Thielen,52.3,163.58749999999998
2021,WR,00-0036261,Brandon Aiyuk,53.9,163.58749999999998
2021,WR,00-0034827,DJ Moore,57.0,160.03207547169814
2021,WR,00-0036326,Chase Claypool,61.1,160.03207547169814
2021,WR,00-0036410,Tee Higgins,61.3,160.03207547169814
2021,WR,00-0036407,Jerry Jeudy,64.1,160.03207547169814
2021,WR,00-0031235,Odell Beckham Jr.,69.0,160.03207547169814
2021,WR,00-0032765,Michael Thomas,69.5,160.03207547169814
2021,WR,00-0027793,Antonio Brown,72.7,152.8140909090909
2021,WR,00-0032688,Robbie Chosen,75.0,152.8140909090909
2021,WR,00-0036900,Ja'Marr Chase,77.4,152.8140909090909
2021,WR,00-0036912,DeVonta Smith,77.6,152.8140909090909
2021,WR,00-0033857,JuJu Smith-Schuster,82.5,152.8140909090909
2021,WR,00-0033932,Kenny Golladay,82.8,152.8140909090909
2021,WR,00-0034348,Courtland Sutton,85.7,152.8140909090909
2021,WR,00-0036268,Laviska Shenault Jr.,85.9,152.8140909090909
2021,WR,00-0033871,Corey Davis,89.6,142.69411764705885
2021,WR,00-0035719,Deebo Samuel Sr.,89.8,142.69411764705885
2021,WR,00-0036219,Marquez Callaway,90.5,142.69411764705885
2021,WR,00-0033009,Tyler Boyd,97.3,140.37127272727272
2021,WR,00-0036613,Jaylen Waddle,99.2,140.37127272727272
2021,WR,00-0035140,Mecole Hardman Jr.,100.0,140.37127272727272
2021,WR,00-0031236,Brandin Cooks,102.9,140.37127272727272
2021,WR,00-0036252,Michael Pittman Jr.,104.4,140.37127272727272
2021,WR,00-0036309,Darnell Mooney,109.0,136.06074074074073
2021,WR,00-0034777,DJ Chark,112.8,136.06074074074073
2021,WR,00-0034960,Jakobi Meyers,116.2,134.04
2021,WR,00-0033536,Mike Williams,116.2,134.04
2021,WR,00-0031382,Jarvis Landry,118.2,134.04
2021,WR,00-0036357,Henry Ruggs III,123.9,129.51969696969695
2021,WR,00-0029293,Marvin Jones Jr.,126.0,129.51969696969695
2021,WR,00-0033127,Will Fuller,129.2,129.51969696969695
2021,WR,00-0036980,Elijah Moore,132.6,129.51969696969695
2021,WR,00-0034411,Russell Gage Jr.,133.8,129.51969696969695
2021,WR,00-0034764,Michael Gallup,135.4,129.51969696969695
2021,WR,00-0033282,Curtis Samuel,140.2,117.53904761904761
2021,WR,00-0035662,Hollywood Brown,140.9,117.53904761904761
2021,WR,00-0036196,Gabe Davis,144.3,117.53904761904761
2021,WR,00-0036936,Rondale Moore,146.4,117.53904761904761
2021,WR,00-0036365,Bryan Edwards,148.2,117.53904761904761
2021,WR,00-0036955,Terrace Marshall Jr.,149.0,117.53904761904761
2021,WR,00-0029000,Cole Beasley,150.9,117.53904761904761
2021,WR,00-0027942,A.J. Green,156.6,113.76222222222222
2021,WR,00-0036963,Amon-Ra St. Brown,158.5,99.38387096774193
2021,WR,00-0028002,Randall Cobb,159.7,99.38387096774193
2021,WR,00-0032160,Tyrell Williams,160.0,99.38387096774193
2021,WR,00-0031547,DeVante Parker,162.3,99.38387096774193
2021,WR,00-0031549,Nelson Agholor,170.7,79.0375
2021,WR,00-0034272,Marquez Valdes-Scantling,170.9,79.0375
2021,TE,00-0030506,Travis Kelce,8.2,240.3942857142857
2021,TE,00-0031610,Darren Waller,21.5,193.21666666666667
2021,TE,00-0033288,George Kittle,28.5,193.21666666666667
2021,TE,00-0036970,Kyle Pitts Sr.,40.3,186.94285714285712
2021,TE,00-0034753,Mark Andrews,52.8,142.73684210526318
2021,TE,00-0035229,T.J. Hockenson,55.4,142.73684210526318
2021,TE,00-0031260,Logan Thomas,72.2,133.74634146341464
2021,TE,00-0035644,Noah Fant,79.2,133.74634146341464
2021,TE,00-0033757,Robert Tonyan,87.2,133.74634146341464
2021,TE,00-0034351,Dallas Goedert,93.9,133.74634146341464
2021,TE,00-0033110,Tyler Higbee,95.8,133.74634146341464
2021,TE,00-0034829,Mike Gesicki,114.3,132.8257142857143
2021,TE,00-0034970,Irv Smith Jr.,120.3,132.8257142857143
2021,TE,00-0033858,Jonnu Smith,130.7,132.8257142857143
2021,TE,00-0027656,Rob Gronkowski,142.8,132.8257142857143
2021,TE,00-0033090,Hunter Henry,149.7,116.60714285714286
2021,TE,00-0033881,Evan Engram,150.9,116.60714285714286
2021,TE,00-0036422,Adam Trautman,151.9,106.82249999999999
2021,TE,00-0027061,Jared Cook,155.0,106.82249999999999
2021,TE,00-0033895,Gerald Everett,156.6,106.82249999999999
2021,TE,00-0030061,Zach Ertz,157.1,106.82249999999999
2021,TE,00-0036894,Pat Freiermuth,157.3,106.82249999999999
2022,QB,00-0034857,Josh Allen,20.4,310.5768421052632
2022,QB,00-0036355,Justin Herbert,33.2,310.5768421052632
2022,QB,00-0033873,Patrick Mahomes,38.3,310.5768421052632
2022,QB,00-0036442,Joe Burrow,46.1,298.556
2022,QB,00-0034796,Lamar Jackson,51.3,281.01354838709676
2022,QB,00-0036389,Jalen Hurts,56.3,281.01354838709676
2022,QB,00-0035228,Kyler Murray,61.6,281.01354838709676
2022,QB,00-0029263,Russell Wilson,72.5,252.56
2022,QB,00-0023459,Aaron Rodgers,80.2,252.56
2022,QB,00-0033077,Dak Prescott,83.6,252.56
2022,QB,00-0019596,Tom Brady,86.8,252.56
2022,QB,00-0026498,Matthew Stafford,90.3,252.56
2022,QB,00-0037012,Trey Lance,97.7,246.515
2022,QB,00-0031280,Derek Carr,103.1,246.515
2022,QB,00-0029604,Kirk Cousins,108.6,246.515
2022,QB,00-0036212,Tua Tagovailoa,121.2,246.515
2022,QB,00-0026143,Matt Ryan,132.9,221.63638095238085
2022,QB,00-0036945,Justin Fields,138.0,210.14971428571428
2022,QB,00-0036971,Trevor Lawrence,142.9,210.14971428571428
2022,QB,00-0031503,Jameis Winston,150.1,210.14971428571428
2022,RB,00-0036223,Jonathan Taylor,1.3,236.43441860465117
2022,RB,00-0033280,Christian McCaffrey,2.4,236.43441860465117
2022,RB,00-0033699,Austin Ekeler,2.7,236.43441860465117
2022,RB,00-0032764,Derrick Henry,4.3,236.43441860465117
2022,RB,00-0036893,Najee Harris,7.1,236.43441860465117
2022,RB,00-0033893,Dalvin Cook,7.5,236.43441860465117
2022,RB,00-0033897,Joe Mixon,10.1,224.70833333333334
2022,RB,00-0033906,Alvin Kamara,10.9,215.60764705882352
2022,RB,00-0036275,D'Andre Swift,12.8,215.60764705882352
2022,RB,00-0033293,Aaron Jones Sr.,14.9,215.60764705882352
2022,RB,00-0034844,Saquon Barkley,15.5,215.60764705882352
2022,RB,00-0034791,Nick Chubb,18.8,211.7807352941176
2022,RB,00-0036997,Javonte Williams,20.2,200.29999999999998
2022,RB,00-0033856,Leonard Fournette,21.9,200.29999999999998
2022,RB,00-0033045,Ezekiel Elliott,27.7,178.072
2022,RB,00-0033553,James Conner,28.4,178.072
2022,RB,00-0036414,Cam Akers,33.1,178.072
2022,RB,00-0036973,Travis Etienne Jr.,33.6,178.072
2022,RB,00-0036158,J.K. Dobbins,38.8,178.072
2022,RB,00-0035685,David Montgomery,39.3,178.072
2022,RB,00-0036567,Elijah Mitchell,42.4,156.41916666666665
2022,RB,00-0038120,Breece Hall,44.4,156.41916666666665
2022,RB,00-0035700,Josh Jacobs,46.8,156.41916666666665
2022,RB,00-0036265,AJ Dillon,48.7,143.39155555555556
2022,RB,00-0036360,Clyde Edwards-Helaire,54.3,143.39155555555556
2022,RB,00-0035657,Damien Harris,59.8,143.39155555555556
2022,RB,00-0035243,Miles Sanders,61.7,143.39155555555556
2022,RB,00-0034750,Rashaad Penny,63.3,135.454
2022,RB,00-0033923,Kareem Hunt,68.9,135.454
2022,RB,00-0034681,Chase Edmonds,69.6,135.454
2022,RB,00-0037258,Dameon Pierce,70.5,135.454
2022,RB,00-0035261,Tony Pollard,70.8,135.454
2022,RB,00-0035250,Devin Singletary,74.4,135.454
2022,RB,00-0036875,Rhamondre Stevenson,76.0,135.454
2022,RB,00-0032144,Melvin Gordon III,85.4,121.79307692307694
2022,RB,00-0030578,Cordarrelle Patterson,91.4,121.79307692307694
2022,RB,00-0037248,James Cook III,92.0,121.79307692307694
2022,RB,00-0038134,Kenneth Walker III,92.9,121.79307692307694
2022,RB,00-0034367,Nyheim Hines,93.9,121.79307692307694
2022,RB,00-0035831,James Robinson,101.5,121.41333333333334
2022,RB,00-0031687,Raheem Mostert,101.9,121.41333333333334
2022,RB,00-0036919,Kenny Gainwell,105.8,121.41333333333334
2022,RB,00-0037263,Tyler Allgeier,107.6,112.99000000000001
2022,RB,00-0032602,J.D. McKissic,110.2,112.99000000000001
2022,RB,00-0035664,Darrell Henderson Jr.,111.9,112.99000000000001
2022,RB,00-0037746,Brian Robinson Jr.,112.7,112.99000000000001
2022,RB,00-0036924,Michael Carter,113.3,112.99000000000001
2022,RB,00-0036328,Antonio Gibson,114.7,112.99000000000001
2022,RB,00-0037197,Isiah Pacheco,118.0,112.99000000000001
2022,RB,00-0033948,Jamaal Williams,121.7,111.84444444444443
2022,RB,00-0037256,Rachaad White,123.3,111.84444444444443
2022,RB,00-0034972,Alexander Mattison,128.9,94.31428571428572
2022,RB,00-0038040,Zamir White,130.5,90.08320754716979
2022,WR,00-0036322,Justin Jefferson,4.6,290.362
2022,WR,00-0033908,Cooper Kupp,5.7,257.9230769230769
2022,WR,00-0036900,Ja'Marr Chase,8.7,257.9230769230769
2022,WR,00-0031381,Davante Adams,12.0,246.06799999999998
2022,WR,00-0031588,Stefon Diggs,13.6,231.66565656565658
2022,WR,00-0036358,CeeDee Lamb,17.5,226.56363636363633
2022,WR,00-0035719,Deebo Samuel Sr.,19.6,222.21428571428572
2022,WR,00-0033040,Tyreek Hill,22.7,209.64925925925928
2022,WR,00-0036252,Michael Pittman Jr.,24.9,209.64925925925928
2022,WR,00-0031408,Mike Evans,26.5,209.64925925925928
2022,WR,00-0030279,Keenan Allen,29.5,209.64925925925928
2022,WR,00-0035676,A.J. Brown,30.4,209.64925925925928
2022,WR,00-0036410,Tee Higgins,32.5,209.64925925925928
2022,WR,00-0034827,DJ Moore,35.9,205.77529411764706
2022,WR,00-0035659,Terry McLaurin,38.0,205.77529411764706
2022,WR,00-0033536,Mike Williams,39.6,205.77529411764706
2022,WR,00-0035216,Diontae Johnson,43.4,201.60000000000002
2022,WR,00-0034348,Courtland Sutton,45.3,201.60000000000002
2022,WR,00-0036613,Jaylen Waddle,47.7,185.374
2022,WR,00-0035640,DK Metcalf,51.4,182.768
2022,WR,00-0032765,Michael Thomas,52.3,182.768
2022,WR,00-0031428,Allen Robinson II,53.5,182.768
2022,WR,00-0033921,Chris Godwin Jr.,56.5,159.34
2022,WR,00-0031236,Brandin Cooks,56.7,159.34
2022,WR,00-0036407,Jerry Jeudy,61.7,158.78833333333336
2022,WR,00-0036196,Gabe Davis,62.9,158.78833333333336
2022,WR,00-0030035,Adam Thielen,63.8,158.78833333333336
2022,WR,00-0036309,Darnell Mooney,68.1,156.59500000000003
2022,WR,00-0035662,Hollywood Brown,68.7,155.279
2022,WR,00-0034983,Hunter Renfrow,71.2,155.279
2022,WR,00-0036963,Amon-Ra St. Brown,73.4,155.279
2022,WR,00-0033857,JuJu Smith-Schuster,75.9,155.279
2022,WR,00-0036550,Rashod Bateman,81.0,155.279
2022,WR,00-0031544,Amari Cooper,84.2,143.41469879518075
2022,WR,00-0036912,DeVonta Smith,86.6,143.41469879518075
2022,WR,00-0036980,Elijah Moore,87.9,143.41469879518075
2022,WR,00-0034521,Allen Lazard,89.5,143.41469879518075
2022,WR,00-0030564,DeAndre Hopkins,90.0,143.41469879518075
2022,WR,00-0036261,Brandon Aiyuk,90.0,143.41469879518075
2022,WR,00-0034775,Christian Kirk,96.2,143.41469879518075
2022,WR,00-0037238,Drake London,102.2,143.41469879518075
2022,WR,00-0030431,Robert Woods,102.5,143.41469879518075
2022,WR,00-0036913,Kadarius Toney,102.7,143.41469879518075
2022,WR,00-0037239,Chris Olave,110.4,137.48697674418602
2022,WR,00-0032211,Tyler Lockett,112.5,137.48697674418602
2022,WR,00-0038090,Skyy Moore,118.1,137.48697674418602
2022,WR,00-0034764,Michael Gallup,118.2,137.48697674418602
2022,WR,00-0027944,Julio Jones,120.9,129.535
2022,WR,00-0033009,Tyler Boyd,123.0,129.535
2022,WR,00-0037247,George Pickens,123.6,129.535
2022,WR,00-0034272,Marquez Valdes-Scantling,129.0,129.535
2022,WR,00-0037742,Treylon Burks,129.3,129.535
2022,WR,00-0036326,Chase Claypool,133.7,129.535
2022,WR,00-0037816,Romeo Doubs,134.1,129.535
2022,WR,00-0031547,DeVante Parker,134.9,129.535
2022,WR,00-0036936,Rondale Moore,142.5,118.61692307692307
2022,WR,00-0033466,Isaiah McKenzie,152.6,117.52844444444443
2022,WR,00-0036554,Nico Collins,153.8,117.52844444444443
2022,TE,00-0030506,Travis Kelce,16.5,222.865
2022,TE,00-0034753,Mark Andrews,25.5,190.9
2022,TE,00-0036970,Kyle Pitts Sr.,31.2,190.9
2022,TE,00-0033288,George Kittle,44.2,190.9
2022,TE,00-0031610,Darren Waller,50.4,187.2
2022,TE,00-0034383,Dalton Schultz,62.6,150.34375
2022,TE,00-0034351,Dallas Goedert,75.2,131.10238095238094
2022,TE,00-0030061,Zach Ertz,89.0,131.10238095238094
2022,TE,00-0036894,Pat Freiermuth,100.0,131.10238095238094
2022,TE,00-0036290,Cole Kmet,103.6,131.10238095238094
2022,TE,00-0035689,Dawson Knox,111.5,127.77560975609754
2022,TE,00-0035229,T.J. Hockenson,120.2,127.77560975609754
2022,TE,00-0033090,Hunter Henry,134.1,127.77560975609754
2022,TE,00-0034970,Irv Smith Jr.,146.0,127.77560975609754
2022,TE,00-0033757,Robert Tonyan,147.9,120.9777777777778
2023,QB,00-0033873,Patrick Mahomes,19.6,317.96
2023,QB,00-0034857,Josh Allen,26.6,317.96
2023,QB,00-0036389,Jalen Hurts,26.9,317.96
2023,QB,00-0034796,Lamar Jackson,36.9,317.96
2023,QB,00-0036442,Joe Burrow,43.2,317.96
2023,QB,00-0036945,Justin Fields,48.8,297.24702764976956
2023,QB,00-0036355,Justin Herbert,50.3,283.8445161290322
2023,QB,00-0036971,Trevor Lawrence,58.4,283.8445161290322
2023,QB,00-0033537,Deshaun Watson,76.2,251.21499999999995
2023,QB,00-0033077,Dak Prescott,82.2,251.21499999999995
2023,QB,00-0036212,Tua Tagovailoa,84.9,251.21499999999995
2023,QB,00-0029604,Kirk Cousins,99.4,251.21499999999995
2023,QB,00-0023459,Aaron Rodgers,103.6,251.21499999999995
2023,QB,00-0035710,Daniel Jones,103.9,251.21499999999995
2023,QB,00-0030565,Geno Smith,109.9,251.21499999999995
2023,QB,00-0033106,Jared Goff,122.6,242.47200000000004
2023,QB,00-0039164,Anthony Richardson Sr.,125.5,232.27538461538458
2023,QB,00-0029263,Russell Wilson,129.9,232.27538461538458
2023,QB,00-0031280,Derek Carr,145.3,209.62272727272727
2023,QB,00-0026498,Matthew Stafford,151.0,193.77166666666668
2023,QB,00-0038102,Kenny Pickett,152.3,193.77166666666668
2023,QB,00-0037834,Brock Purdy,152.5,193.77166666666668
2023,QB,00-0036264,Jordan Love,155.5,193.77166666666668
2023,QB,00-0035228,Kyler Murray,157.3,193.59052631578948
2023,RB,00-0033280,Christian McCaffrey,2.4,238.96723404255317
2023,RB,00-0033699,Austin Ekeler,5.0,238.96723404255317
2023,RB,00-0038542,Bijan Robinson,8.8,224.2272727272727
2023,RB,00-0034844,Saquon Barkley,9.0,224.2272727272727
2023,RB,00-0034791,Nick Chubb,12.5,224.17777777777775
2023,RB,00-0035261,Tony Pollard,15.2,224.17777777777775
2023,RB,00-0032764,Derrick Henry,17.9,222.47777777777776
2023,RB,00-0035700,Josh Jacobs,21.9,197.21052631578948
2023,RB,00-0036875,Rhamondre Stevenson,23.4,197.21052631578948
2023,RB,00-0036223,Jonathan Taylor,25.9,181.29999999999998
2023,RB,00-0036893,Najee Harris,30.4,169.65
2023,RB,00-0033897,Joe Mixon,31.4,169.65
2023,RB,00-0036973,Travis Etienne Jr.,34.7,169.65
2023,RB,00-0038120,Breece Hall,36.6,169.65
2023,RB,00-0039139,Jahmyr Gibbs,36.7,169.65
2023,RB,00-0033293,Aaron Jones Sr.,38.9,169.65
2023,RB,00-0038134,Kenneth Walker III,47.9,155.44846153846154
2023,RB,00-0035243,Miles Sanders,52.9,149.13155555555556
2023,RB,00-0036158,J.K. Dobbins,55.1,149.13155555555556
2023,RB,00-0034972,Alexander Mattison,56.9,149.13155555555556
2023,RB,00-0037258,Dameon Pierce,57.0,149.13155555555556
2023,RB,00-0036414,Cam Akers,63.1,127.17241379310344
2023,RB,00-0033553,James Conner,66.2,127.17241379310344
2023,RB,00-0037256,Rachaad White,68.1,127.17241379310344
2023,RB,00-0033906,Alvin Kamara,69.2,127.17241379310344
2023,RB,00-0036997,Javonte Williams,72.8,127.17241379310344
2023,RB,00-0036275,D'Andre Swift,75.9,127.17241379310344
2023,RB,00-0035685,David Montgomery,76.8,127.17241379310344
2023,RB,00-0037248,James Cook III,77.6,127.17241379310344
2023,RB,00-0037197,Isiah Pacheco,79.2,127.17241379310344
2023,RB,00-0036328,Antonio Gibson,88.9,123.11696202531648
2023,RB,00-0036265,AJ Dillon,91.7,123.11696202531648
2023,RB,00-0037746,Brian Robinson Jr.,94.2,123.11696202531648
2023,RB,00-0036906,Khalil Herbert,94.4,123.11696202531648
2023,RB,00-0034750,Rashaad Penny,97.3,123.11696202531648
2023,RB,00-0033526,Samaje Perine,99.3,123.11696202531648
2023,RB,00-0033948,Jamaal Williams,104.2,123.11696202531648
2023,RB,00-0039165,Zach Charbonnet,107.2,118.075
2023,RB,00-0035657,Damien Harris,110.6,115.96071428571427
2023,RB,00-0031376,Jerick McKinnon,111.3,115.96071428571427
2023,RB,00-0036567,Elijah Mitchell,115.1,115.96071428571427
2023,RB,00-0039040,De'Von Achane,117.8,115.96071428571427
2023,RB,00-0037228,Jaylen Warren,119.8,107.52631578947368
2023,RB,00-0031687,Raheem Mostert,122.8,107.52631578947368
2023,RB,00-0037263,Tyler Allgeier,125.0,107.52631578947368
2023,RB,00-0035250,Devin Singletary,130.7,87.48915662650602
2023,RB,00-0036919,Kenny Gainwell,131.1,87.48915662650602
2023,RB,00-0030578,Cordarrelle Patterson,132.4,87.48915662650602
2023,RB,00-0034115,Jeff Wilson Jr.,133.2,87.48915662650602
2023,RB,00-0033925,D'Onta Foreman,137.1,87.48915662650602
2023,RB,00-0038555,Tank Bigsby,137.7,87.48915662650602
2023,RB,00-0039032,Tyjae Spears,150.9,87.48915662650602
2023,RB,00-0038040,Zamir White,153.7,87.48915662650602
2023,RB,00-0037267,Jerome Ford,157.4,87.48915662650602
2023,RB,00-0039021,Roschon Johnson,157.7,87.48915662650602
2023,RB,00-0036360,Clyde Edwards-Helaire,157.9,87.48915662650602
2023,RB,00-0034184,Gus Edwards,160.6,77.7
2023,RB,00-0036555,Chuba Hubbard,160.7,77.7
2023,RB,00-0036251,Zack Moss,163.0,69.34
2023,WR,00-0036322,Justin Jefferson,1.4,348.75
2023,WR,00-0036900,Ja'Marr Chase,2.4,348.75
2023,WR,00-0033040,Tyreek Hill,4.4,291.5371428571429
2023,WR,00-0033908,Cooper Kupp,7.0,253.8125
2023,WR,00-0031588,Stefon Diggs,8.5,253.8125
2023,WR,00-0036358,CeeDee Lamb,11.0,248.85666666666668
2023,WR,00-0035676,A.J. Brown,12.5,240.345
2023,WR,00-0036963,Amon-Ra St. Brown,13.2,231.83333333333334
2023,WR,00-0037740,Garrett Wilson,15.6,228.9238095238095
2023,WR,00-0031381,Davante Adams,15.6,228.9238095238095
2023,WR,00-0036613,Jaylen Waddle,19.9,216.75
2023,WR,00-0037239,Chris Olave,20.4,216.75
2023,WR,00-0036912,DeVonta Smith,23.3,214.80434782608697
2023,WR,00-0036410,Tee Higgins,26.6,210.90000000000003
2023,WR,00-0034837,Calvin Ridley,29.2,210.90000000000003
2023,WR,00-0030279,Keenan Allen,29.2,210.90000000000003
2023,WR,00-0035640,DK Metcalf,30.8,210.90000000000003
2023,WR,00-0031544,Amari Cooper,35.4,203.1370588235294
2023,WR,00-0035719,Deebo Samuel Sr.,37.2,203.1370588235294
2023,WR,00-0030564,DeAndre Hopkins,41.4,202.2488851540616
2023,WR,00-0037238,Drake London,44.1,198.69619047619048
2023,WR,00-0034827,DJ Moore,44.7,198.69619047619048
2023,WR,00-0036407,Jerry Jeudy,44.8,198.69619047619048
2023,WR,00-0038124,Christian Watson,48.6,194.61846153846153
2023,WR,00-0033921,Chris Godwin Jr.,49.3,183.54000000000002
2023,WR,00-0035659,Terry McLaurin,49.7,183.54000000000002
2023,WR,00-0035216,Diontae Johnson,53.4,167.75833333333335
2023,WR,00-0032211,Tyler Lockett,55.7,159.35052631578952
2023,WR,00-0036261,Brandon Aiyuk,57.0,159.35052631578952
2023,WR,00-0034775,Christian Kirk,60.3,159.35052631578952
2023,WR,00-0033536,Mike Williams,63.3,159.35052631578952
2023,WR,00-0036252,Michael Pittman Jr.,63.8,159.35052631578952
2023,WR,00-0031408,Mike Evans,67.6,150.6276923076923
2023,WR,00-0037247,George Pickens,70.0,150.6276923076923
2023,WR,00-0035662,Hollywood Brown,72.5,150.6276923076923
2023,WR,00-0037741,Jahan Dotson,73.1,150.6276923076923
2023,WR,00-0038994,Jordan Addison,78.4,150.6276923076923
2023,WR,00-0038543,Jaxon Smith-Njigba,83.0,150.6276923076923
2023,WR,00-0031236,Brandin Cooks,85.1,150.6276923076923
2023,WR,00-0034348,Courtland Sutton,87.0,150.6276923076923
2023,WR,00-0037742,Treylon Burks,88.7,150.6276923076923
2023,WR,00-0036196,Gabe Davis,89.5,150.6276923076923
2023,WR,00-0032765,Michael Thomas,91.0,150.6276923076923
2023,WR,00-0033857,JuJu Smith-Schuster,93.3,150.6276923076923
2023,WR,00-0038544,Quentin Johnston,96.1,150.6276923076923
2023,WR,00-0036980,Elijah Moore,97.2,150.6276923076923
2023,WR,00-0036913,Kadarius Toney,100.0,150.6276923076923
2023,WR,00-0039064,Zay Flowers,100.0,150.6276923076923
2023,WR,00-0036550,Rashod Bateman,102.0,150.6276923076923
2023,WR,00-0038090,Skyy Moore,109.1,137.47581395348837
2023,WR,00-0034960,Jakobi Meyers,109.4,137.47581395348837
2023,WR,00-0036554,Nico Collins,113.1,137.47581395348837
2023,WR,00-0034521,Allen Lazard,115.3,137.47581395348837
2023,WR,00-0031235,Odell Beckham Jr.,120.1,128.3484375
2023,WR,00-0037240,Jameson Williams,120.3,128.3484375
2023,WR,00-0036936,Rondale Moore,123.2,128.3484375
2023,WR,00-0030035,Adam Thielen,126.3,128.3484375
2023,WR,00-0037816,Romeo Doubs,127.7,128.3484375
2023,WR,00-0036309,Darnell Mooney,127.8,128.3484375
2023,WR,00-0033009,Tyler Boyd,130.4,128.3484375
2023,WR,00-0033891,Zay Jones,131.1,128.3484375
2023,WR,00-0034777,DJ Chark,143.2,120.27966101694915
2023,WR,00-0034764,Michael Gallup,144.6,120.27966101694915
2023,WR,00-0039062,Jonathan Mingo,152.1,120.27966101694915
2023,WR,00-0038976,Marvin Mims Jr.,154.2,120.27966101694915
2023,WR,00-0036233,Donovan Peoples-Jones,156.0,120.27966101694915
2023,WR,00-0038117,Wan'Dale Robinson,157.2,120.27966101694915
2023,WR,00-0034983,Hunter Renfrow,159.3,120.27966101694915
2023,WR,00-0034272,Marquez Valdes-Scantling,159.6,120.27966101694915
2023,WR,00-0036345,K.J. Osborn,160.2,100.17096774193547
2023,WR,00-0037664,Alec Pierce,162.0,100.17096774193547
2023,WR,00-0038938,Jalin Hyatt,163.1,100.17096774193547
2023,WR,00-0037216,Justyn Ross,164.2,100.17096774193547
2023,WR,00-0036326,Chase Claypool,169.1,100.17096774193547
2023,TE,00-0030506,Travis Kelce,5.9,262.8
2023,TE,00-0034753,Mark Andrews,28.9,187.15238095238095
2023,TE,00-0035229,T.J. Hockenson,44.2,187.15238095238095
2023,TE,00-0033288,George Kittle,55.7,148.7866666666667
2023,TE,00-0031610,Darren Waller,60.3,148.7866666666667
2023,TE,00-0034351,Dallas Goedert,69.7,134.3713630513631
2023,TE,00-0036970,Kyle Pitts Sr.,74.6,131.00779220779225
2023,TE,00-0033881,Evan Engram,87.9,131.00779220779225
2023,TE,00-0036894,Pat Freiermuth,96.1,131.00779220779225
2023,TE,00-0033885,David Njoku,103.8,131.00779220779225
2023,TE,00-0034383,Dalton Schultz,117.4,131.00779220779225
2023,TE,00-0037252,Greg Dulcich,131.4,131.00779220779225
2023,TE,00-0033110,Tyler Higbee,131.6,131.00779220779225
2023,TE,00-0037809,Chig Okonkwo,140.4,131.00779220779225
2023,TE,00-0036290,Cole Kmet,146.0,111.99285714285715
2023,TE,00-0038933,Dalton Kincaid,146.9,111.99285714285715
2023,TE,00-0035689,Dawson Knox,152.7,106.19749999999999
2023,TE,00-0039065,Sam LaPorta,152.9,106.19749999999999
2023,TE,00-0033895,Gerald Everett,154.9,106.19749999999999
2023,TE,00-0038041,Jake Ferguson,161.9,70.19859154929578
2024,QB,00-0034857,Josh Allen,25.1,316.73473684210524
2024,QB,00-0033873,Patrick Mahomes,30.8,316.73473684210524
2024,QB,00-0036389,Jalen Hurts,37.3,316.73473684210524
2024,QB,00-0034796,Lamar Jackson,44.2,282.85
2024,QB,00-0039163,C.J. Stroud,49.9,282.85
2024,QB,00-0039164,Anthony Richardson Sr.,55.2,282.85
2024,QB,00-0036442,Joe Burrow,59.7,282.85
2024,QB,00-0033077,Dak Prescott,69.8,262.71000000000004
2024,QB,00-0036264,Jordan Love,73.2,249.62333333333333
2024,QB,00-0035228,Kyler Murray,76.1,249.62333333333333
2024,QB,00-0036212,Tua Tagovailoa,88.6,249.62333333333333
2024,QB,00-0033106,Jared Goff,94.3,238.60666666666668
2024,QB,00-0039910,Jayden Daniels,99.2,238.50127659574466
2024,QB,00-0037834,Brock Purdy,105.7,238.50127659574466
2024,QB,00-0036355,Justin Herbert,114.6,238.50127659574466
2024,QB,00-0039918,Caleb Williams,116.7,238.50127659574466
2024,QB,00-0026498,Matthew Stafford,123.1,238.50127659574466
2024,QB,00-0036971,Trevor Lawrence,126.7,230.92166666666665
2024,QB,00-0029604,Kirk Cousins,130.1,230.92166666666665
2024,QB,00-0023459,Aaron Rodgers,130.4,230.92166666666665
2024,QB,00-0036945,Justin Fields,134.7,215.16727272727275
2024,QB,00-0033537,Deshaun Watson,149.3,203.6214285714286
2024,QB,00-0034855,Baker Mayfield,156.0,203.6214285714286
2024,QB,00-0030565,Geno Smith,159.8,191.03555555555556
2024,QB,00-0039152,Will Levis,160.0,191.03555555555556
2024,QB,00-0039732,Bo Nix,177.5,156.4
2024,RB,00-0033280,Christian McCaffrey,1.4,242.9947826086957
2024,RB,00-0038120,Breece Hall,2.2,242.9947826086957
2024,RB,00-0038542,Bijan Robinson,4.9,242.9947826086957
2024,RB,00-0039139,Jahmyr Gibbs,9.4,212.6491304347826
2024,RB,00-0036223,Jonathan Taylor,9.8,212.6491304347826
2024,RB,00-0034844,Saquon Barkley,11.3,212.6491304347826
2024,RB,00-0037840,Kyren Williams,15.9,212.6491304347826
2024,RB,00-0032764,Derrick Henry,15.9,212.6491304347826
2024,RB,00-0036973,Travis Etienne Jr.,17.6,212.6491304347826
2024,RB,00-0037197,Isiah Pacheco,19.8,192.29285714285714
2024,RB,00-0039040,De'Von Achane,21.4,192.29285714285714
2024,RB,00-0035700,Josh Jacobs,23.6,175.25
2024,RB,00-0037256,Rachaad White,29.0,171.53499999999997
2024,RB,00-0037248,James Cook III,30.3,171.53499999999997
2024,RB,00-0033906,Alvin Kamara,32.3,171.53499999999997
2024,RB,00-0033897,Joe Mixon,35.0,171.53499999999997
2024,RB,00-0038134,Kenneth Walker III,35.6,171.53499999999997
2024,RB,00-0033293,Aaron Jones Sr.,46.0,149.82639999999998
2024,RB,00-0033553,James Conner,47.6,149.82639999999998
2024,RB,00-0035685,David Montgomery,54.6,141.010101010101
2024,RB,00-0036275,D'Andre Swift,56.5,141.010101010101
2024,RB,00-0036875,Rhamondre Stevenson,62.0,141.010101010101
2024,RB,00-0031687,Raheem Mostert,64.1,141.010101010101
2024,RB,00-0034791,Nick Chubb,65.0,141.010101010101
2024,RB,00-0036893,Najee Harris,67.1,141.010101010101
2024,RB,00-0038040,Zamir White,67.8,141.010101010101
2024,RB,00-0036251,Zack Moss,74.4,141.010101010101
2024,RB,00-0036997,Javonte Williams,77.5,141.010101010101
2024,RB,00-0037228,Jaylen Warren,79.6,129.11229355703946
2024,RB,00-0035261,Tony Pollard,81.7,123.16338983050846
2024,RB,00-0039344,Jonathon Brooks,85.4,123.16338983050846
2024,RB,00-0035250,Devin Singletary,87.9,123.16338983050846
2024,RB,00-0033699,Austin Ekeler,88.0,123.16338983050846
2024,RB,00-0039032,Tyjae Spears,91.4,123.16338983050846
2024,RB,00-0038597,Chase Brown,91.9,123.16338983050846
2024,RB,00-0033045,Ezekiel Elliott,96.2,123.16338983050846
2024,RB,00-0037746,Brian Robinson Jr.,97.9,121.01052631578946
2024,RB,00-0037267,Jerome Ford,98.5,121.01052631578946
2024,RB,00-0034184,Gus Edwards,100.6,121.01052631578946
2024,RB,00-0039921,Trey Benson,108.5,113.31381818181819
2024,RB,00-0036555,Chuba Hubbard,108.8,113.31381818181819
2024,RB,00-0039738,Blake Corum,110.3,113.31381818181819
2024,RB,00-0036158,J.K. Dobbins,116.2,113.31381818181819
2024,RB,00-0036139,Rico Dowdle,118.9,113.31381818181819
2024,RB,00-0037263,Tyler Allgeier,125.1,113.31381818181819
2024,RB,00-0038794,Jaleel McLaughlin,126.6,103.44440909090945
2024,RB,00-0036567,Elijah Mitchell,129.8,90.28744680851064
2024,RB,00-0037276,Ty Chandler,130.3,90.28744680851064
2024,RB,00-0039165,Zach Charbonnet,130.7,90.28744680851064
2024,RB,00-0036906,Khalil Herbert,136.4,90.28744680851064
2024,RB,00-0039391,Kimani Vidal,143.9,90.28744680851064
2024,RB,00-0039875,Ray Davis,147.7,90.28744680851064
2024,RB,00-0037525,Jordan Mason,149.1,90.28744680851064
2024,RB,00-0037258,Dameon Pierce,151.4,90.28744680851064
2024,RB,00-0039361,Bucky Irving,152.9,90.28744680851064
2024,RB,00-0039874,Jaylen Wright,156.6,90.28744680851064
2024,RB,00-0036328,Antonio Gibson,158.6,90.28744680851064
2024,RB,00-0039811,MarShawn Lloyd,159.1,90.28744680851064
2024,RB,00-0034972,Alexander Mattison,160.7,90.28744680851064
2024,RB,00-0039384,Tyrone Tracy Jr.,174.0,45.8
2024,WR,00-0033040,Tyreek Hill,2.6,309.79800000000006
2024,WR,00-0036358,CeeDee Lamb,3.7,309.79800000000006
2024,WR,00-0036963,Amon-Ra St. Brown,6.2,248.62689655172417
2024,WR,00-0036900,Ja'Marr Chase,7.2,248.62689655172417
2024,WR,00-0036322,Justin Jefferson,8.0,248.62689655172417
2024,WR,00-0035676,A.J. Brown,10.9,248.62689655172417
2024,WR,00-0037740,Garrett Wilson,12.1,248.62689655172417
2024,WR,00-0039849,Marvin Harrison Jr.,14.5,233.0222222222222
2024,WR,00-0039075,Puka Nacua,15.2,233.0222222222222
2024,WR,00-0033908,Cooper Kupp,18.9,225.4818181818182
2024,WR,00-0031381,Davante Adams,20.0,218.45
2024,WR,00-0037238,Drake London,21.5,216.4532
2024,WR,00-0035719,Deebo Samuel Sr.,23.0,216.4532
2024,WR,00-0037239,Chris Olave,26.2,216.4532
2024,WR,00-0036613,Jaylen Waddle,29.1,216.4532
2024,WR,00-0036554,Nico Collins,32.1,216.4532
2024,WR,00-0031408,Mike Evans,33.5,213.075
2024,WR,00-0036912,DeVonta Smith,38.3,204.02235294117648
2024,WR,00-0039337,Malik Nabers,38.3,204.02235294117648
2024,WR,00-0035640,DK Metcalf,40.7,204.02235294117648
2024,WR,00-0031588,Stefon Diggs,41.8,203.3856318785579
2024,WR,00-0034827,DJ Moore,43.7,203.22645161290325
2024,WR,00-0036252,Michael Pittman Jr.,45.2,203.22645161290325
2024,WR,00-0036261,Brandon Aiyuk,48.1,203.22645161290325
2024,WR,00-0031544,Amari Cooper,49.2,186.26153846153846
2024,WR,00-0036410,Tee Higgins,51.8,175.2389140271494
2024,WR,00-0034775,Christian Kirk,55.6,171.56470588235297
2024,WR,00-0039064,Zay Flowers,56.8,161.80249999999998
2024,WR,00-0038977,Tank Dell,57.5,161.80249999999998
2024,WR,00-0037247,George Pickens,59.8,161.80249999999998
2024,WR,00-0030279,Keenan Allen,63.5,161.80249999999998
2024,WR,00-0039067,Rashee Rice,64.2,161.80249999999998
2024,WR,00-0039146,Jayden Reed,65.1,160.96500000000006
2024,WR,00-0033921,Chris Godwin Jr.,68.4,150.16033898305088
2024,WR,00-0035659,Terry McLaurin,70.2,150.16033898305088
2024,WR,00-0034837,Calvin Ridley,74.7,150.16033898305088
2024,WR,00-0039894,Xavier Worthy,81.9,150.16033898305088
2024,WR,00-0035662,Hollywood Brown,82.2,150.16033898305088
2024,WR,00-0038124,Christian Watson,84.2,150.16033898305088
2024,WR,00-0039901,Keon Coleman,88.1,147.92875000000004
2024,WR,00-0038543,Jaxon Smith-Njigba,90.5,145.87764705882356
2024,WR,00-0035216,Diontae Johnson,92.1,145.87764705882356
2024,WR,00-0039919,Rome Odunze,97.7,145.87764705882356
2024,WR,00-0039915,Ladd McConkey,98.4,145.87764705882356
2024,WR,00-0037816,Romeo Doubs,103.0,145.87764705882356
2024,WR,00-0030564,DeAndre Hopkins,104.5,145.87764705882356
2024,WR,00-0032211,Tyler Lockett,106.6,139.51848238482404
2024,WR,00-0037240,Jameson Williams,107.8,131.8887804878049
2024,WR,00-0034348,Courtland Sutton,110.8,131.8887804878049
2024,WR,00-0039893,Brian Thomas Jr.,114.2,131.8887804878049
2024,WR,00-0033536,Mike Williams,116.1,131.8887804878049
2024,WR,00-0037261,Khalil Shakir,117.4,131.8887804878049
2024,WR,00-0033282,Curtis Samuel,122.6,127.05391304347825
2024,WR,00-0036988,Joshua Palmer,130.5,125.11534883720925
2024,WR,00-0034960,Jakobi Meyers,131.7,125.11534883720925
2024,WR,00-0036407,Jerry Jeudy,132.9,125.11534883720925
2024,WR,00-0038994,Jordan Addison,134.1,125.11534883720925
2024,WR,00-0031236,Brandin Cooks,135.1,125.11534883720925
2024,WR,00-0037545,Rashid Shaheed,139.8,118.585
2024,WR,00-0039342,Xavier Legette,141.3,118.585
2024,WR,00-0037741,Jahan Dotson,152.0,117.16424242424243
2024,WR,00-0038544,Quentin Johnston,152.2,117.16424242424243
2024,WR,00-0038997,Josh Downs,155.9,112.65090909090908
2024,WR,00-0030035,Adam Thielen,159.0,97.98296296296296
2024,WR,00-0038393,Dontayvion Wicks,160.0,97.98296296296296
2024,WR,00-0039890,Adonai Mitchell,160.9,97.98296296296296
2024,WR,00-0036309,Darnell Mooney,161.8,97.98296296296296
2024,WR,00-0039916,Ricky Pearsall,162.7,97.98296296296296
2024,WR,00-0039907,Ja'Lynn Polk,163.4,97.98296296296296
2024,WR,00-0036550,Rashod Bateman,169.6,67.10000000000001
2024,WR,00-0036196,Gabe Davis,169.6,67.10000000000001
2024,WR,00-0038559,Michael Wilson,170.2,67.10000000000001
2024,TE,00-0030506,Travis Kelce,24.4,186.29000000000002
2024,TE,00-0039065,Sam LaPorta,29.4,186.29000000000002
2024,TE,00-0034753,Mark Andrews,41.2,186.29000000000002
2024,TE,00-0037744,Trey McBride,50.4,144.59047619047618
2024,TE,00-0038933,Dalton Kincaid,59.1,144.59047619047618
2024,TE,00-0033288,George Kittle,66.7,141.17675070028008
2024,TE,00-0036970,Kyle Pitts Sr.,72.8,132.9761904761905
2024,TE,00-0033881,Evan Engram,79.5,132.9761904761905
2024,TE,00-0038041,Jake Ferguson,89.2,132.9761904761905
2024,TE,00-0033885,David Njoku,101.1,132.9761904761905
2024,TE,00-0034351,Dallas Goedert,105.5,131.4416149068323
2024,TE,00-0034383,Dalton Schultz,117.9,126.6857142857143
2024,TE,00-0035229,T.J. Hockenson,118.7,126.6857142857143
2024,TE,00-0039338,Brock Bowers,121.7,126.10499999999998
2024,TE,00-0036894,Pat Freiermuth,135.5,126.10499999999998
2024,TE,00-0036290,Cole Kmet,137.1,126.10499999999998
2024,TE,00-0039144,Luke Musgrave,151.7,117.2413461538463
2024,TE,00-0037838,Isaiah Likely,152.0,114.31153846153846
2024,TE,00-0033357,Taysom Hill,155.9,114.31153846153846
2024,TE,00-0035689,Dawson Knox,165.9,114.31153846153846
