name,position,value,p_avail_at_88,p_avail_at_105,p_avail_at_116,p_avail_at_125,p_avail_at_136,p_avail_at_145
Dak Prescott,QB,6.750729941086178,1.0,0.444,0.32625,0.193875,0.14975,0.10825
Wan'Dale Robinson,WR,6.366214107905339,1.0,0.074375,0.00775,0.001,0.0,0.0
Jakobi Meyers,WR,6.292464674343118,1.0,0.09075,0.011,0.001875,0.000125,0.0
Quentin Johnston,WR,5.848660116757597,1.0,0.21,0.04225,0.00875,0.0005,0.0
Patrick Mahomes,QB,5.814354847552749,1.0,0.726875,0.623,0.493375,0.4145,0.342875
Bo Nix,QB,5.747689138692299,1.0,0.744625,0.638125,0.514125,0.43775,0.3665
Jared Goff,QB,5.6208548475527484,1.0,0.774375,0.68225,0.571625,0.49425,0.424875
Jaxson Dart,QB,5.531354847552748,1.0,0.785,0.69,0.57925,0.49975,0.430625
Matthew Stafford,QB,5.489354847552752,1.0,0.80625,0.7165,0.60925,0.5295,0.458625
Justin Herbert,QB,5.452854847552748,1.0,0.809875,0.721375,0.61025,0.5315,0.4555
Trevor Lawrence,QB,5.333354847552748,1.0,0.825625,0.733875,0.635,0.562,0.490375
Alec Pierce,WR,5.2287089617977545,1.0,0.433,0.169,0.064625,0.012,0.003
Stefon Diggs,WR,4.753033801097173,1.0,0.60525,0.347625,0.186125,0.060875,0.020375
Josh Downs,WR,4.713033801097173,1.0,0.629,0.353,0.195875,0.07075,0.026375
Brock Purdy,QB,4.572854847552748,1.0,0.918,0.86975,0.809875,0.753375,0.694125
Michael Wilson,WR,4.473033801097173,1.0,0.6955,0.444875,0.272625,0.114875,0.0485
Rico Dowdle,RB,4.421666052831662,1.0,0.179625,0.03275,0.006875,0.001375,0.0
Deebo Samuel Sr.,WR,4.388064788882858,1.0,0.723625,0.48125,0.313375,0.147125,0.068375
Jayden Reed,WR,4.215533801097173,1.0,0.76775,0.54325,0.3745,0.193375,0.098375
Khalil Shakir,WR,4.195564788882858,1.0,0.754875,0.543875,0.381,0.2,0.098875
Xavier Worthy,WR,4.135564788882857,1.0,0.777625,0.563625,0.401125,0.214,0.10825
Baker Mayfield,QB,3.914361965319153,1.0,0.9585,0.933375,0.89225,0.8575,0.814875
Jayden Higgins,WR,3.787655271368103,1.0,0.845875,0.6775,0.534125,0.348125,0.21
Matthew Golden,WR,3.787655271368103,1.0,0.850625,0.68275,0.539875,0.353875,0.2165
KC Concepcion,WR,3.787655271368103,1.0,0.836875,0.677125,0.53,0.343,0.21375
Theo Wease Jr.,WR,3.787655271368103,1.0,0.835,0.676875,0.52625,0.342625,0.2085
Jerry Jeudy,WR,3.7264052713681033,1.0,0.84525,0.688625,0.554625,0.375125,0.241125
Romeo Doubs,WR,3.631405271368103,1.0,0.8595,0.70925,0.581625,0.406875,0.267375
Tyler Shough,QB,3.5904126724764502,1.0,0.9705,0.94725,0.919125,0.8895,0.856375
Tre Tucker,WR,3.503905271368103,1.0,0.881625,0.756875,0.638875,0.46975,0.3295
Calvin Ridley,WR,3.426405271368103,1.0,0.8915,0.7685,0.65275,0.487625,0.347875
Jordan Love,QB,3.345513193205074,1.0,0.978,0.96325,0.942875,0.9155,0.88875
C.J. Stroud,QB,3.331013193205074,1.0,0.9775,0.961625,0.940875,0.915625,0.891375
Jalen Coker,WR,3.321405271368105,1.0,0.89775,0.791625,0.68825,0.532625,0.3945
Ricky Pearsall,WR,3.321405271368105,1.0,0.89725,0.7855,0.68175,0.525125,0.39375
Rashid Shaheed,WR,3.321405271368103,1.0,0.902125,0.790375,0.678125,0.513875,0.3815
John Metchie III,WR,3.321405271368103,1.0,0.904625,0.796125,0.6915,0.52975,0.3975
Jauan Jennings,WR,3.321405271368103,1.0,0.902,0.793,0.69225,0.534375,0.39
Rachaad White,RB,3.2720444563134556,1.0,0.596875,0.331625,0.17575,0.058375,0.01775
Kyle Monangai,RB,3.2670444563134557,1.0,0.588125,0.322,0.171375,0.057375,0.0215
Jalen McMillan,WR,3.1609002187927575,1.0,0.914125,0.823875,0.732,0.58675,0.449125
Antonio Williams,WR,2.956009439429809,1.0,0.932375,0.85625,0.781,0.654,0.531125
De'Zhaun Stribling,WR,2.956009439429809,1.0,0.93075,0.85675,0.781125,0.654625,0.533375
Ja'Kobi Lane,WR,2.956009439429809,1.0,0.92975,0.850625,0.7665,0.64525,0.52375
Denzel Boston,WR,2.956009439429809,1.0,0.92825,0.848125,0.7705,0.648,0.53025
Kenny Gainwell,RB,2.882044456313456,1.0,0.702875,0.470875,0.302625,0.14375,0.0615
Aaron Jones Sr.,RB,2.7095444563134556,1.0,0.746625,0.524,0.361875,0.189625,0.095125
Rashod Bateman,WR,2.652259439429809,1.0,0.947875,0.888,0.82425,0.723125,0.62475
J.K. Dobbins,RB,2.6520444563134555,1.0,0.758625,0.5535,0.38925,0.208125,0.110625
Malik Washington,WR,2.6097594394298107,1.0,0.952375,0.89475,0.837875,0.740875,0.64425
Jacory Croskey-Merritt,RB,2.5921937230234446,1.0,0.767,0.565125,0.4085,0.2235,0.11075
Sam Darnold,QB,2.5779126724764483,1.0,0.989875,0.983125,0.974,0.959875,0.942375
Kyler Murray,QB,2.5779126724764483,1.0,0.98925,0.983,0.973875,0.96,0.948375
Tank Dell,WR,2.4897594394298106,1.0,0.957875,0.909,0.86025,0.7685,0.67325
Daniel Jones,QB,2.451013193205074,1.0,0.991125,0.98375,0.9765,0.966375,0.953625
Malik Willis,QB,2.451013193205072,1.0,0.992375,0.984625,0.9755,0.963125,0.951875
Travis Kelce,TE,2.3721746627675344,1.0,0.556375,0.343125,0.241625,0.14675,0.0955
Travis Hunter,WR,2.0312941707871355,1.0,0.974875,0.947375,0.91425,0.852625,0.790375
Isaac TeSlaa,WR,2.0312941707871355,1.0,0.973625,0.945375,0.912625,0.857125,0.795375
Jake Ferguson,TE,1.8632591762304391,1.0,0.69275,0.516,0.399125,0.286375,0.202625
Blake Corum,RB,1.8154332672888045,1.0,0.891625,0.782,0.681625,0.521125,0.382
Dallas Goedert,TE,1.7846746627675345,1.0,0.722,0.547625,0.432125,0.311625,0.229625
Germie Bernard,WR,1.73383877796567,1.0,0.981125,0.959,0.93125,0.890125,0.843125
Cyrus Allen,WR,1.73383877796567,1.0,0.98375,0.9595,0.936625,0.893375,0.84
Jordan Mason,RB,1.6904332672888045,1.0,0.909,0.803875,0.701625,0.551125,0.421125
Tyjae Spears,RB,1.665137024432688,1.0,0.915,0.8155,0.720125,0.567,0.43425
Mark Andrews,TE,1.6507591762304394,1.0,0.751625,0.58575,0.47375,0.34525,0.261625
George Kittle,TE,1.6157591762304393,1.0,0.765625,0.60525,0.4855,0.36425,0.277625
Adonai Mitchell,WR,1.5650441707871372,1.0,0.984125,0.964375,0.944625,0.907125,0.864625
Jalen Nailor,WR,1.5650441707871354,1.0,0.98625,0.966375,0.94575,0.907375,0.86375
Cooper Kupp,WR,1.5650441707871354,1.0,0.98525,0.967125,0.947375,0.9105,0.868875
Oronde Gadsden II,TE,1.4928295607167923,1.0,0.791,0.639875,0.521375,0.398625,0.31475
Kenyon Sadiq,TE,1.4928295607167923,1.0,0.79075,0.637875,0.529375,0.409125,0.323625
Isaiah Likely,TE,1.4907591762304393,1.0,0.792875,0.6405,0.532875,0.412,0.31725
Tory Horton,WR,1.3554082006065222,1.0,0.986875,0.972375,0.957375,0.9275,0.896125
Zachariah Branch,WR,1.3554082006065211,1.0,0.987125,0.972,0.955875,0.92625,0.89275
Omar Cooper Jr.,WR,1.3554082006065211,1.0,0.98675,0.971875,0.957375,0.928375,0.8975
Woody Marks,RB,1.2825374584407907,1.0,0.945375,0.872375,0.802375,0.692125,0.577375
Jaydon Blue,RB,1.2825374584407907,1.0,0.93775,0.87075,0.80025,0.687875,0.577875
Kaelon Black,RB,1.278992968504241,1.0,0.9455,0.880625,0.808375,0.697875,0.59
Nicholas Singleton,RB,1.271917178802127,1.0,0.94375,0.874875,0.811125,0.700125,0.58225
Mike Washington Jr.,RB,1.271917178802127,1.0,0.938625,0.86975,0.804875,0.6945,0.5865
Dylan Sampson,RB,1.271917178802127,1.0,0.940375,0.869125,0.80925,0.697125,0.582875
Emmett Johnson,RB,1.271917178802127,1.0,0.945,0.872,0.802875,0.692625,0.58425
Jordan James,RB,1.271917178802127,1.0,0.943125,0.877875,0.806375,0.695875,0.58675
Demond Claiborne,RB,1.271917178802127,1.0,0.941125,0.871625,0.805125,0.693875,0.581
Dalton Schultz,TE,1.1828295607167925,1.0,0.84075,0.725625,0.62975,0.510625,0.419625
Tyrone Tracy Jr.,RB,1.1125374584407908,1.0,0.950125,0.89175,0.829625,0.7305,0.63175
Darnell Mooney,WR,1.1091582006065224,1.0,0.991,0.978125,0.963,0.938625,0.91425
Juwan Johnson,TE,1.0953295607167923,1.0,0.855,0.742375,0.6485,0.5375,0.444
Hunter Henry,TE,1.0403295607167942,1.0,0.8695,0.764,0.672375,0.55775,0.467
Zach Charbonnet,RB,0.9825374584407908,1.0,0.9535,0.903375,0.852375,0.76,0.66775
Pat Freiermuth,TE,0.9703295607167924,1.0,0.87575,0.773625,0.691375,0.578875,0.488
Tyler Allgeier,RB,0.9244171788021271,1.0,0.95975,0.907125,0.85,0.770625,0.679375
Samaje Perine,RB,0.909417178802127,1.0,0.961,0.91025,0.861,0.776375,0.688625
Tyquan Thornton,WR,0.8891582006065222,1.0,0.991,0.98075,0.97125,0.951,0.929625
Christian Kirk,WR,0.8891582006065222,1.0,0.992,0.983375,0.974,0.957375,0.9365
Ryan Flournoy,WR,0.8891582006065222,1.0,0.991375,0.983125,0.973,0.954375,0.9345
Dontayvion Wicks,WR,0.8891582006065222,1.0,0.99,0.98175,0.972125,0.953625,0.9325
Kayshon Boutte,WR,0.8891582006065222,1.0,0.992375,0.980125,0.969375,0.953125,0.93225
Brian Robinson Jr.,RB,0.8669171788021272,1.0,0.961375,0.9115,0.87025,0.79025,0.705875
T.J. Hockenson,TE,0.8203295607167924,1.0,0.895125,0.802,0.72225,0.621625,0.534625
Dalton Kincaid,TE,0.7903295607167924,1.0,0.896,0.805125,0.728625,0.629625,0.541125
Ray Davis,RB,0.7094171788021272,1.0,0.968375,0.93075,0.889375,0.821,0.7495
Isiah Pacheco,RB,0.6675374584407916,1.0,0.96825,0.933,0.893375,0.819625,0.750625
Tank Bigsby,RB,0.6675374584407907,1.0,0.968875,0.932625,0.893,0.8305,0.757375
Chris Rodriguez Jr.,RB,0.6675374584407907,1.0,0.968375,0.93225,0.89575,0.828625,0.7565
Keaton Mitchell,RB,0.6675374584407907,1.0,0.970875,0.93375,0.89275,0.82275,0.7565
Alvin Kamara,RB,0.6675374584407907,1.0,0.971375,0.9335,0.892875,0.830625,0.756625
Emari Demercado,RB,0.656917178802128,1.0,0.970875,0.937,0.898875,0.83,0.76
Justice Hill,RB,0.6569171788021271,1.0,0.968875,0.93325,0.8985,0.828375,0.750625
James Conner,RB,0.6569171788021271,1.0,0.966,0.92975,0.8885,0.821125,0.7565
AJ Dillon,RB,0.6569171788021271,1.0,0.971125,0.933125,0.896375,0.829625,0.767
Ty Johnson,RB,0.6569171788021271,1.0,0.967125,0.930375,0.89125,0.823875,0.75525
Kimani Vidal,RB,0.6569171788021271,1.0,0.96725,0.9275,0.886875,0.819,0.755375
Brenton Strange,TE,-1.5803039016704905,1.0,0.99075,0.98225,0.974625,0.962,0.9475
Chig Okonkwo,TE,-2.4644841457792697,1.0,0.996625,0.99325,0.990625,0.985375,0.9795
