player_id,player_name,player_display_name,position,position_group,headshot_url,season,week,season_type,game_id,team,opponent_team,completions,attempts,passing_yards,passing_tds,passing_interceptions,sacks_suffered,sack_yards_lost,sack_fumbles,sack_fumbles_lost,passing_air_yards,passing_yards_after_catch,passing_first_downs,passing_epa,passing_cpoe,passing_2pt_conversions,pacr,passing_10,passing_16,passing_20,passing_40,carries,rushing_yards,rushing_tds,rushing_fumbles,rushing_fumbles_lost,rushing_first_downs,rushing_epa,rushing_2pt_conversions,rushing_10,rushing_12,rushing_20,rushing_40,receptions,targets,receiving_yards,receiving_tds,receiving_fumbles,receiving_fumbles_lost,receiving_air_yards,receiving_yards_after_catch,receiving_first_downs,receiving_epa,receiving_2pt_conversions,receiving_10,receiving_16,receiving_20,receiving_40,racr,target_share,air_yards_share,wopr,special_teams_tds,def_tackles_solo,def_tackles_with_assist,def_tackle_assists,def_tackles_for_loss,def_tackles_for_loss_yards,def_fumbles_forced,def_sacks,def_sack_yards,def_qb_hits,def_interceptions,def_interception_yards,def_pass_defended,def_tds,def_fumbles,def_safeties,misc_yards,fumble_recovery_own,fumble_recovery_yards_own,fumble_recovery_opp,fumble_recovery_yards_opp,fumble_recovery_tds,penalties,penalty_yards,fumbles_forced_by_opp,fumbles_not_forced,fumbles_out_of_bounds,fumbles_total,fumbles_lost_total,punt_returns,punt_return_yards,kickoff_returns,kickoff_return_yards,fg_made,fg_att,fg_missed,fg_blocked,fg_long,fg_pct,fg_made_0_19,fg_made_20_29,fg_made_30_39,fg_made_40_49,fg_made_50_59,fg_made_60_,fg_missed_0_19,fg_missed_20_29,fg_missed_30_39,fg_missed_40_49,fg_missed_50_59,fg_missed_60_,fg_made_list,fg_missed_list,fg_blocked_list,fg_made_distance,fg_missed_distance,fg_blocked_distance,pat_made,pat_att,pat_missed,pat_blocked,pat_pct,gwfg_made,gwfg_att,gwfg_missed,gwfg_blocked,gwfg_distance,pt_att,pt_blocked,pt_long,pt_yards,pt_inside_20,pt_out_of_bounds,pt_downed,pt_touchback,pt_fair_caught,pt_returned,pt_return_yards,pt_return_tds,pt_net_yards,fantasy_points,fantasy_points_ppr,gsis_id,name,wr_adp_rank
00-0036912,D.Smith,DeVonta Smith,WR,WR,"https://static.www.nfl.com/image/upload/f_auto,q_auto/league/vj2fz8veorg1k5qthnjm",2021,1,REG,2021_01_PHI_ATL,PHI,ATL,0,0,0,0,0,0,0,0,0,0,0,0,,,0,,0,0,0,0,0,0,0,0,0,0,,0,0,0,0,0,6,8,71,1,0,0,56,17,4,4.999961125548,0,3,3,0,0,1.26785714285714,0.25,0.4375,0.68125,0,0,0,0,0,0,0,0.0,0.0,0,0,0,0,0,0,0,0,0,0,0,0,0,0,0,0,0,0,0,0,0,0,0,0,0,0,0,0,,,0,0,0,0,0,0,0,0,0,0,0,0,,,,0,0,0,0,0,0,0,,0,0,0,0,0,0,0,,0,0,0,0,0,0,0,0,0,0,13.1,19.1,00-0036912,DeVonta Smith,16
00-0036912,D.Smith,DeVonta Smith,WR,WR,"https://static.www.nfl.com/image/upload/f_auto,q_auto/league/vj2fz8veorg1k5qthnjm",2021,2,REG,2021_02_SF_PHI,PHI,SF,0,0,0,0,0,0,0,0,0,0,0,0,,,0,,0,0,0,0,0,0,0,0,0,0,,0,0,0,0,0,2,7,16,0,0,0,168,4,1,-3.74373788909538,0,1,0,0,0,0.0952380952380952,0.291666666666667,0.497041420118343,0.78542899408284,0,0,0,0,0,0,0,0.0,0.0,0,0,0,0,0,0,0,0,0,0,0,0,0,0,0,0,0,0,0,0,0,0,0,0,0,0,0,0,,,0,0,0,0,0,0,0,0,0,0,0,0,,,,0,0,0,0,0,0,0,,0,0,0,0,0,0,0,,0,0,0,0,0,0,0,0,0,0,1.6,3.6,00-0036912,DeVonta Smith,16
00-0036912,D.Smith,DeVonta Smith,WR,WR,"https://static.www.nfl.com/image/upload/f_auto,q_auto/league/vj2fz8veorg1k5qthnjm",2021,3,REG,2021_03_PHI_DAL,PHI,DAL,0,0,0,0,0,0,0,0,0,0,0,0,,,0,,0,0,0,0,0,0,0,0,0,0,,0,0,0,0,0,3,6,28,0,0,0,77,13,1,-9.7071403353475,0,1,1,0,0,0.363636363636364,0.157894736842105,0.277978339350181,0.431426942808284,0,0,0,0,0,0,0,0.0,0.0,0,0,0,0,0,0,0,0,0,0,0,0,0,0,0,0,0,0,0,0,0,0,0,0,0,0,0,0,,,0,0,0,0,0,0,0,0,0,0,0,0,,,,0,0,0,0,0,0,0,,0,0,0,0,0,0,0,,0,0,0,0,0,0,0,0,0,0,2.8,5.8,00-0036912,DeVonta Smith,16
00-0036912,D.Smith,DeVonta Smith,WR,WR,"https://static.www.nfl.com/image/upload/f_auto,q_auto/league/vj2fz8veorg1k5qthnjm",2021,4,REG,2021_04_KC_PHI,PHI,KC,0,0,0,0,0,0,0,0,0,0,0,0,,,0,,0,0,0,0,0,0,0,0,0,0,,0,0,0,0,0,7,10,122,0,0,0,159,38,6,6.44199460462551,0,5,4,3,0,0.767295597484277,0.227272727272727,0.462209302325581,0.664455602536998,0,0,0,0,0,0,0,0.0,0.0,0,0,0,0,0,0,0,0,0,0,0,0,0,1,0,0,0,0,0,0,0,0,0,0,0,0,0,0,,,0,0,0,0,0,0,0,0,0,0,0,0,,,,0,0,0,0,0,0,0,,0,0,0,0,0,0,0,,0,0,0,0,0,0,0,0,0,0,12.2,19.2,00-0036912,DeVonta Smith,16
00-0036912,D.Smith,DeVonta Smith,WR,WR,"https://static.www.nfl.com/image/upload/f_auto,q_auto/league/vj2fz8veorg1k5qthnjm",2021,5,REG,2021_05_PHI_CAR,PHI,CAR,0,0,0,0,0,0,0,0,0,0,0,0,,,0,,0,0,0,0,0,0,0,0,0,0,,0,0,0,0,0,7,9,77,0,1,1,65,21,3,-2.19800504676811,1,5,1,0,0,1.18461538461538,0.264705882352941,0.223367697594502,0.553416211845563,0,0,0,0,0,0,0,0.0,0.0,0,0,0,0,0,0,0,0,0,0,0,0,0,0,0,1,0,0,1,1,0,0,0,0,0,0,0,0,,,0,0,0,0,0,0,0,0,0,0,0,0,,,,0,0,0,0,0,0,0,,0,0,0,0,0,0,0,,0,0,0,0,0,0,0,0,0,0,7.7,14.7,00-0036912,DeVonta Smith,16
00-0036912,D.Smith,DeVonta Smith,WR,WR,"https://static.www.nfl.com/image/upload/f_auto,q_auto/league/vj2fz8veorg1k5qthnjm",2021,6,REG,2021_06_TB_PHI,PHI,TB,0,0,0,0,0,0,0,0,0,0,0,0,,,0,,0,0,0,0,0,0,0,0,0,0,,0,0,0,0,0,2,4,31,0,0,0,70,5,1,-0.433634651592001,0,1,1,1,0,0.442857142857143,0.166666666666667,0.246478873239437,0.422535211267606,0,0,0,0,0,0,0,0.0,0.0,0,0,0,0,0,0,0,0,0,0,0,0,0,0,0,0,0,0,0,0,0,0,0,0,0,0,0,0,,,0,0,0,0,0,0,0,0,0,0,0,0,,,,0,0,0,0,0,0,0,,0,0,0,0,0,0,0,,0,0,0,0,0,0,0,0,0,0,3.1,5.1,00-0036912,DeVonta Smith,16
00-0036912,D.Smith,DeVonta Smith,WR,WR,"https://static.www.nfl.com/image/upload/f_auto,q_auto/league/vj2fz8veorg1k5qthnjm",2021,7,REG,2021_07_PHI_LV,PHI,LV,0,0,0,0,0,0,0,0,0,0,0,0,,,0,,0,0,0,0,0,0,0,0,0,0,,0,0,0,0,0,5,9,61,0,0,0,108,8,4,2.51435988309095,0,2,2,2,0,0.564814814814815,0.290322580645161,0.266666666666667,0.622150537634409,0,0,0,0,0,0,0,0.0,0.0,0,0,0,0,0,0,0,0,0,0,0,0,0,0,0,0,0,0,0,0,0,0,0,0,0,0,0,0,,,0,0,0,0,0,0,0,0,0,0,0,0,,,,0,0,0,0,0,0,0,,0,0,0,0,0,0,0,,0,0,0,0,0,0,0,0,0,0,6.1,11.1,00-0036912,DeVonta Smith,16
00-0036912,D.Smith,DeVonta Smith,WR,WR,"https://static.www.nfl.com/image/upload/f_auto,q_auto/league/vj2fz8veorg1k5qthnjm",2021,8,REG,2021_08_PHI_DET,PHI,DET,0,0,0,0,0,0,0,0,0,0,0,0,,,0,,0,0,0,0,0,0,0,0,0,0,,0,0,0,0,0,1,3,15,0,0,0,64,0,1,1.20881611364894,0,1,0,0,0,0.234375,0.1875,0.463768115942029,0.60588768115942,0,0,0,0,0,0,0,0.0,0.0,0,0,0,0,0,0,0,0,0,0,0,0,0,0,0,0,0,0,0,0,0,0,0,0,0,0,0,0,,,0,0,0,0,0,0,0,0,0,0,0,0,,,,0,0,0,0,0,0,0,,0,0,0,0,0,0,0,,0,0,0,0,0,0,0,0,0,0,1.5,2.5,00-0036912,DeVonta Smith,16
00-0036912,D.Smith,DeVonta Smith,WR,WR,"https://static.www.nfl.com/image/upload/f_auto,q_auto/league/vj2fz8veorg1k5qthnjm",2021,9,REG,2021_09_LAC_PHI,PHI,LAC,0,0,0,0,0,0,0,0,0,0,0,0,,,0,,0,0,0,0,0,0,0,0,0,0,,0,0,0,0,0,5,6,116,1,0,0,105,17,5,10.0154386037633,0,5,5,3,0,1.1047619047619,0.375,0.509708737864078,0.919296116504854,0,0,0,0,0,0,0,0.0,0.0,0,0,0,0,0,0,0,0,0,0,0,0,0,0,0,0,0,0,0,0,0,0,0,0,0,0,0,0,,,0,0,0,0,0,0,0,0,0,0,0,0,,,,0,0,0,0,0,0,0,,0,0,0,0,0,0,0,,0,0,0,0,0,0,0,0,0,0,17.6,22.6,00-0036912,DeVonta Smith,16
00-0036912,D.Smith,DeVonta Smith,WR,WR,"https://static.www.nfl.com/image/upload/f_auto,q_auto/league/vj2fz8veorg1k5qthnjm",2021,10,REG,2021_10_PHI_DEN,PHI,DEN,0,0,0,0,0,0,0,0,0,0,0,0,,,0,,0,0,0,0,0,0,0,0,0,0,,0,0,0,0,0,4,6,66,2,0,0,98,15,4,6.28191690298263,0,3,1,1,0,0.673469387755102,0.272727272727273,0.411764705882353,0.697326203208556,0,1,0,0,0,0,0,0.0,0.0,0,0,0,0,0,0,0,0,0,0,0,0,0,0,0,0,0,0,0,0,0,0,0,0,0,0,0,0,,,0,0,0,0,0,0,0,0,0,0,0,0,,,,0,0,0,0,0,0,0,,0,0,0,0,0,0,0,,0,0,0,0,0,0,0,0,0,0,18.6,22.6,00-0036912,DeVonta Smith,16
00-0036912,D.Smith,DeVonta Smith,WR,WR,"https://static.www.nfl.com/image/upload/f_auto,q_auto/league/vj2fz8veorg1k5qthnjm",2021,11,REG,2021_11_NO_PHI,PHI,NO,0,0,0,0,0,0,0,0,0,0,0,0,,,0,,0,0,0,0,0,0,0,0,0,0,,0,0,0,0,0,4,6,61,0,0,0,69,33,2,4.16449135559774,0,2,1,1,0,0.884057971014493,0.260869565217391,0.341584158415842,0.630413258717176,0,0,0,0,0,0,0,0.0,0.0,0,0,0,0,0,0,0,0,0,0,0,0,0,1,10,0,0,0,0,0,0,0,0,0,0,0,0,0,,,0,0,0,0,0,0,0,0,0,0,0,0,,,,0,0,0,0,0,0,0,,0,0,0,0,0,0,0,,0,0,0,0,0,0,0,0,0,0,6.1,10.1,00-0036912,DeVonta Smith,16
00-0036912,D.Smith,DeVonta Smith,WR,WR,"https://static.www.nfl.com/image/upload/f_auto,q_auto/league/vj2fz8veorg1k5qthnjm",2021,12,REG,2021_12_PHI_NYG,PHI,NYG,0,0,0,0,0,0,0,0,0,0,0,0,,,0,,0,0,0,0,0,0,0,0,0,0,,0,0,0,0,0,2,4,22,0,0,0,41,0,2,1.04020244372077,0,1,0,0,0,0.536585365853659,0.137931034482759,0.137123745819398,0.302883173797717,0,1,0,0,0,0,1,0.0,0.0,0,0,0,0,0,0,0,0,0,0,0,0,0,0,0,0,0,0,0,0,0,0,0,0,0,0,0,0,,,0,0,0,0,0,0,0,0,0,0,0,0,,,,0,0,0,0,0,0,0,,0,0,0,0,0,0,0,,0,0,0,0,0,0,0,0,0,0,2.2,4.2,00-0036912,DeVonta Smith,16
00-0036912,D.Smith,DeVonta Smith,WR,WR,"https://static.www.nfl.com/image/upload/f_auto,q_auto/league/vj2fz8veorg1k5qthnjm",2021,13,REG,2021_13_PHI_NYJ,PHI,NYJ,0,0,0,0,0,0,0,0,0,0,0,0,,,0,,0,0,0,0,0,0,0,0,0,0,,0,0,0,0,0,2,4,15,0,0,0,46,10,1,-2.17184826929588,0,1,0,0,0,0.326086956521739,0.181818181818182,0.340740740740741,0.511245791245791,0,0,0,0,0,0,0,0.0,0.0,0,0,0,0,0,0,0,0,0,0,0,0,0,0,0,0,0,0,0,0,0,0,0,0,0,0,0,0,,,0,0,0,0,0,0,0,0,0,0,0,0,,,,0,0,0,0,0,0,0,,0,0,0,0,0,0,0,,0,0,0,0,0,0,0,0,0,0,1.5,3.5,00-0036912,DeVonta Smith,16
00-0036912,D.Smith,DeVonta Smith,WR,WR,"https://static.www.nfl.com/image/upload/f_auto,q_auto/league/vj2fz8veorg1k5qthnjm",2021,15,REG,2021_15_WAS_PHI,PHI,WAS,0,0,0,0,0,0,0,0,0,0,0,0,,,0,,0,0,0,0,0,0,0,0,0,0,,0,0,0,0,0,3,5,40,0,0,0,90,3,1,0.122285234022099,0,1,1,1,0,0.444444444444444,0.192307692307692,0.382978723404255,0.556546644844517,0,0,0,0,0,0,0,0.0,0.0,0,0,0,0,0,0,0,0,0,0,0,0,0,0,0,0,0,0,0,0,0,0,0,0,0,0,0,0,,,0,0,0,0,0,0,0,0,0,0,0,0,,,,0,0,0,0,0,0,0,,0,0,0,0,0,0,0,,0,0,0,0,0,0,0,0,0,0,4.0,7.0,00-0036912,DeVonta Smith,16
00-0036912,D.Smith,DeVonta Smith,WR,WR,"https://static.www.nfl.com/image/upload/f_auto,q_auto/league/vj2fz8veorg1k5qthnjm",2021,16,REG,2021_16_NYG_PHI,PHI,NYG,0,0,0,0,0,0,0,0,0,0,0,0,,,0,,0,0,0,0,0,0,0,0,0,0,,0,0,0,0,0,5,7,80,1,0,0,88,10,3,6.96217060094932,0,2,2,2,1,0.909090909090909,0.25,0.389380530973451,0.647566371681416,0,0,0,0,0,0,0,0.0,0.0,0,0,0,0,0,0,0,0,0,0,0,0,0,1,10,0,0,0,0,0,0,0,0,0,0,0,0,0,,,0,0,0,0,0,0,0,0,0,0,0,0,,,,0,0,0,0,0,0,0,,0,0,0,0,0,0,0,,0,0,0,0,0,0,0,0,0,0,14.0,19.0,00-0036912,DeVonta Smith,16
00-0036912,D.Smith,DeVonta Smith,WR,WR,"https://static.www.nfl.com/image/upload/f_auto,q_auto/league/vj2fz8veorg1k5qthnjm",2021,17,REG,2021_17_PHI_WAS,PHI,WAS,0,0,0,0,0,0,0,0,0,0,0,0,,,0,,0,0,0,0,0,0,0,0,0,0,,0,0,0,0,0,3,6,54,0,0,0,107,13,2,1.52507343247999,0,3,1,1,0,0.504672897196262,0.24,0.40530303030303,0.643712121212121,0,0,0,0,0,0,0,0.0,0.0,0,0,0,0,0,0,0,0,0,0,0,0,0,0,0,0,0,0,0,0,0,0,0,0,0,0,0,0,,,0,0,0,0,0,0,0,0,0,0,0,0,,,,0,0,0,0,0,0,0,,0,0,0,0,0,0,0,,0,0,0,0,0,0,0,0,0,0,5.4,8.4,00-0036912,DeVonta Smith,16
00-0036912,D.Smith,DeVonta Smith,WR,WR,"https://static.www.nfl.com/image/upload/f_auto,q_auto/league/vj2fz8veorg1k5qthnjm",2021,18,REG,2021_18_DAL_PHI,PHI,DAL,0,0,0,0,0,0,0,0,0,0,0,0,,,0,,0,0,0,0,0,0,0,0,0,0,,0,0,0,0,0,3,4,41,0,0,0,65,1,2,2.65264658792876,0,2,1,1,0,0.630769230769231,0.117647058823529,0.295454545454545,0.383288770053476,0,0,0,0,0,0,0,0.0,0.0,0,0,0,0,0,0,0,0,0,0,0,0,0,0,0,0,0,0,0,0,0,0,0,0,0,0,0,0,,,0,0,0,0,0,0,0,0,0,0,0,0,,,,0,0,0,0,0,0,0,,0,0,0,0,0,0,0,,0,0,0,0,0,0,0,0,0,0,4.1,7.1,00-0036912,DeVonta Smith,16
00-0036912,D.Smith,DeVonta Smith,WR,WR,"https://static.www.nfl.com/image/upload/f_auto,q_auto/league/vj2fz8veorg1k5qthnjm",2021,19,POST,2021_19_PHI_TB,PHI,TB,0,0,0,0,0,0,0,0,0,0,0,0,,,0,,0,0,0,0,0,0,0,0,0,0,,0,0,0,0,0,4,11,60,0,0,0,110,50,2,-7.62717998465803,1,2,2,1,0,0.545454545454545,0.255813953488372,0.236559139784946,0.549312328082021,0,0,0,0,0,0,0,0.0,0.0,0,0,0,0,0,0,0,0,0,0,0,0,0,0,0,0,0,0,0,0,0,0,0,0,0,0,0,0,,,0,0,0,0,0,0,0,0,0,0,0,0,,,,0,0,0,0,0,0,0,,0,0,0,0,0,0,0,,0,0,0,0,0,0,0,0,0,0,8.0,12.0,00-0036912,DeVonta Smith,16
00-0036912,D.Smith,DeVonta Smith,WR,WR,"https://static.www.nfl.com/image/upload/f_auto,q_auto/league/vj2fz8veorg1k5qthnjm",2022,1,REG,2022_01_PHI_DET,PHI,DET,0,0,0,0,0,0,0,0,0,0,0,0,,,0,,0,0,0,0,0,0,0,0,0,0,,0,0,0,0,0,0,4,0,0,0,0,23,0,0,-4.83345587248914,0,0,0,0,0,0.0,0.137931034482759,0.176923076923077,0.330742705570292,0,0,0,0,0,0,0,0.0,0.0,0,0,0,0,0,0,0,0,0,0,0,0,0,0,0,0,0,0,0,0,0,0,0,0,0,0,0,0,,,0,0,0,0,0,0,0,0,0,0,0,0,,,,0,0,0,0,0,0,0,,0,0,0,0,0,0,0,,0,0,0,0,0,0,0,0,0,0,0.0,0.0,00-0036912,DeVonta Smith,16
00-0036912,D.Smith,DeVonta Smith,WR,WR,"https://static.www.nfl.com/image/upload/f_auto,q_auto/league/vj2fz8veorg1k5qthnjm",2022,2,REG,2022_02_MIN_PHI,PHI,MIN,0,0,0,0,0,0,0,0,0,0,0,0,,,0,,0,0,0,0,0,0,0,0,0,0,,0,0,0,0,0,7,7,80,0,0,0,56,24,5,5.665666308254,0,4,3,0,0,1.42857142857143,0.225806451612903,0.195121951219512,0.475295043273013,0,0,0,0,0,0,0,0.0,0.0,0,0,0,0,0,0,0,0,0,0,0,0,0,1,10,0,0,0,0,0,0,0,0,0,0,0,0,0,,,0,0,0,0,0,0,0,0,0,0,0,0,,,,0,0,0,0,0,0,0,,0,0,0,0,0,0,0,,0,0,0,0,0,0,0,0,0,0,8.0,15.0,00-0036912,DeVonta Smith,16
00-0036912,D.Smith,DeVonta Smith,WR,WR,"https://static.www.nfl.com/image/upload/f_auto,q_auto/league/vj2fz8veorg1k5qthnjm",2022,3,REG,2022_03_PHI_WAS,PHI,WAS,0,0,0,0,0,0,0,0,0,0,0,0,,,0,,0,0,0,0,0,0,0,0,0,0,,0,0,0,0,0,8,12,169,1,0,0,205,57,7,13.2630438181775,0,6,4,3,2,0.824390243902439,0.352941176470588,0.522959183673469,0.895483193277311,0,0,0,0,0,0,0,0.0,0.0,0,0,0,0,0,0,0,0,0,0,0,0,0,0,0,0,0,0,0,0,1,12,0,0,0,0,0,0,,,0,0,0,0,0,0,0,0,0,0,0,0,,,,0,0,0,0,0,0,0,,0,0,0,0,0,0,0,,0,0,0,0,0,0,0,0,0,0,22.9,30.9,00-0036912,DeVonta Smith,16
00-0036912,D.Smith,DeVonta Smith,WR,WR,"https://static.www.nfl.com/image/upload/f_auto,q_auto/league/vj2fz8veorg1k5qthnjm",2022,4,REG,2022_04_JAX_PHI,PHI,JAX,0,0,0,0,0,0,0,0,0,0,0,0,,,0,,0,0,0,0,0,0,0,0,0,0,,0,0,0,0,0,3,4,17,0,0,0,35,0,1,-2.1353710938273,0,0,0,0,0,0.485714285714286,0.166666666666667,0.224358974358974,0.407051282051282,0,0,0,0,0,0,0,0.0,0.0,0,0,0,0,0,0,0,0,0,0,0,0,0,0,0,0,0,0,0,0,0,0,0,0,0,0,0,0,,,0,0,0,0,0,0,0,0,0,0,0,0,,,,0,0,0,0,0,0,0,,0,0,0,0,0,0,0,,0,0,0,0,0,0,0,0,0,0,1.7,4.7,00-0036912,DeVonta Smith,16
00-0036912,D.Smith,DeVonta Smith,WR,WR,"https://static.www.nfl.com/image/upload/f_auto,q_auto/league/vj2fz8veorg1k5qthnjm",2022,5,REG,2022_05_PHI_ARI,PHI,ARI,0,0,0,0,0,0,0,0,0,0,0,0,,,0,,0,0,0,0,0,0,0,0,0,0,,0,0,0,0,0,10,11,87,0,0,0,34,65,5,3.97174961962189,0,4,2,2,0,2.55882352941176,0.323529411764706,0.248175182481752,0.659016745384285,0,0,0,0,0,0,0,0.0,0.0,0,0,0,0,0,0,0,0,0,0,0,0,0,0,0,0,0,0,0,0,0,0,0,0,0,0,0,0,,,0,0,0,0,0,0,0,0,0,0,0,0,,,,0,0,0,0,0,0,0,,0,0,0,0,0,0,0,,0,0,0,0,0,0,0,0,0,0,8.7,18.7,00-0036912,DeVonta Smith,16
00-0036912,D.Smith,DeVonta Smith,WR,WR,"https://static.www.nfl.com/image/upload/f_auto,q_auto/league/vj2fz8veorg1k5qthnjm",2022,6,REG,2022_06_DAL_PHI,PHI,DAL,0,0,0,0,0,0,0,0,0,0,0,0,,,0,,0,0,0,0,0,0,0,0,0,0,,0,0,0,0,0,5,5,44,1,0,0,30,14,3,3.57587137375958,0,2,0,0,0,1.46666666666667,0.227272727272727,0.225563909774436,0.498803827751196,0,0,0,0,0,0,0,0.0,0.0,0,0,0,0,0,0,0,0,0,0,0,0,0,0,0,0,0,0,0,0,0,0,0,0,0,0,0,0,,,0,0,0,0,0,0,0,0,0,0,0,0,,,,0,0,0,0,0,0,0,,0,0,0,0,0,0,0,,0,0,0,0,0,0,0,0,0,0,10.4,15.4,00-0036912,DeVonta Smith,16
00-0036912,D.Smith,DeVonta Smith,WR,WR,"https://static.www.nfl.com/image/upload/f_auto,q_auto/league/vj2fz8veorg1k5qthnjm",2022,8,REG,2022_08_PIT_PHI,PHI,PIT,0,0,0,0,0,0,0,0,0,0,0,0,,,0,,0,0,0,0,0,0,0,0,0,0,,0,0,0,0,0,5,8,23,0,0,0,37,17,2,-1.42585909267655,0,2,0,0,0,0.621621621621622,0.266666666666667,0.116719242902208,0.481703470031546,0,0,0,0,0,0,0,0.0,0.0,0,0,0,0,0,0,0,0,0,0,0,0,0,0,0,0,0,0,0,0,1,3,0,0,0,0,0,0,,,0,0,0,0,0,0,0,0,0,0,0,0,,,,0,0,0,0,0,0,0,,0,0,0,0,0,0,0,,0,0,0,0,0,0,0,0,0,0,2.3,7.3,00-0036912,DeVonta Smith,16
00-0036912,D.Smith,DeVonta Smith,WR,WR,"https://static.www.nfl.com/image/upload/f_auto,q_auto/league/vj2fz8veorg1k5qthnjm",2022,9,REG,2022_09_PHI_HOU,PHI,HOU,0,0,0,0,0,0,0,0,0,0,0,0,,,0,,0,0,0,0,0,0,0,0,0,0,,0,0,0,0,0,2,2,22,0,0,0,14,8,1,0.678455956862308,0,1,1,1,0,1.57142857142857,0.08,0.0676328502415459,0.167342995169082,0,0,0,0,0,0,0,0.0,0.0,0,0,0,0,0,0,0,0,0,0,0,0,0,0,0,0,0,0,0,0,0,0,0,0,0,0,0,0,,,0,0,0,0,0,0,0,0,0,0,0,0,,,,0,0,0,0,0,0,0,,0,0,0,0,0,0,0,,0,0,0,0,0,0,0,0,0,0,2.2,4.2,00-0036912,DeVonta Smith,16
00-0036912,D.Smith,DeVonta Smith,WR,WR,"https://static.www.nfl.com/image/upload/f_auto,q_auto/league/vj2fz8veorg1k5qthnjm",2022,10,REG,2022_10_WAS_PHI,PHI,WAS,0,0,0,0,0,0,0,0,0,0,0,0,,,0,,0,0,0,0,0,0,0,0,0,0,,0,0,0,0,0,6,8,39,1,0,0,47,10,3,4.30099448631518,0,3,0,0,0,0.829787234042553,0.32,0.225961538461538,0.638173076923077,0,0,0,0,0,0,0,0.0,0.0,0,0,0,0,0,0,0,0,0,0,0,0,0,0,0,0,1,0,1,1,0,0,0,0,0,0,0,0,,,0,0,0,0,0,0,0,0,0,0,0,0,,,,0,0,0,0,0,0,0,,0,0,0,0,0,0,0,,0,0,0,0,0,0,0,0,0,0,9.9,15.9,00-0036912,DeVonta Smith,16
00-0036912,D.Smith,DeVonta Smith,WR,WR,"https://static.www.nfl.com/image/upload/f_auto,q_auto/league/vj2fz8veorg1k5qthnjm",2022,11,REG,2022_11_PHI_IND,PHI,IND,0,0,0,0,0,0,0,0,0,0,0,0,,,0,,0,0,0,0,0,0,0,0,0,0,,0,0,0,0,0,6,9,78,0,0,0,119,15,2,1.82043856475502,0,4,2,1,0,0.65546218487395,0.391304347826087,0.586206896551724,0.997301349325337,0,0,0,0,0,0,0,0.0,0.0,0,0,0,0,0,0,0,0,0,0,0,0,0,0,0,0,0,0,0,0,0,0,0,0,0,0,0,0,,,0,0,0,0,0,0,0,0,0,0,0,0,,,,0,0,0,0,0,0,0,,0,0,0,0,0,0,0,,0,0,0,0,0,0,0,0,0,0,7.8,13.8,00-0036912,DeVonta Smith,16
00-0036912,D.Smith,DeVonta Smith,WR,WR,"https://static.www.nfl.com/image/upload/f_auto,q_auto/league/vj2fz8veorg1k5qthnjm",2022,12,REG,2022_12_GB_PHI,PHI,GB,0,0,0,0,0,0,0,0,0,0,0,0,,,0,,0,0,0,0,0,0,0,0,0,0,,0,0,0,0,0,4,9,50,0,0,0,82,12,2,0.585093861096539,0,3,1,0,0,0.609756097560976,0.36,0.416243654822335,0.831370558375635,0,0,0,0,0,0,0,0.0,0.0,0,0,0,0,0,0,0,0,0,0,0,0,0,0,0,0,0,0,0,0,0,0,0,0,0,0,0,0,,,0,0,0,0,0,0,0,0,0,0,0,0,,,,0,0,0,0,0,0,0,,0,0,0,0,0,0,0,,0,0,0,0,0,0,0,0,0,0,5.0,9.0,00-0036912,DeVonta Smith,16
00-0036912,D.Smith,DeVonta Smith,WR,WR,"https://static.www.nfl.com/image/upload/f_auto,q_auto/league/vj2fz8veorg1k5qthnjm",2022,13,REG,2022_13_TEN_PHI,PHI,TEN,0,0,0,0,0,0,0,0,0,0,0,0,,,0,,0,0,0,0,0,0,0,0,0,0,,0,0,0,0,0,5,8,102,1,0,0,111,52,3,4.18683589604916,0,3,3,3,0,0.918918918918919,0.210526315789474,0.281725888324873,0.512997595511622,0,0,0,0,0,0,0,0.0,0.0,0,0,0,0,0,0,0,0,0,0,0,0,0,0,0,0,0,0,0,0,0,0,0,0,0,0,0,0,,,0,0,0,0,0,0,0,0,0,0,0,0,,,,0,0,0,0,0,0,0,,0,0,0,0,0,0,0,,0,0,0,0,0,0,0,0,0,0,16.2,21.2,00-0036912,DeVonta Smith,16
00-0036912,D.Smith,DeVonta Smith,WR,WR,"https://static.www.nfl.com/image/upload/f_auto,q_auto/league/vj2fz8veorg1k5qthnjm",2022,14,REG,2022_14_PHI_NYG,PHI,NYG,0,0,0,0,0,0,0,0,0,0,0,0,,,0,,0,0,0,0,0,0,0,0,0,0,,0,0,0,0,0,5,8,64,1,0,0,90,34,3,7.16450583053187,0,2,1,1,1,0.711111111111111,0.258064516129032,0.303030303030303,0.599217986314761,0,0,0,0,0,0,0,0.0,0.0,0,0,0,0,0,0,0,0,0,0,0,0,0,0,0,0,0,0,0,0,0,0,0,0,0,0,0,0,,,0,0,0,0,0,0,0,0,0,0,0,0,,,,0,0,0,0,0,0,0,,0,0,0,0,0,0,0,,0,0,0,0,0,0,0,0,0,0,12.4,17.4,00-0036912,DeVonta Smith,16
00-0036912,D.Smith,DeVonta Smith,WR,WR,"https://static.www.nfl.com/image/upload/f_auto,q_auto/league/vj2fz8veorg1k5qthnjm",2022,15,REG,2022_15_PHI_CHI,PHI,CHI,0,0,0,0,0,0,0,0,0,0,0,0,,,0,,0,0,0,0,0,0,0,0,0,0,,0,0,0,0,0,5,8,126,0,0,0,134,55,5,9.65333914582656,0,4,3,3,1,0.940298507462687,0.216216216216216,0.28755364806867,0.525611877972393,0,0,0,0,0,0,0,0.0,0.0,0,0,0,0,0,0,0,0,0,0,0,0,0,0,0,0,0,0,0,0,0,0,0,0,0,0,0,0,,,0,0,0,0,0,0,0,0,0,0,0,0,,,,0,0,0,0,0,0,0,,0,0,0,0,0,0,0,,0,0,0,0,0,0,0,0,0,0,12.6,17.6,00-0036912,DeVonta Smith,16
00-0036912,D.Smith,DeVonta Smith,WR,WR,"https://static.www.nfl.com/image/upload/f_auto,q_auto/league/vj2fz8veorg1k5qthnjm",2022,16,REG,2022_16_PHI_DAL,PHI,DAL,0,0,0,0,0,0,0,0,0,0,0,0,,,0,,0,0,0,0,0,0,0,0,0,0,,0,0,0,0,0,8,12,113,2,0,0,152,6,7,12.6346098582726,0,5,4,2,0,0.743421052631579,0.352941176470588,0.4,0.809411764705882,0,0,0,0,0,0,0,0.0,0.0,0,0,0,0,0,0,0,0,0,0,0,0,0,0,0,0,0,0,0,0,0,0,0,0,0,0,0,0,,,0,0,0,0,0,0,0,0,0,0,0,0,,,,0,0,0,0,0,0,0,,0,0,0,0,0,0,0,,0,0,0,0,0,0,0,0,0,0,23.3,31.3,00-0036912,DeVonta Smith,16
00-0036912,D.Smith,DeVonta Smith,WR,WR,"https://static.www.nfl.com/image/upload/f_auto,q_auto/league/vj2fz8veorg1k5qthnjm",2022,17,REG,2022_17_NO_PHI,PHI,NO,0,0,0,0,0,0,0,0,0,0,0,0,,,0,,0,0,0,0,0,0,0,0,0,0,,0,0,0,0,0,9,13,115,0,0,0,122,57,5,2.00728484691354,0,6,2,2,0,0.942622950819672,0.40625,0.408026755852843,0.89499372909699,0,0,0,0,0,0,0,0.0,0.0,0,0,0,0,0,0,0,0,0,0,0,0,0,0,0,0,0,0,0,0,0,0,0,0,0,0,0,0,,,0,0,0,0,0,0,0,0,0,0,0,0,,,,0,0,0,0,0,0,0,,0,0,0,0,0,0,0,,0,0,0,0,0,0,0,0,0,0,11.5,20.5,00-0036912,DeVonta Smith,16
00-0036912,D.Smith,DeVonta Smith,WR,WR,"https://static.www.nfl.com/image/upload/f_auto,q_auto/league/vj2fz8veorg1k5qthnjm",2022,18,REG,2022_18_NYG_PHI,PHI,NYG,0,0,0,0,0,0,0,0,0,0,0,0,,,0,,0,0,0,0,0,0,0,0,0,0,,0,0,0,0,0,7,8,67,0,0,0,24,50,3,-1.41783691709861,0,4,1,0,0,2.79166666666667,0.258064516129032,0.100418410041841,0.457389661222837,0,0,0,0,0,0,0,0.0,0.0,0,0,0,0,0,0,0,0,0,0,0,0,0,0,0,0,0,0,0,0,0,0,0,0,0,0,0,0,,,0,0,0,0,0,0,0,0,0,0,0,0,,,,0,0,0,0,0,0,0,,0,0,0,0,0,0,0,,0,0,0,0,0,0,0,0,0,0,6.7,13.7,00-0036912,DeVonta Smith,16
00-0036912,D.Smith,DeVonta Smith,WR,WR,"https://static.www.nfl.com/image/upload/f_auto,q_auto/league/vj2fz8veorg1k5qthnjm",2022,20,POST,2022_20_NYG_PHI,PHI,NYG,0,0,0,0,0,0,0,0,0,0,0,0,,,0,,0,0,0,0,0,0,0,0,0,0,,0,0,0,0,0,6,10,61,1,0,0,69,34,3,-0.843481725744482,0,1,1,1,1,0.884057971014493,0.416666666666667,0.479166666666667,0.960416666666667,0,0,0,0,0,0,0,0.0,0.0,0,0,0,0,0,0,0,0,0,0,0,0,0,0,0,0,0,0,0,0,0,0,0,0,0,0,0,0,,,0,0,0,0,0,0,0,0,0,0,0,0,,,,0,0,0,0,0,0,0,,0,0,0,0,0,0,0,,0,0,0,0,0,0,0,0,0,0,12.1,18.1,00-0036912,DeVonta Smith,16
00-0036912,D.Smith,DeVonta Smith,WR,WR,"https://static.www.nfl.com/image/upload/f_auto,q_auto/league/vj2fz8veorg1k5qthnjm",2022,21,POST,2022_21_SF_PHI,PHI,SF,0,0,0,0,0,0,0,0,0,0,0,0,,,0,,0,0,0,0,0,0,0,0,0,0,,0,0,0,0,0,2,3,36,0,0,0,69,0,2,4.45616725104628,0,1,1,1,0,0.521739130434783,0.125,0.283950617283951,0.386265432098765,0,0,0,0,0,0,0,0.0,0.0,0,0,0,0,0,0,0,0,0,0,0,0,0,0,0,0,0,0,0,0,0,0,0,0,0,0,0,0,,,0,0,0,0,0,0,0,0,0,0,0,0,,,,0,0,0,0,0,0,0,,0,0,0,0,0,0,0,,0,0,0,0,0,0,0,0,0,0,3.6,5.6,00-0036912,DeVonta Smith,16
00-0036912,D.Smith,DeVonta Smith,WR,WR,"https://static.www.nfl.com/image/upload/f_auto,q_auto/league/vj2fz8veorg1k5qthnjm",2022,22,POST,2022_22_KC_PHI,PHI,KC,0,0,0,0,0,0,0,0,0,0,0,0,,,0,,0,0,0,0,0,0,0,0,0,0,,0,0,0,0,0,7,9,100,0,0,0,113,35,3,4.2391619545815,0,3,2,2,1,0.88495575221239,0.264705882352941,0.27970297029703,0.592850902737333,0,0,0,0,0,0,0,0.0,0.0,0,0,0,0,0,0,0,0,0,0,0,0,0,0,0,0,0,0,0,0,0,0,0,0,0,0,0,0,,,0,0,0,0,0,0,0,0,0,0,0,0,,,,0,0,0,0,0,0,0,,0,0,0,0,0,0,0,,0,0,0,0,0,0,0,0,0,0,10.0,17.0,00-0036912,DeVonta Smith,16
00-0036912,D.Smith,DeVonta Smith,WR,WR,"https://static.www.nfl.com/image/upload/f_auto,q_auto/league/vj2fz8veorg1k5qthnjm",2023,1,REG,2023_01_PHI_NE,PHI,NE,0,0,0,0,0,0,0,0,0,0,0,0,,,0,,0,0,0,0,0,0,0,0,0,0,,0,0,0,0,0,7,10,47,1,0,0,100,8,3,-0.67982962919632,0,2,0,0,0,0.47,0.333333333333333,0.301204819277108,0.710843373493976,0,0,0,0,0,0,0,0.0,0.0,0,0,0,0,0,0,0,0,0,0,0,0,0,0,0,0,0,0,0,0,0,0,0,0,0,0,0,0,,,0,0,0,0,0,0,0,0,0,0,0,0,,,,0,0,0,0,0,0,0,,0,0,0,0,0,0,0,,0,0,0,0,0,0,0,0,0,0,10.7,17.7,00-0036912,DeVonta Smith,16
00-0036912,D.Smith,DeVonta Smith,WR,WR,"https://static.www.nfl.com/image/upload/f_auto,q_auto/league/vj2fz8veorg1k5qthnjm",2023,2,REG,2023_02_MIN_PHI,PHI,MIN,0,0,0,0,0,0,0,0,0,0,0,0,,,0,,0,0,0,0,0,0,0,0,0,0,,0,0,0,0,0,4,5,131,1,0,0,123,29,2,7.87029303825693,0,2,2,2,2,1.0650406504065,0.227272727272727,0.591346153846154,0.754851398601399,0,1,0,0,0,0,0,0.0,0.0,0,0,0,0,0,0,0,0,0,0,0,0,0,0,0,0,0,0,0,0,0,0,0,0,0,0,0,0,,,0,0,0,0,0,0,0,0,0,0,0,0,,,,0,0,0,0,0,0,0,,0,0,0,0,0,0,0,,0,0,0,0,0,0,0,0,0,0,19.1,23.1,00-0036912,DeVonta Smith,16
00-0036912,D.Smith,DeVonta Smith,WR,WR,"https://static.www.nfl.com/image/upload/f_auto,q_auto/league/vj2fz8veorg1k5qthnjm",2023,3,REG,2023_03_PHI_TB,PHI,TB,0,0,0,0,0,0,0,0,0,0,0,0,,,0,,0,0,0,0,0,0,0,0,0,0,,0,0,0,0,0,4,5,28,0,0,0,58,10,2,-1.26177993055899,0,1,0,0,0,0.482758620689655,0.142857142857143,0.169590643274854,0.332999164578112,0,0,0,0,0,0,0,0.0,0.0,0,0,0,0,0,0,0,0,0,0,0,0,0,0,0,0,0,0,0,0,0,0,0,0,0,0,0,0,,,0,0,0,0,0,0,0,0,0,0,0,0,,,,0,0,0,0,0,0,0,,0,0,0,0,0,0,0,,0,0,0,0,0,0,0,0,0,0,2.8,6.8,00-0036912,DeVonta Smith,16
00-0036912,D.Smith,DeVonta Smith,WR,WR,"https://static.www.nfl.com/image/upload/f_auto,q_auto/league/vj2fz8veorg1k5qthnjm",2023,4,REG,2023_04_WAS_PHI,PHI,WAS,0,0,0,0,0,0,0,0,0,0,0,0,,,0,,0,0,0,0,0,0,0,0,0,0,,0,0,0,0,0,7,9,78,0,0,0,105,18,2,-1.80073643138718,0,2,1,1,0,0.742857142857143,0.264705882352941,0.263819095477387,0.581732190363583,0,0,0,0,0,0,0,0.0,0.0,0,0,0,0,0,0,0,0,0,0,0,0,0,0,0,0,0,0,0,0,0,0,0,0,0,0,0,0,,,0,0,0,0,0,0,0,0,0,0,0,0,,,,0,0,0,0,0,0,0,,0,0,0,0,0,0,0,,0,0,0,0,0,0,0,0,0,0,7.8,14.8,00-0036912,DeVonta Smith,16
00-0036912,D.Smith,DeVonta Smith,WR,WR,"https://static.www.nfl.com/image/upload/f_auto,q_auto/league/vj2fz8veorg1k5qthnjm",2023,5,REG,2023_05_PHI_LA,PHI,LA,0,0,0,0,0,0,0,0,0,0,0,0,,,0,,0,0,0,0,0,0,0,0,0,0,,0,0,0,0,0,1,5,6,0,0,0,35,0,0,-2.20458389917165,0,0,0,0,0,0.171428571428571,0.147058823529412,0.118243243243243,0.303358505564388,0,0,0,0,0,0,0,0.0,0.0,0,0,0,0,0,0,0,0,0,0,0,0,0,0,0,0,0,0,0,0,0,0,0,0,0,0,0,0,,,0,0,0,0,0,0,0,0,0,0,0,0,,,,0,0,0,0,0,0,0,,0,0,0,0,0,0,0,,0,0,0,0,0,0,0,0,0,0,0.6,1.6,00-0036912,DeVonta Smith,16
00-0036912,D.Smith,DeVonta Smith,WR,WR,"https://static.www.nfl.com/image/upload/f_auto,q_auto/league/vj2fz8veorg1k5qthnjm",2023,6,REG,2023_06_PHI_NYJ,PHI,NYJ,0,0,0,0,0,0,0,0,0,0,0,0,,,0,,0,0,0,0,0,0,0,0,0,0,,0,0,0,0,0,5,11,44,0,0,0,154,3,2,-8.40490180911729,0,2,1,1,0,0.285714285714286,0.255813953488372,0.423076923076923,0.679874776386404,0,0,0,0,0,0,0,0.0,0.0,0,0,0,0,0,0,0,0,0,0,0,0,0,0,0,0,0,0,0,0,0,0,0,0,0,0,0,0,,,0,0,0,0,0,0,0,0,0,0,0,0,,,,0,0,0,0,0,0,0,,0,0,0,0,0,0,0,,0,0,0,0,0,0,0,0,0,0,4.4,9.4,00-0036912,DeVonta Smith,16
00-0036912,D.Smith,DeVonta Smith,WR,WR,"https://static.www.nfl.com/image/upload/f_auto,q_auto/league/vj2fz8veorg1k5qthnjm",2023,7,REG,2023_07_MIA_PHI,PHI,MIA,0,0,0,0,0,0,0,0,0,0,0,0,,,0,,0,0,0,0,0,0,0,0,0,0,,0,0,0,0,0,4,5,49,0,0,0,54,12,3,2.40499644062948,0,2,1,1,0,0.907407407407407,0.166666666666667,0.236842105263158,0.41578947368421,0,0,0,0,0,0,0,0.0,0.0,0,0,0,0,0,0,0,0,0,0,0,0,0,0,0,0,0,0,0,0,0,0,0,0,0,0,0,0,,,0,0,0,0,0,0,0,0,0,0,0,0,,,,0,0,0,0,0,0,0,,0,0,0,0,0,0,0,,0,0,0,0,0,0,0,0,0,0,4.9,8.9,00-0036912,DeVonta Smith,16
00-0036912,D.Smith,DeVonta Smith,WR,WR,"https://static.www.nfl.com/image/upload/f_auto,q_auto/league/vj2fz8veorg1k5qthnjm",2023,8,REG,2023_08_PHI_WAS,PHI,WAS,0,0,0,0,0,0,0,0,0,0,0,0,,,0,,0,0,0,0,0,0,0,0,0,0,,0,0,0,0,0,7,7,99,1,0,0,61,38,4,9.18393103237031,0,4,3,1,0,1.62295081967213,0.2,0.200657894736842,0.44046052631579,0,0,0,0,0,0,0,0.0,0.0,0,0,0,0,0,0,0,0,0,0,0,0,0,0,0,0,0,0,0,0,0,0,0,0,0,0,0,0,,,0,0,0,0,0,0,0,0,0,0,0,0,,,,0,0,0,0,0,0,0,,0,0,0,0,0,0,0,,0,0,0,0,0,0,0,0,0,0,15.9,22.9,00-0036912,DeVonta Smith,16
00-0036912,D.Smith,DeVonta Smith,WR,WR,"https://static.www.nfl.com/image/upload/f_auto,q_auto/league/vj2fz8veorg1k5qthnjm",2023,9,REG,2023_09_DAL_PHI,PHI,DAL,0,0,0,0,0,0,0,0,0,0,0,0,,,0,,0,0,0,0,0,0,0,0,0,0,,0,0,0,0,0,3,3,51,1,0,0,43,8,2,4.36155044147745,0,2,2,1,0,1.18604651162791,0.142857142857143,0.21608040201005,0.365541995692749,0,0,0,0,0,0,0,0.0,0.0,0,0,0,0,0,0,0,0,0,0,0,0,0,0,0,0,0,0,0,0,0,0,0,0,0,0,0,0,,,0,0,0,0,0,0,0,0,0,0,0,0,,,,0,0,0,0,0,0,0,,0,0,0,0,0,0,0,,0,0,0,0,0,0,0,0,0,0,11.1,14.1,00-0036912,DeVonta Smith,16
00-0036912,D.Smith,DeVonta Smith,WR,WR,"https://static.www.nfl.com/image/upload/f_auto,q_auto/league/vj2fz8veorg1k5qthnjm",2023,11,REG,2023_11_PHI_KC,PHI,KC,0,0,0,0,0,0,0,0,0,0,0,0,,,0,,0,0,0,0,0,0,0,0,0,0,,0,0,0,0,0,6,8,99,0,0,0,96,6,4,6.88043169118464,0,4,2,2,1,1.03125,0.380952380952381,0.571428571428571,0.971428571428571,0,0,0,0,0,0,0,0.0,0.0,0,0,0,0,0,0,0,0,0,0,0,0,0,0,0,0,0,0,0,0,0,0,0,0,0,0,0,0,,,0,0,0,0,0,0,0,0,0,0,0,0,,,,0,0,0,0,0,0,0,,0,0,0,0,0,0,0,,0,0,0,0,0,0,0,0,0,0,9.9,15.9,00-0036912,DeVonta Smith,16
00-0036912,D.Smith,DeVonta Smith,WR,WR,"https://static.www.nfl.com/image/upload/f_auto,q_auto/league/vj2fz8veorg1k5qthnjm",2023,12,REG,2023_12_BUF_PHI,PHI,BUF,0,0,0,0,0,0,0,0,0,0,0,0,,,0,,0,0,0,0,0,0,0,0,0,0,,0,0,0,0,0,7,8,106,1,0,0,118,36,6,7.95380043640034,0,6,2,1,0,0.898305084745763,0.285714285714286,0.53393665158371,0.802327084680026,0,1,0,0,0,0,0,0.0,0.0,0,0,0,0,0,0,0,0,0,0,0,0,0,0,0,0,0,0,0,0,0,0,0,0,0,0,0,0,,,0,0,0,0,0,0,0,0,0,0,0,0,,,,0,0,0,0,0,0,0,,0,0,0,0,0,0,0,,0,0,0,0,0,0,0,0,0,0,16.6,23.6,00-0036912,DeVonta Smith,16
00-0036912,D.Smith,DeVonta Smith,WR,WR,"https://static.www.nfl.com/image/upload/f_auto,q_auto/league/vj2fz8veorg1k5qthnjm",2023,13,REG,2023_13_SF_PHI,PHI,SF,0,0,0,0,0,0,0,0,0,0,0,0,,,0,,0,0,0,0,0,0,0,0,0,0,,0,0,0,0,0,9,11,96,1,0,0,99,35,8,6.54329722769046,0,6,1,1,0,0.96969696969697,0.261904761904762,0.28125,0.589732142857143,0,0,0,0,0,0,0,0.0,0.0,0,0,0,0,0,0,0,0,0,0,0,0,0,1,10,0,0,0,0,0,0,0,0,0,0,0,0,0,,,0,0,0,0,0,0,0,0,0,0,0,0,,,,0,0,0,0,0,0,0,,0,0,0,0,0,0,0,,0,0,0,0,0,0,0,0,0,0,15.6,24.6,00-0036912,DeVonta Smith,16
00-0036912,D.Smith,DeVonta Smith,WR,WR,"https://static.www.nfl.com/image/upload/f_auto,q_auto/league/vj2fz8veorg1k5qthnjm",2023,14,REG,2023_14_PHI_DAL,PHI,DAL,0,0,0,0,0,0,0,0,0,0,0,0,,,0,,0,0,0,0,0,0,0,0,0,0,,0,0,0,0,0,5,10,73,0,1,1,132,25,2,-7.27498483064119,0,3,2,2,0,0.553030303030303,0.357142857142857,0.450511945392491,0.85107264748903,0,0,0,0,0,0,0,0.0,0.0,0,0,0,0,0,0,0,0,0,0,0,0,0,0,0,1,0,0,1,1,0,0,0,0,0,0,0,0,,,0,0,0,0,0,0,0,0,0,0,0,0,,,,0,0,0,0,0,0,0,,0,0,0,0,0,0,0,,0,0,0,0,0,0,0,0,0,0,5.3,10.3,00-0036912,DeVonta Smith,16
00-0036912,D.Smith,DeVonta Smith,WR,WR,"https://static.www.nfl.com/image/upload/f_auto,q_auto/league/vj2fz8veorg1k5qthnjm",2023,15,REG,2023_15_PHI_SEA,PHI,SEA,0,0,0,0,0,0,0,0,0,0,0,0,,,0,,0,0,0,0,0,0,0,0,0,0,,0,0,0,0,0,5,5,50,0,0,0,43,7,3,2.71753482701024,0,3,1,0,0,1.16279069767442,0.166666666666667,0.145762711864407,0.352033898305085,0,0,0,0,0,0,0,0.0,0.0,0,0,0,0,0,0,0,0,0,0,0,0,0,0,0,0,0,0,0,0,0,0,0,0,0,0,0,0,,,0,0,0,0,0,0,0,0,0,0,0,0,,,,0,0,0,0,0,0,0,,0,0,0,0,0,0,0,,0,0,0,0,0,0,0,0,0,0,5.0,10.0,00-0036912,DeVonta Smith,16
00-0036912,D.Smith,DeVonta Smith,WR,WR,"https://static.www.nfl.com/image/upload/f_auto,q_auto/league/vj2fz8veorg1k5qthnjm",2023,16,REG,2023_16_NYG_PHI,PHI,NYG,0,0,0,0,0,0,0,0,0,0,0,0,,,0,,0,0,0,0,0,0,0,0,0,0,,0,0,0,0,0,4,5,79,1,0,0,34,51,3,7.97529011401728,0,3,3,1,0,2.32352941176471,0.138888888888889,0.162679425837321,0.322208931419458,0,0,0,0,0,0,0,0.0,0.0,0,0,0,0,0,0,0,0,0,0,0,0,0,0,0,0,0,0,0,0,0,0,0,0,0,0,0,0,,,0,0,0,0,0,0,0,0,0,0,0,0,,,,0,0,0,0,0,0,0,,0,0,0,0,0,0,0,,0,0,0,0,0,0,0,0,0,0,13.9,17.9,00-0036912,DeVonta Smith,16
00-0036912,D.Smith,DeVonta Smith,WR,WR,"https://static.www.nfl.com/image/upload/f_auto,q_auto/league/vj2fz8veorg1k5qthnjm",2023,17,REG,2023_17_ARI_PHI,PHI,ARI,0,0,0,0,0,0,0,0,0,0,0,0,,,0,,0,0,0,0,0,0,0,0,0,0,,0,0,0,0,0,3,5,30,0,0,0,95,8,1,-0.242521016858518,0,1,1,0,0,0.315789473684211,0.217391304347826,0.344202898550725,0.567028985507246,0,0,0,0,0,0,0,0.0,0.0,0,0,0,0,0,0,0,0,0,0,0,0,0,0,0,0,0,0,0,0,0,0,0,0,0,0,0,0,,,0,0,0,0,0,0,0,0,0,0,0,0,,,,0,0,0,0,0,0,0,,0,0,0,0,0,0,0,,0,0,0,0,0,0,0,0,0,0,3.0,6.0,00-0036912,DeVonta Smith,16
00-0036912,D.Smith,DeVonta Smith,WR,WR,"https://static.www.nfl.com/image/upload/f_auto,q_auto/league/vj2fz8veorg1k5qthnjm",2023,19,POST,2023_19_PHI_TB,PHI,TB,0,0,0,0,0,0,0,0,0,0,0,0,,,0,,0,0,0,0,0,0,0,0,0,0,,0,0,0,0,0,8,12,148,0,0,0,160,43,6,4.22584990450689,0,6,3,2,1,0.925,0.375,0.581818181818182,0.969772727272727,0,0,0,0,0,0,0,0.0,0.0,0,0,0,0,0,0,0,0,0,0,0,0,0,0,0,0,0,0,0,0,0,0,0,0,0,0,0,0,,,0,0,0,0,0,0,0,0,0,0,0,0,,,,0,0,0,0,0,0,0,,0,0,0,0,0,0,0,,0,0,0,0,0,0,0,0,0,0,14.8,22.8,00-0036912,DeVonta Smith,16
00-0036912,D.Smith,DeVonta Smith,WR,WR,"https://static.www.nfl.com/image/upload/f_auto,q_auto/league/vj2fz8veorg1k5qthnjm",2024,1,REG,2024_01_GB_PHI,PHI,GB,0,0,0,0,0,0,0,0,0,0,0,0,,,0,,0,0,0,0,0,0,0,0,0,0,,0,0,0,0,0,7,8,84,0,0,0,64,51,5,7.15578683948843,0,3,2,1,0,1.3125,0.275862068965517,0.270042194092827,0.602822639313255,0,1,0,0,0,0,0,0.0,0.0,0,0,0,0,0,0,0,0,0,0,0,0,0,0,0,0,0,0,0,0,0,0,0,0,0,0,0,0,,,0,0,0,0,0,0,0,0,0,0,0,0,,,,0,0,0,0,0,0,0,,0,0,0,0,0,0,0,,0,0,0,0,0,0,0,0,0,0,8.4,15.4,00-0036912,DeVonta Smith,16
00-0036912,D.Smith,DeVonta Smith,WR,WR,"https://static.www.nfl.com/image/upload/f_auto,q_auto/league/vj2fz8veorg1k5qthnjm",2024,2,REG,2024_02_ATL_PHI,PHI,ATL,0,0,0,0,0,0,0,0,0,0,0,0,,,0,,0,0,0,0,0,0,0,0,0,0,,0,0,0,0,0,7,10,76,1,0,0,106,3,4,3.05205577879678,0,3,2,0,0,0.716981132075472,0.344827586206897,0.572972972972973,0.918322460391426,0,0,0,0,0,0,0,0.0,0.0,0,0,0,0,0,0,0,0,0,0,0,0,0,0,0,0,0,0,0,0,0,0,0,0,0,0,0,0,,,0,0,0,0,0,0,0,0,0,0,0,0,,,,0,0,0,0,0,0,0,,0,0,0,0,0,0,0,,0,0,0,0,0,0,0,0,0,0,13.6,20.6,00-0036912,DeVonta Smith,16
00-0036912,D.Smith,DeVonta Smith,WR,WR,"https://static.www.nfl.com/image/upload/f_auto,q_auto/league/vj2fz8veorg1k5qthnjm",2024,3,REG,2024_03_PHI_NO,PHI,NO,0,0,0,0,0,0,0,0,0,0,0,0,,,0,,0,0,0,0,0,0,0,0,0,0,,0,0,0,0,0,7,10,79,0,0,0,127,23,4,0.433495925157331,0,3,2,1,0,0.622047244094488,0.277777777777778,0.477443609022556,0.750877192982456,0,0,0,0,0,0,0,0.0,0.0,0,0,0,0,0,0,0,0,0,0,0,0,0,0,0,0,0,0,0,0,0,0,0,0,0,0,0,0,,,0,0,0,0,0,0,0,0,0,0,0,0,,,,0,0,0,0,0,0,0,,0,0,0,0,0,0,0,,0,0,0,0,0,0,0,0,0,0,7.9,14.9,00-0036912,DeVonta Smith,16
00-0036912,D.Smith,DeVonta Smith,WR,WR,"https://static.www.nfl.com/image/upload/f_auto,q_auto/league/vj2fz8veorg1k5qthnjm",2024,6,REG,2024_06_CLE_PHI,PHI,CLE,0,0,0,0,0,0,0,0,0,0,0,0,,,0,,0,0,0,0,0,0,0,0,0,0,,0,0,0,0,0,3,4,64,1,0,0,34,53,2,3.72676711715758,0,2,1,1,1,1.88235294117647,0.166666666666667,0.136546184738956,0.345582329317269,0,0,0,0,0,0,0,0.0,0.0,0,0,0,0,0,0,0,0,0,0,0,0,0,0,0,0,0,0,0,0,0,0,0,0,0,0,0,0,,,0,0,0,0,0,0,0,0,0,0,0,0,,,,0,0,0,0,0,0,0,,0,0,0,0,0,0,0,,0,0,0,0,0,0,0,0,0,0,12.4,15.4,00-0036912,DeVonta Smith,16
00-0036912,D.Smith,DeVonta Smith,WR,WR,"https://static.www.nfl.com/image/upload/f_auto,q_auto/league/vj2fz8veorg1k5qthnjm",2024,7,REG,2024_07_PHI_NYG,PHI,NYG,0,0,0,0,0,0,0,0,0,0,0,0,,,0,,0,0,0,0,0,0,0,0,0,0,,0,0,0,0,0,1,2,-2,0,0,0,1,0,0,-2.42116826103302,0,0,0,0,0,-2.0,0.142857142857143,0.0095238095238095,0.220952380952381,0,0,0,0,0,0,0,0.0,0.0,0,0,0,0,0,0,0,0,0,0,0,0,0,0,0,0,0,0,0,0,0,0,0,0,0,0,0,0,,,0,0,0,0,0,0,0,0,0,0,0,0,,,,0,0,0,0,0,0,0,,0,0,0,0,0,0,0,,0,0,0,0,0,0,0,0,0,0,-0.2,0.8,00-0036912,DeVonta Smith,16
00-0036912,D.Smith,DeVonta Smith,WR,WR,"https://static.www.nfl.com/image/upload/f_auto,q_auto/league/vj2fz8veorg1k5qthnjm",2024,8,REG,2024_08_PHI_CIN,PHI,CIN,0,0,0,0,0,0,0,0,0,0,0,0,,,0,,0,0,0,0,0,0,0,0,0,0,,0,0,0,0,0,6,7,85,1,0,0,67,21,4,7.31841426517349,0,3,1,1,1,1.26865671641791,0.368421052631579,0.38728323699422,0.823729844843322,0,0,0,0,0,0,0,0.0,0.0,0,0,0,0,0,0,0,0,0,0,0,0,0,1,5,0,0,0,0,0,0,0,0,0,0,0,0,0,,,0,0,0,0,0,0,0,0,0,0,0,0,,,,0,0,0,0,0,0,0,,0,0,0,0,0,0,0,,0,0,0,0,0,0,0,0,0,0,14.5,20.5,00-0036912,DeVonta Smith,16
00-0036912,D.Smith,DeVonta Smith,WR,WR,"https://static.www.nfl.com/image/upload/f_auto,q_auto/league/vj2fz8veorg1k5qthnjm",2024,9,REG,2024_09_JAX_PHI,PHI,JAX,0,0,0,0,0,0,0,0,0,0,0,0,,,0,,0,0,0,0,0,0,0,0,0,0,,0,0,0,0,0,4,6,87,1,0,0,95,13,4,7.18817110043904,0,2,2,2,1,0.91578947368421,0.260869565217391,0.40084388185654,0.671895065125665,0,0,0,0,0,0,0,0.0,0.0,0,0,0,0,0,0,0,0,0,0,0,0,0,0,0,0,0,0,0,0,0,0,0,0,0,0,0,0,,,0,0,0,0,0,0,0,0,0,0,0,0,,,,0,0,0,0,0,0,0,,0,0,0,0,0,0,0,,0,0,0,0,0,0,0,0,0,0,14.7,18.7,00-0036912,DeVonta Smith,16
00-0036912,D.Smith,DeVonta Smith,WR,WR,"https://static.www.nfl.com/image/upload/f_auto,q_auto/league/vj2fz8veorg1k5qthnjm",2024,10,REG,2024_10_PHI_DAL,PHI,DAL,0,0,0,0,0,0,0,0,0,0,0,0,,,0,,0,0,0,0,0,0,0,0,0,0,,0,0,0,0,0,2,3,14,0,0,0,40,4,0,0.562057252740488,0,0,0,0,0,0.35,0.15,0.171673819742489,0.345171673819742,0,0,0,0,0,0,0,0.0,0.0,0,0,0,0,0,0,0,0,0,0,0,0,0,0,0,0,0,0,0,0,0,0,0,0,0,0,0,0,,,0,0,0,0,0,0,0,0,0,0,0,0,,,,0,0,0,0,0,0,0,,0,0,0,0,0,0,0,,0,0,0,0,0,0,0,0,0,0,1.4,3.4,00-0036912,DeVonta Smith,16
00-0036912,D.Smith,DeVonta Smith,WR,WR,"https://static.www.nfl.com/image/upload/f_auto,q_auto/league/vj2fz8veorg1k5qthnjm",2024,11,REG,2024_11_WAS_PHI,PHI,WAS,0,0,0,0,0,0,0,0,0,0,0,0,,,0,,0,0,0,0,0,0,0,0,0,0,,0,0,0,0,0,4,6,29,0,0,0,43,18,2,-0.405443711031694,0,1,1,1,0,0.674418604651163,0.24,0.233695652173913,0.523586956521739,0,0,0,0,0,0,0,0.0,0.0,0,0,0,0,0,0,0,0,0,0,0,0,0,0,0,0,0,0,0,0,0,0,0,0,0,0,0,0,,,0,0,0,0,0,0,0,0,0,0,0,0,,,,0,0,0,0,0,0,0,,0,0,0,0,0,0,0,,0,0,0,0,0,0,0,0,0,0,2.9,6.9,00-0036912,DeVonta Smith,16
00-0036912,D.Smith,DeVonta Smith,WR,WR,"https://static.www.nfl.com/image/upload/f_auto,q_auto/league/vj2fz8veorg1k5qthnjm",2024,14,REG,2024_14_CAR_PHI,PHI,CAR,0,0,0,0,0,0,0,0,0,0,0,0,,,0,,0,0,0,0,0,0,0,0,0,0,,0,0,0,0,0,4,6,37,1,0,0,37,18,2,3.15479867509566,0,1,1,1,0,1.0,0.315789473684211,0.284615384615385,0.672914979757085,0,0,0,0,0,0,0,0.0,0.0,0,0,0,0,0,0,0,0,0,0,0,0,0,0,0,0,0,0,0,0,0,0,0,0,0,0,0,0,,,0,0,0,0,0,0,0,0,0,0,0,0,,,,0,0,0,0,0,0,0,,0,0,0,0,0,0,0,,0,0,0,0,0,0,0,0,0,0,9.7,13.7,00-0036912,DeVonta Smith,16
00-0036912,D.Smith,DeVonta Smith,WR,WR,"https://static.www.nfl.com/image/upload/f_auto,q_auto/league/vj2fz8veorg1k5qthnjm",2024,15,REG,2024_15_PIT_PHI,PHI,PIT,0,0,0,0,0,0,0,0,0,0,0,0,,,0,,0,0,0,0,1,1,0,0,0,0,-0.474341305787675,0,0,0,0,0,11,12,109,1,0,0,68,49,6,8.56330062646885,0,4,3,3,0,1.60294117647059,0.387096774193548,0.314814814814815,0.801015531660693,0,0,0,0,0,0,0,0.0,0.0,0,0,0,0,0,0,0,0,0,0,0,0,0,1,10,0,0,0,0,0,0,0,0,0,0,0,0,0,,,0,0,0,0,0,0,0,0,0,0,0,0,,,,0,0,0,0,0,0,0,,0,0,0,0,0,0,0,,0,0,0,0,0,0,0,0,0,0,17.0,28.0,00-0036912,DeVonta Smith,16
00-0036912,D.Smith,DeVonta Smith,WR,WR,"https://static.www.nfl.com/image/upload/f_auto,q_auto/league/vj2fz8veorg1k5qthnjm",2024,16,REG,2024_16_PHI_WAS,PHI,WAS,0,0,0,0,0,0,0,0,0,0,0,0,,,0,,0,0,0,0,0,0,0,0,0,0,,0,0,0,0,0,6,8,51,0,0,0,46,9,5,5.95094648692343,0,3,0,0,0,1.10869565217391,0.32,0.202643171806167,0.621850220264317,0,0,0,0,0,0,0,0.0,0.0,0,0,0,0,0,0,0,0,0,0,0,0,0,0,0,0,0,0,0,0,0,0,0,0,0,0,0,0,,,0,0,0,0,0,0,0,0,0,0,0,0,,,,0,0,0,0,0,0,0,,0,0,0,0,0,0,0,,0,0,0,0,0,0,0,0,0,0,5.1,11.1,00-0036912,DeVonta Smith,16
00-0036912,D.Smith,DeVonta Smith,WR,WR,"https://static.www.nfl.com/image/upload/f_auto,q_auto/league/vj2fz8veorg1k5qthnjm",2024,17,REG,2024_17_DAL_PHI,PHI,DAL,0,0,0,0,0,0,0,0,0,0,0,0,,,0,,0,0,0,0,0,0,0,0,0,0,,0,0,0,0,0,6,7,120,2,0,0,81,37,4,12.5197654565597,0,4,3,3,1,1.48148148148148,0.388888888888889,0.419689119170984,0.877115716753023,0,0,0,0,0,0,0,0.0,0.0,0,0,0,0,0,0,0,0,0,0,0,0,0,0,0,0,0,0,0,0,0,0,0,0,0,0,0,0,,,0,0,0,0,0,0,0,0,0,0,0,0,,,,0,0,0,0,0,0,0,,0,0,0,0,0,0,0,,0,0,0,0,0,0,0,0,0,0,24.0,30.0,00-0036912,DeVonta Smith,16
00-0036912,D.Smith,DeVonta Smith,WR,WR,"https://static.www.nfl.com/image/upload/f_auto,q_auto/league/vj2fz8veorg1k5qthnjm",2024,19,POST,2024_19_GB_PHI,PHI,GB,0,0,0,0,0,0,0,0,0,0,0,0,,,0,,0,0,0,0,0,0,0,0,0,0,,0,0,0,0,0,4,4,55,0,0,0,36,19,2,4.51456184283597,0,2,1,1,0,1.52777777777778,0.222222222222222,0.264705882352941,0.518627450980392,0,0,0,0,0,0,0,0.0,0.0,0,0,0,0,0,0,0,0,0,0,0,0,0,2,15,0,0,0,0,0,0,0,0,0,0,0,0,0,,,0,0,0,0,0,0,0,0,0,0,0,0,,,,0,0,0,0,0,0,0,,0,0,0,0,0,0,0,,0,0,0,0,0,0,0,0,0,0,5.5,9.5,00-0036912,DeVonta Smith,16
00-0036912,D.Smith,DeVonta Smith,WR,WR,"https://static.www.nfl.com/image/upload/f_auto,q_auto/league/vj2fz8veorg1k5qthnjm",2024,20,POST,2024_20_LA_PHI,PHI,LA,0,0,0,0,0,0,0,0,0,0,0,0,,,0,,0,0,0,0,0,0,0,0,0,0,,0,0,0,0,0,4,4,21,0,0,0,9,12,0,0.298724917287473,0,0,0,0,0,2.33333333333333,0.2,0.0697674418604651,0.348837209302326,0,0,0,0,0,0,0,0.0,0.0,0,0,0,0,0,0,0,0,0,0,0,0,0,0,0,0,0,0,0,0,0,0,0,0,0,0,0,0,,,0,0,0,0,0,0,0,0,0,0,0,0,,,,0,0,0,0,0,0,0,,0,0,0,0,0,0,0,,0,0,0,0,0,0,0,0,0,0,2.1,6.1,00-0036912,DeVonta Smith,16
00-0036912,D.Smith,DeVonta Smith,WR,WR,"https://static.www.nfl.com/image/upload/f_auto,q_auto/league/vj2fz8veorg1k5qthnjm",2024,21,POST,2024_21_WAS_PHI,PHI,WAS,0,0,0,0,0,0,0,0,0,0,0,0,,,0,,0,0,0,0,0,0,0,0,0,0,,0,0,0,0,0,4,4,45,0,0,0,14,31,2,4.05524468241492,0,2,1,1,0,3.21428571428571,0.166666666666667,0.0869565217391304,0.310869565217391,0,0,0,0,0,0,0,0.0,0.0,0,0,0,0,0,0,0,0,0,0,0,0,0,0,0,0,0,0,0,0,0,0,0,0,0,0,0,0,,,0,0,0,0,0,0,0,0,0,0,0,0,,,,0,0,0,0,0,0,0,,0,0,0,0,0,0,0,,0,0,0,0,0,0,0,0,0,0,4.5,8.5,00-0036912,DeVonta Smith,16
00-0036912,D.Smith,DeVonta Smith,WR,WR,"https://static.www.nfl.com/image/upload/f_auto,q_auto/league/vj2fz8veorg1k5qthnjm",2024,22,POST,2024_22_KC_PHI,PHI,KC,0,0,0,0,0,0,0,0,0,0,0,0,,,0,,0,0,0,0,0,0,0,0,0,0,,0,0,0,0,0,4,5,69,1,0,0,72,3,3,6.31135768175591,0,1,1,1,1,0.958333333333333,0.217391304347826,0.365482233502538,0.581924519973516,0,0,0,0,0,0,0,0.0,0.0,0,0,0,0,0,0,0,0,0,0,0,0,0,0,0,0,0,0,0,0,0,0,0,0,0,0,0,0,,,0,0,0,0,0,0,0,0,0,0,0,0,,,,0,0,0,0,0,0,0,,0,0,0,0,0,0,0,,0,0,0,0,0,0,0,0,0,0,12.9,16.9,00-0036912,DeVonta Smith,16
00-0036912,D.Smith,DeVonta Smith,WR,WR,"https://static.www.nfl.com/image/upload/f_auto,q_auto/league/vj2fz8veorg1k5qthnjm",2025,1,REG,2025_01_DAL_PHI,PHI,DAL,0,0,0,0,0,0,0,0,0,0,0,0,,,0,,0,0,0,0,0,0,0,0,0,0,,0,0,0,0,0,3,3,16,0,0,0,4,12,1,0.660503800027072,0,0,0,0,0,4.0,0.15,0.0357142857142857,0.25,0,0,0,0,0,0,0,0.0,0.0,0,0,0,0,0,0,0,0,0,0,0,0,0,0,0,0,0,0,0,0,0,0,0,0,0,0,0,0,,,0,0,0,0,0,0,0,0,0,0,0,0,,,,0,0,0,0,0,0,0,,0,0,0,0,0,0,0,,0,0,0,0,0,0,0,0,0,0,1.6,4.6,00-0036912,DeVonta Smith,16
00-0036912,D.Smith,DeVonta Smith,WR,WR,"https://static.www.nfl.com/image/upload/f_auto,q_auto/league/vj2fz8veorg1k5qthnjm",2025,2,REG,2025_02_PHI_KC,PHI,KC,0,0,0,0,0,0,0,0,0,0,0,0,,,0,,0,0,0,0,0,0,0,0,0,0,,0,0,0,0,0,4,6,53,0,0,0,104,19,2,2.54590283492471,0,2,1,1,0,0.509615384615385,0.285714285714286,0.622754491017964,0.864499572284004,0,0,0,0,0,0,0,0.0,0.0,0,0,0,0,0,0,0,0,0,0,0,0,0,0,0,0,0,0,0,0,0,0,0,0,0,0,0,0,,,0,0,0,0,0,0,0,0,0,0,0,0,,,,0,0,0,0,0,0,0,,0,0,0,0,0,0,0,,0,0,0,0,0,0,0,0,0,0,5.3,9.3,00-0036912,DeVonta Smith,16
00-0036912,D.Smith,DeVonta Smith,WR,WR,"https://static.www.nfl.com/image/upload/f_auto,q_auto/league/vj2fz8veorg1k5qthnjm",2025,3,REG,2025_03_LA_PHI,PHI,LA,0,0,0,0,0,0,0,0,0,0,0,0,,,0,,0,0,0,0,0,0,0,0,0,0,,0,0,0,0,0,8,9,60,1,0,0,68,6,3,6.98105330822011,0,3,1,0,0,0.882352941176471,0.3,0.248175182481752,0.623722627737226,0,0,0,0,0,0,0,0.0,0.0,0,0,0,0,0,0,0,0,0,0,0,0,0,0,0,0,0,0,0,0,0,0,0,0,0,0,0,0,,,0,0,0,0,0,0,0,0,0,0,0,0,,,,0,0,0,0,0,0,0,,0,0,0,0,0,0,0,,0,0,0,0,0,0,0,0,0,0,12.0,20.0,00-0036912,DeVonta Smith,16
00-0036912,D.Smith,DeVonta Smith,WR,WR,"https://static.www.nfl.com/image/upload/f_auto,q_auto/league/vj2fz8veorg1k5qthnjm",2025,4,REG,2025_04_PHI_TB,PHI,TB,0,0,0,0,0,0,0,0,0,0,0,0,,,0,,0,0,0,0,0,0,0,0,0,0,,0,0,0,0,0,2,2,29,0,0,0,22,7,2,4.46083555172663,0,1,1,1,0,1.31818181818182,0.0833333333333333,0.131736526946108,0.217215568862275,0,0,0,0,0,0,0,0.0,0.0,0,0,0,0,0,0,0,0,0,0,0,0,0,0,0,0,0,0,0,0,0,0,0,0,0,0,0,0,,,0,0,0,0,0,0,0,0,0,0,0,0,,,,0,0,0,0,0,0,0,,0,0,0,0,0,0,0,,0,0,0,0,0,0,0,0,0,0,2.9,4.9,00-0036912,DeVonta Smith,16
00-0036912,D.Smith,DeVonta Smith,WR,WR,"https://static.www.nfl.com/image/upload/f_auto,q_auto/league/vj2fz8veorg1k5qthnjm",2025,5,REG,2025_05_DEN_PHI,PHI,DEN,0,0,0,0,0,0,0,0,0,0,0,0,,,0,,0,0,0,0,0,0,0,0,0,0,,0,0,0,0,0,8,10,114,0,0,0,88,40,3,6.41953983799443,0,3,2,2,1,1.29545454545455,0.27027027027027,0.211538461538462,0.553482328482328,0,0,0,0,0,0,0,0.0,0.0,0,0,0,0,0,0,0,0,0,0,0,0,0,1,5,0,0,0,0,0,0,0,0,0,0,0,0,0,,,0,0,0,0,0,0,0,0,0,0,0,0,,,,0,0,0,0,0,0,0,,0,0,0,0,0,0,0,,0,0,0,0,0,0,0,0,0,0,11.4,19.4,00-0036912,DeVonta Smith,16
00-0036912,D.Smith,DeVonta Smith,WR,WR,"https://static.www.nfl.com/image/upload/f_auto,q_auto/league/vj2fz8veorg1k5qthnjm",2025,6,REG,2025_06_PHI_NYG,PHI,NYG,0,0,0,0,0,0,0,0,0,0,0,0,,,0,,0,0,0,0,0,0,0,0,0,0,,0,0,0,0,0,4,5,49,0,0,0,57,31,4,5.92909332807176,0,2,2,0,0,0.859649122807018,0.15625,0.180379746835443,0.36064082278481,0,0,0,0,0,0,0,0.0,0.0,0,0,0,0,0,0,0,0,0,0,0,0,0,0,0,0,0,0,0,0,0,0,0,0,0,0,0,0,,,0,0,0,0,0,0,0,0,0,0,0,0,,,,0,0,0,0,0,0,0,,0,0,0,0,0,0,0,,0,0,0,0,0,0,0,0,0,0,4.9,8.9,00-0036912,DeVonta Smith,16
00-0036912,D.Smith,DeVonta Smith,WR,WR,"https://static.www.nfl.com/image/upload/f_auto,q_auto/league/vj2fz8veorg1k5qthnjm",2025,7,REG,2025_07_PHI_MIN,PHI,MIN,0,0,0,0,0,0,0,0,0,0,0,0,,,0,,0,0,0,0,0,0,0,0,0,0,,0,0,0,0,0,9,11,183,1,0,0,173,42,5,10.2222848801757,0,5,5,3,1,1.05780346820809,0.478260869565217,0.609154929577465,1.14379975505205,0,0,0,0,0,0,0,0.0,0.0,0,0,0,0,0,0,0,0,0,0,0,0,0,0,0,0,0,0,0,0,0,0,0,0,0,0,0,0,,,0,0,0,0,0,0,0,0,0,0,0,0,,,,0,0,0,0,0,0,0,,0,0,0,0,0,0,0,,0,0,0,0,0,0,0,0,0,0,24.3,33.3,00-0036912,DeVonta Smith,16
00-0036912,D.Smith,DeVonta Smith,WR,WR,"https://static.www.nfl.com/image/upload/f_auto,q_auto/league/vj2fz8veorg1k5qthnjm",2025,8,REG,2025_08_NYG_PHI,PHI,NYG,0,0,0,0,0,0,0,0,0,0,0,0,,,0,,0,0,0,0,0,0,0,0,0,0,,0,0,0,0,0,6,9,84,0,0,0,107,22,5,3.76423751211928,0,5,1,1,0,0.785046728971963,0.45,0.727891156462585,1.18452380952381,0,0,0,0,0,0,0,0.0,0.0,0,0,0,0,0,0,0,0,0,0,0,0,0,0,0,0,0,0,0,0,0,0,0,0,0,0,0,0,,,0,0,0,0,0,0,0,0,0,0,0,0,,,,0,0,0,0,0,0,0,,0,0,0,0,0,0,0,,0,0,0,0,0,0,0,0,0,0,8.4,14.4,00-0036912,DeVonta Smith,16
00-0036912,D.Smith,DeVonta Smith,WR,WR,"https://static.www.nfl.com/image/upload/f_auto,q_auto/league/vj2fz8veorg1k5qthnjm",2025,10,REG,2025_10_PHI_GB,PHI,GB,0,0,0,0,0,0,0,0,0,0,0,0,,,0,,0,0,0,0,0,0,0,0,0,0,,0,0,0,0,0,4,7,69,1,0,0,88,13,3,5.11827850932605,0,2,2,1,0,0.784090909090909,0.304347826086957,0.384279475982533,0.725517372318208,0,0,0,0,0,0,0,0.0,0.0,0,0,0,0,0,0,0,0,0,0,0,0,0,0,0,0,0,0,0,0,0,0,0,0,0,0,0,0,,,0,0,0,0,0,0,0,0,0,0,0,0,,,,0,0,0,0,0,0,0,,0,0,0,0,0,0,0,,0,0,0,0,0,0,0,0,0,0,12.9,16.9,00-0036912,DeVonta Smith,16
00-0036912,D.Smith,DeVonta Smith,WR,WR,"https://static.www.nfl.com/image/upload/f_auto,q_auto/league/vj2fz8veorg1k5qthnjm",2025,11,REG,2025_11_DET_PHI,PHI,DET,0,0,0,0,0,0,0,0,0,0,0,0,,,0,,0,0,0,0,0,0,0,0,0,0,,0,0,0,0,0,1,5,8,0,0,0,88,1,0,-4.00487256702036,0,0,0,0,0,0.0909090909090909,0.185185185185185,0.243093922651934,0.447943523634131,0,0,0,0,0,0,0,0.0,0.0,0,0,0,0,0,0,0,0,0,0,0,0,0,0,0,0,0,0,0,0,0,0,0,0,0,0,0,0,,,0,0,0,0,0,0,0,0,0,0,0,0,,,,0,0,0,0,0,0,0,,0,0,0,0,0,0,0,,0,0,0,0,0,0,0,0,0,0,0.8,1.8,00-0036912,DeVonta Smith,16
00-0036912,D.Smith,DeVonta Smith,WR,WR,"https://static.www.nfl.com/image/upload/f_auto,q_auto/league/vj2fz8veorg1k5qthnjm",2025,12,REG,2025_12_PHI_DAL,PHI,DAL,0,0,0,0,0,0,0,0,0,0,0,0,,,0,,0,0,0,0,0,0,0,0,0,0,,0,0,0,0,0,6,11,89,0,0,0,169,18,4,4.28861898725154,0,4,2,1,1,0.526627218934911,0.305555555555556,0.57679180887372,0.862087599544937,0,0,0,0,0,0,0,0.0,0.0,0,0,0,0,0,0,0,0,0,0,0,0,0,1,10,0,0,0,0,0,0,0,0,0,0,0,0,0,,,0,0,0,0,0,0,0,0,0,0,0,0,,,,0,0,0,0,0,0,0,,0,0,0,0,0,0,0,,0,0,0,0,0,0,0,0,0,0,8.9,14.9,00-0036912,DeVonta Smith,16
00-0036912,D.Smith,DeVonta Smith,WR,WR,"https://static.www.nfl.com/image/upload/f_auto,q_auto/league/vj2fz8veorg1k5qthnjm",2025,13,REG,2025_13_CHI_PHI,PHI,CHI,0,0,0,0,0,0,0,0,0,0,0,0,,,0,,0,0,0,0,0,0,0,0,0,0,,0,0,0,0,0,5,8,48,0,0,0,72,19,2,2.61729694796154,0,2,1,1,0,0.666666666666667,0.266666666666667,0.215568862275449,0.550898203592814,0,0,0,0,0,0,0,0.0,0.0,0,0,0,0,0,0,0,0,0,0,0,0,0,0,0,0,0,0,0,0,0,0,0,0,0,0,0,0,,,0,0,0,0,0,0,0,0,0,0,0,0,,,,0,0,0,0,0,0,0,,0,0,0,0,0,0,0,,0,0,0,0,0,0,0,0,0,0,4.8,9.8,00-0036912,DeVonta Smith,16
00-0036912,D.Smith,DeVonta Smith,WR,WR,"https://static.www.nfl.com/image/upload/f_auto,q_auto/league/vj2fz8veorg1k5qthnjm",2025,14,REG,2025_14_PHI_LAC,PHI,LAC,0,0,0,0,0,0,0,0,0,0,0,0,,,0,,0,0,0,0,0,0,0,0,0,0,,0,0,0,0,0,4,8,37,0,0,0,69,22,1,-4.67746124220864,0,1,1,1,0,0.536231884057971,0.210526315789474,0.169117647058824,0.434171826625387,0,0,0,0,0,0,0,0.0,0.0,0,0,0,0,0,0,0,0,0,0,0,0,0,0,0,0,0,0,0,0,0,0,0,0,0,0,0,0,,,0,0,0,0,0,0,0,0,0,0,0,0,,,,0,0,0,0,0,0,0,,0,0,0,0,0,0,0,,0,0,0,0,0,0,0,0,0,0,3.7,7.7,00-0036912,DeVonta Smith,16
00-0036912,D.Smith,DeVonta Smith,WR,WR,"https://static.www.nfl.com/image/upload/f_auto,q_auto/league/vj2fz8veorg1k5qthnjm",2025,15,REG,2025_15_LV_PHI,PHI,LV,0,0,0,0,0,0,0,0,0,0,0,0,,,0,,0,0,0,0,0,0,0,0,0,0,,0,0,0,0,0,2,2,50,0,0,0,43,7,2,4.67928528110497,0,1,1,1,1,1.16279069767442,0.111111111111111,0.325757575757576,0.39469696969697,0,0,0,0,0,0,0,0.0,0.0,0,0,0,0,0,0,0,0,0,0,0,0,0,0,0,0,0,0,0,0,0,0,0,0,0,0,0,0,,,0,0,0,0,0,0,0,0,0,0,0,0,,,,0,0,0,0,0,0,0,,0,0,0,0,0,0,0,,0,0,0,0,0,0,0,0,0,0,5.0,7.0,00-0036912,DeVonta Smith,16
00-0036912,D.Smith,DeVonta Smith,WR,WR,"https://static.www.nfl.com/image/upload/f_auto,q_auto/league/vj2fz8veorg1k5qthnjm",2025,16,REG,2025_16_PHI_WAS,PHI,WAS,0,0,0,0,0,0,0,0,0,0,0,0,,,0,,0,0,0,0,0,0,0,0,0,0,,0,0,0,0,0,6,8,42,1,0,0,65,17,3,3.68250986939216,0,1,1,0,0,0.646153846153846,0.275862068965517,0.323383084577114,0.640161262652256,0,0,0,0,0,0,0,0.0,0.0,0,0,0,0,0,0,0,0,0,0,0,0,0,0,0,0,0,0,0,0,0,0,0,0,0,0,0,0,,,0,0,0,0,0,0,0,0,0,0,0,0,,,,0,0,0,0,0,0,0,,0,0,0,0,0,0,0,,0,0,0,0,0,0,0,0,0,0,10.2,16.2,00-0036912,DeVonta Smith,16
00-0036912,D.Smith,DeVonta Smith,WR,WR,"https://static.www.nfl.com/image/upload/f_auto,q_auto/league/vj2fz8veorg1k5qthnjm",2025,17,REG,2025_17_PHI_BUF,PHI,BUF,0,0,0,0,0,0,0,0,0,0,0,0,,,0,,0,0,0,0,0,0,0,0,0,0,,0,0,0,0,0,2,5,25,0,0,0,76,12,2,0.0132787620532326,0,2,0,0,0,0.328947368421053,0.227272727272727,0.294573643410853,0.547110641296688,0,0,0,0,0,0,0,0.0,0.0,0,0,0,0,0,0,0,0,0,0,0,0,0,0,0,0,0,0,0,0,0,0,0,0,0,0,0,0,,,0,0,0,0,0,0,0,0,0,0,0,0,,,,0,0,0,0,0,0,0,,0,0,0,0,0,0,0,,0,0,0,0,0,0,0,0,0,0,2.5,4.5,00-0036912,DeVonta Smith,16
00-0036912,D.Smith,DeVonta Smith,WR,WR,"https://static.www.nfl.com/image/upload/f_auto,q_auto/league/vj2fz8veorg1k5qthnjm",2025,18,REG,2025_18_WAS_PHI,PHI,WAS,0,0,0,0,0,0,0,0,0,0,0,0,,,0,,0,0,0,0,0,0,0,0,0,0,,0,0,0,0,0,3,4,52,0,0,0,62,5,2,1.66915652051102,0,2,2,1,0,0.838709677419355,0.117647058823529,0.161879895561358,0.289786515128244,0,0,0,0,0,0,0,0.0,0.0,0,0,0,0,0,0,0,0,0,0,0,0,0,0,0,0,0,0,0,0,0,0,0,0,0,0,0,0,,,0,0,0,0,0,0,0,0,0,0,0,0,,,,0,0,0,0,0,0,0,,0,0,0,0,0,0,0,,0,0,0,0,0,0,0,0,0,0,5.2,8.2,00-0036912,DeVonta Smith,16
00-0036912,D.Smith,DeVonta Smith,WR,WR,"https://static.www.nfl.com/image/upload/f_auto,q_auto/league/vj2fz8veorg1k5qthnjm",2025,19,POST,2025_19_SF_PHI,PHI,SF,0,0,0,0,0,0,0,0,0,0,0,0,,,0,,0,0,0,0,0,0,0,0,0,0,,0,0,0,0,0,8,11,70,0,0,0,38,50,2,-0.690084903792013,0,4,0,0,0,1.84210526315789,0.323529411764706,0.121405750798722,0.570278143206164,0,0,0,0,0,0,0,0.0,0.0,0,0,0,0,0,0,0,0,0,0,0,0,0,0,0,0,0,0,0,0,0,0,0,0,0,0,0,0,,,0,0,0,0,0,0,0,0,0,0,0,0,,,,0,0,0,0,0,0,0,,0,0,0,0,0,0,0,,0,0,0,0,0,0,0,0,0,0,7.0,15.0,00-0036912,DeVonta Smith,16
